Proyecto,Nombre Proyecto,Clase Proyecto,Tipo Proyecto,Estado Proyecto,Presupuesto Fijo,Propietario,Sucursal,Sucursal Nombre,MacroProyecto,MacroProyecto Descripcion,Centro Costo,Centro Costo Descripcion,VIS,Sucursal Administrativa,Clase Contrato,No. Contrato,Descripcion,Formas de pago,Fecha de creacion,Usuario de creacion,Fecha Inicio,Fecha Fin,Cantidad Inicial,Cantidad,Valor Unitario,Valor Iva,Valor Total,Valor Contrato Sin IVA,Valor Contrato,Numero De Grupo,Valor Detalle,Valor Detalle Unitario,Descripcion Estado,Tipo Codigo,Tipo Descripcion contrato,Nombre Tercero,Nit Tercero,Contacto,Email,Direccion Tercero,Telefono,Tipo Tercero,Plazo de pago tercero,Ciudad Tercero,CIIU Cod,CIIU,Estado tercero,Especialidad,Categoria Tercero,Grupo Tercero,Calificacion,Cargo Contacto Tercero,Naturaleza,Insumo Descripcion,Agrupacion,Agrupacion Descripcion,Tipo,Tipo Descripcion,Unidad,Descripcion Unidad,Estado,Requiere Equipo,Dias Reposicion,SubAnalisis,Devolutivo,Stock Maximo,Stock Minimo,Valor Unitario Inusmo,Porcentaje IVA,Valor Neto Insumo,Codigo Insumo Id,Item No,SubCapitulo,Item Descripcion,Cantidad Item,Valor Sin IVA,Precio Venta,Codigo Cliente,Unidad Medida,Metro cuadrado,Aplica En Contratos,Aplica En Almacen,Bloqueo De Contratos Por Cantidad,Bloqueo De Contratos Por Valor,Bloqueo De Salidas Por Cantidad,Bloqueo De Salidas Por Valor,Clase Item
337,PDA LOCATIVAS,10 OBRAS EJECUCION DE GARANTIAS,ADPRO,En ejecucion,SI,SIN PROPIETARIO,337,PDA LOCATIVAS,25.0,PDA GENERALES NO ASIGNADOS,5032010,PDA GG NO ASIGNADOS,NO,Principal,GRUPOS,3370033,"CAMBIO ALEROS CUBIERTA CASAS PAREADAS BARU - 3-4, 9-10, 7,12,21,24,34,37,35,38",ACTAS DE OBRA,2013-12-20,RENE ALEJANDRO MELO JIMENEZ,20/12/2013,30/01/2014,9.0,9.0,645085.0662,4914.9338,5850000.0,5805765.5955,5850000.0,1,650000.0,650000.0,Abierto,B3,Civil Todo Costo,PINTUDRAY SAS,900720160,,carmensoler980@hotmail.com,TV 76 A  46  30,3208559390,A,60,BOGOTÁ D.C.,4330.0,Terminación y acabado de edificios y obras de ingeniería civil.,Activo,,,,,,J,Cieloraso Dry Wall (Inc Dilatacion),311.0,Actividades Obra,C,Subcontratos,m2,metro cuadrado,ACTIVO,NO,0.0,NO,NO,0.0,0.0,31226.9,19.0,37160.011,888.0,14001,PDA,Cielo raso Drywall Pareada PDA  Barú,0.0,0.0,0,,m2,0,SI,SI,NO,NO,SI,NO,
174,PDA PRELIMINARES,05 OBRAS PRELIMINARES,ADPRO,En ejecucion,SI,SIN PROPIETARIO,174,PDA PRELIMINARES,25.0,PDA GENERALES NO ASIGNADOS,5032010,PDA GG NO ASIGNADOS,NO,Principal,GRUPOS,1740206,TRASLADO DE RED MEDIA TENSION IGUAQUE,Actas de Obra Quincenales,2013-10-22,RENE ALEJANDRO MELO JIMENEZ,22/10/2013,30/12/2013,2.0,2.0,89600.0,512.0,180224.0,4300800.0,4325376.0,2,90112.0,90112.0,Abierto,B,Civil Mano de Obra,INSTALACIONES ELECTRICAS HCR SAS,900151513,,hcr900@gmail.com,CL 2  17  93 OF 243,8934459,A,60,MOSQUERA,4321.0,Instalaciones eléctricas.,Activo,,,,,,J,Obras Provisionales,311.0,Actividades Obra,M,Materiales,Un,unidad,ACTIVO,NO,3.0,NO,NO,0.0,0.0,10000.0,0.0,10000.0,4001.0,3001,PRELIMINARES,Obras Provisionales Energia Sector E,1.013,386933187.917,0,,Sg,0,SI,SI,NO,NO,SI,NO,
174,PDA PRELIMINARES,05 OBRAS PRELIMINARES,ADPRO,En ejecucion,SI,SIN PROPIETARIO,174,PDA PRELIMINARES,25.0,PDA GENERALES NO ASIGNADOS,5032010,PDA GG NO ASIGNADOS,NO,Principal,GRUPOS,1740206,TRASLADO DE RED MEDIA TENSION IGUAQUE,Actas de Obra Quincenales,2013-10-22,RENE ALEJANDRO MELO JIMENEZ,22/10/2013,30/12/2013,80.0,80.0,6720.0,38.4,540672.0,4300800.0,4325376.0,3,6758.4,6758.4,Abierto,B,Civil Mano de Obra,INSTALACIONES ELECTRICAS HCR SAS,900151513,,hcr900@gmail.com,CL 2  17  93 OF 243,8934459,A,60,MOSQUERA,4321.0,Instalaciones eléctricas.,Activo,,,,,,J,Obras Provisionales,311.0,Actividades Obra,M,Materiales,Un,unidad,ACTIVO,NO,3.0,NO,NO,0.0,0.0,10000.0,0.0,10000.0,4001.0,3001,PRELIMINARES,Obras Provisionales Energia Sector E,1.013,386933187.917,0,,Sg,0,SI,SI,NO,NO,SI,NO,
174,PDA PRELIMINARES,05 OBRAS PRELIMINARES,ADPRO,En ejecucion,SI,SIN PROPIETARIO,174,PDA PRELIMINARES,25.0,PDA GENERALES NO ASIGNADOS,5032010,PDA GG NO ASIGNADOS,NO,Principal,GRUPOS,1740206,TRASLADO DE RED MEDIA TENSION IGUAQUE,Actas de Obra Quincenales,2013-10-22,RENE ALEJANDRO MELO JIMENEZ,22/10/2013,30/12/2013,2.0,2.0,672000.0,3840.0,1351680.0,4300800.0,4325376.0,1,675840.0,675840.0,Abierto,B,Civil Mano de Obra,INSTALACIONES ELECTRICAS HCR SAS,900151513,,hcr900@gmail.com,CL 2  17  93 OF 243,8934459,A,60,MOSQUERA,4321.0,Instalaciones eléctricas.,Activo,,,,,,J,Obras Provisionales,311.0,Actividades Obra,M,Materiales,Un,unidad,ACTIVO,NO,3.0,NO,NO,0.0,0.0,10000.0,0.0,10000.0,4001.0,3001,PRELIMINARES,Obras Provisionales Energia Sector E,1.013,386933187.917,0,,Sg,0,SI,SI,NO,NO,SI,NO,
174,PDA PRELIMINARES,05 OBRAS PRELIMINARES,ADPRO,En ejecucion,SI,SIN PROPIETARIO,174,PDA PRELIMINARES,25.0,PDA GENERALES NO ASIGNADOS,5032010,PDA GG NO ASIGNADOS,NO,Principal,GRUPOS,1740206,TRASLADO DE RED MEDIA TENSION IGUAQUE,Actas de Obra Quincenales,2013-10-22,RENE ALEJANDRO MELO JIMENEZ,22/10/2013,30/12/2013,1.0,1.0,2240000.0,12800.0,2252800.0,4300800.0,4325376.0,4,2252800.0,2252800.0,Abierto,B,Civil Mano de Obra,INSTALACIONES ELECTRICAS HCR SAS,900151513,,hcr900@gmail.com,CL 2  17  93 OF 243,8934459,A,60,MOSQUERA,4321.0,Instalaciones eléctricas.,Activo,,,,,,J,Obras Provisionales,311.0,Actividades Obra,M,Materiales,Un,unidad,ACTIVO,NO,3.0,NO,NO,0.0,0.0,10000.0,0.0,10000.0,4001.0,3001,PRELIMINARES,Obras Provisionales Energia Sector E,1.013,386933187.917,0,,Sg,0,SI,SI,NO,NO,SI,NO,
174,PDA PRELIMINARES,05 OBRAS PRELIMINARES,ADPRO,En ejecucion,SI,SIN PROPIETARIO,174,PDA PRELIMINARES,25.0,PDA GENERALES NO ASIGNADOS,5032010,PDA GG NO ASIGNADOS,NO,Principal,GRUPOS,1740203,INSTALACIONES HIDROSANITARIAS CAMPAMENTO Y CASINO GALERAS,Actas de Obra Quincenales,2013-10-18,RENE ALEJANDRO MELO JIMENEZ,18/10/2013,30/11/2013,42.0,42.0,3264.7538,16.91736,137830.1904,4034601.9737,4055508.5476,1,3281.6712,3281.6712,Abierto,B3,Civil Todo Costo,INSTALACIONES HIDRAULICAS SANITARIAS Y A GAS GP SAS,900714049,,gersan525@hotmail.com,CR 121 128 B  52 BL 162  AP 503,3134203541,A,0,BOGOTÁ D.C.,4322.0,"Instalaciones de fontanería, calefacción y aire acondicionado.",Activo,,,,,,J,Excavacion Zanjas Tuberia,311.0,Actividades Obra,C,Subcontratos,m3,metro cubico,ACTIVO,NO,0.0,NO,NO,0.0,0.0,3620.69,19.0,4308.6211,1510.0,2021,PRELIMINARES,Almacen Y Baños Etapa 4,1.0,25000000.0,0,,Sg,0,SI,SI,NO,NO,SI,NO,
174,PDA PRELIMINARES,05 OBRAS PRELIMINARES,ADPRO,En ejecucion,SI,SIN PROPIETARIO,174,PDA PRELIMINARES,25.0,PDA GENERALES NO ASIGNADOS,5032010,PDA GG NO ASIGNADOS,NO,Principal,GRUPOS,1740201,CONSTRUCCION CAMPAMENTO CASINO Y CUARTO DE CILINDROS GALERAS,Actas de Obra Quincenales,2013-10-18,RENE ALEJANDRO MELO JIMENEZ,18/10/2013,30/11/2013,180.0,180.0,1488.6578,11.3422,270000.0,10665369.0453,10746629.0,8,1500.0,1500.0,Abierto,B,Civil Mano de Obra,CONSTRUCCIONES Y ACABADOS GAC SAS,900719700,,greanto65@gmail.com,CR 110 A 132 C 07,6876684,A,0,BOGOTÁ D.C.,4111.0,Construcción de edificios residenciales.,Activo,,,,,,J,Cubierta Teja 1000,311.0,Actividades Obra,C,Subcontratos,m2,metro cuadrado,ACTIVO,NO,0.0,NO,NO,0.0,0.0,24137.93,19.0,28724.1367,3832.0,2021,PRELIMINARES,Almacen Y Baños Etapa 4,1.0,25000000.0,0,,Sg,0,SI,SI,NO,NO,SI,NO,
174,PDA PRELIMINARES,05 OBRAS PRELIMINARES,ADPRO,En ejecucion,SI,SIN PROPIETARIO,174,PDA PRELIMINARES,25.0,PDA GENERALES NO ASIGNADOS,5032010,PDA GG NO ASIGNADOS,NO,Principal,GRUPOS,1740201,CONSTRUCCION CAMPAMENTO CASINO Y CUARTO DE CILINDROS GALERAS,Actas de Obra Quincenales,2013-10-18,RENE ALEJANDRO MELO JIMENEZ,18/10/2013,30/11/2013,196.0,196.0,5954.6314,45.3686,1176000.0,10665369.0453,10746629.0,5,6000.0,6000.0,Abierto,B,Civil Mano de Obra,CONSTRUCCIONES Y ACABADOS GAC SAS,900719700,,greanto65@gmail.com,CR 110 A 132 C 07,6876684,A,0,BOGOTÁ D.C.,4111.0,Construcción de edificios residenciales.,Activo,,,,,,J,Pintura Vinilo Estuco / Primera Mano,330.0,Pinturas,C,Subcontratos,m2,metro cuadrado,ACTIVO,NO,0.0,NO,NO,0.0,0.0,4915.9664,19.0,5850.0,2170.0,2021,PRELIMINARES,Almacen Y Baños Etapa 4,1.0,25000000.0,0,,Sg,0,SI,SI,NO,NO,SI,NO,
174,PDA PRELIMINARES,05 OBRAS PRELIMINARES,ADPRO,En ejecucion,SI,SIN PROPIETARIO,174,PDA PRELIMINARES,25.0,PDA GENERALES NO ASIGNADOS,5032010,PDA GG NO ASIGNADOS,NO,Principal,GRUPOS,1740201,CONSTRUCCION CAMPAMENTO CASINO Y CUARTO DE CILINDROS GALERAS,Actas de Obra Quincenales,2013-10-18,RENE ALEJANDRO MELO JIMENEZ,18/10/2013,30/11/2013,275.0,275.0,8435.7278,64.2722,2337500.0,10665369.0453,10746629.0,11,8500.0,8500.0,Abierto,B,Civil Mano de Obra,CONSTRUCCIONES Y ACABADOS GAC SAS,900719700,,greanto65@gmail.com,CR 110 A 132 C 07,6876684,A,0,BOGOTÁ D.C.,4111.0,Construcción de edificios residenciales.,Activo,,,,,,J,MdO Anden Perimetral Concreto,346.0,Mano Obra Gris,O,MdeO Contratista,m,metro,ACTIVO,NO,0.0,NO,NO,0.0,0.0,10979.92,19.0,13066.1048,4433.0,2021,PRELIMINARES,Almacen Y Baños Etapa 4,1.0,25000000.0,0,,Sg,0,SI,SI,NO,NO,SI,NO,
174,PDA PRELIMINARES,05 OBRAS PRELIMINARES,ADPRO,En ejecucion,SI,SIN PROPIETARIO,174,PDA PRELIMINARES,25.0,PDA GENERALES NO ASIGNADOS,5032010,PDA GG NO ASIGNADOS,NO,Principal,GRUPOS,1740203,INSTALACIONES HIDROSANITARIAS CAMPAMENTO Y CASINO GALERAS,Actas de Obra Quincenales,2013-10-18,RENE ALEJANDRO MELO JIMENEZ,18/10/2013,30/11/2013,150.0,150.0,19164.1646,99.30522,2889520.47,4034601.9737,4055508.5476,2,19263.4698,19263.4698,Abierto,B3,Civil Todo Costo,INSTALACIONES HIDRAULICAS SANITARIAS Y A GAS GP SAS,900714049,,gersan525@hotmail.com,CR 121 128 B  52 BL 162  AP 503,3134203541,A,0,BOGOTÁ D.C.,4322.0,"Instalaciones de fontanería, calefacción y aire acondicionado.",Activo,,,,,,J,"Instalacion Tuberia Sanitaria 4""",344.0,Mano Obra Redes Urbanismo,O,MdeO Contratista,m,metro,ACTIVO,NO,3.0,NO,NO,0.0,0.0,9750.0,19.0,11602.5,5431.0,2021,PRELIMINARES,Almacen Y Baños Etapa 4,1.0,25000000.0,0,,Sg,0,SI,SI,NO,NO,SI,NO,
174,PDA PRELIMINARES,05 OBRAS PRELIMINARES,ADPRO,En ejecucion,SI,SIN PROPIETARIO,174,PDA PRELIMINARES,25.0,PDA GENERALES NO ASIGNADOS,5032010,PDA GG NO ASIGNADOS,NO,Principal,GRUPOS,1740201,CONSTRUCCION CAMPAMENTO CASINO Y CUARTO DE CILINDROS GALERAS,Actas de Obra Quincenales,2013-10-18,RENE ALEJANDRO MELO JIMENEZ,18/10/2013,30/11/2013,26.0,26.0,11413.0435,86.9565,299000.0,10665369.0453,10746629.0,4,11500.0,11500.0,Abierto,B,Civil Mano de Obra,CONSTRUCCIONES Y ACABADOS GAC SAS,900719700,,greanto65@gmail.com,CR 110 A 132 C 07,6876684,A,0,BOGOTÁ D.C.,4111.0,Construcción de edificios residenciales.,Activo,,,,,,J,MdO Enchape Ceramica,347.0,Mano Obra Blanca,O,MdeO Contratista,m2,metro cuadrado,ACTIVO,NO,0.0,NO,NO,0.0,0.0,11527.92,19.0,14232.0,4441.0,2021,PRELIMINARES,Almacen Y Baños Etapa 4,1.0,25000000.0,0,,Sg,0,SI,SI,NO,NO,SI,NO,
174,PDA PRELIMINARES,05 OBRAS PRELIMINARES,ADPRO,En ejecucion,SI,SIN PROPIETARIO,174,PDA PRELIMINARES,25.0,PDA GENERALES NO ASIGNADOS,5032010,PDA GG NO ASIGNADOS,NO,Principal,GRUPOS,1740201,CONSTRUCCION CAMPAMENTO CASINO Y CUARTO DE CILINDROS GALERAS,Actas de Obra Quincenales,2013-10-18,RENE ALEJANDRO MELO JIMENEZ,18/10/2013,30/11/2013,15.0,15.0,6196.7864,47.2136,93660.0,10665369.0453,10746629.0,2,6244.0,6244.0,Abierto,B,Civil Mano de Obra,CONSTRUCCIONES Y ACABADOS GAC SAS,900719700,,greanto65@gmail.com,CR 110 A 132 C 07,6876684,A,0,BOGOTÁ D.C.,4111.0,Construcción de edificios residenciales.,Activo,,,,,,J,MdO Pañete Proteccion,345.0,Mano Obra Obras Urbanismo,O,MdeO Contratista,m2,metro cuadrado,ACTIVO,NO,3.0,NO,NO,0.0,0.0,2271.48,19.0,2703.0612,4399.0,2021,PRELIMINARES,Almacen Y Baños Etapa 4,1.0,25000000.0,0,,Sg,0,SI,SI,NO,NO,SI,NO,
174,PDA PRELIMINARES,05 OBRAS PRELIMINARES,ADPRO,En ejecucion,SI,SIN PROPIETARIO,174,PDA PRELIMINARES,25.0,PDA GENERALES NO ASIGNADOS,5032010,PDA GG NO ASIGNADOS,NO,Principal,GRUPOS,1740201,CONSTRUCCION CAMPAMENTO CASINO Y CUARTO DE CILINDROS GALERAS,Actas de Obra Quincenales,2013-10-18,RENE ALEJANDRO MELO JIMENEZ,18/10/2013,30/11/2013,25.0,25.0,5954.6314,45.3686,150000.0,10665369.0453,10746629.0,13,6000.0,6000.0,Abierto,B,Civil Mano de Obra,CONSTRUCCIONES Y ACABADOS GAC SAS,900719700,,greanto65@gmail.com,CR 110 A 132 C 07,6876684,A,0,BOGOTÁ D.C.,4111.0,Construcción de edificios residenciales.,Activo,,,,,,J,Pintura Vinilo Estuco / Primera Mano,330.0,Pinturas,C,Subcontratos,m2,metro cuadrado,ACTIVO,NO,0.0,NO,NO,0.0,0.0,4915.9664,19.0,5850.0,2170.0,2021,PRELIMINARES,Almacen Y Baños Etapa 4,1.0,25000000.0,0,,Sg,0,SI,SI,NO,NO,SI,NO,
174,PDA PRELIMINARES,05 OBRAS PRELIMINARES,ADPRO,En ejecucion,SI,SIN PROPIETARIO,174,PDA PRELIMINARES,25.0,PDA GENERALES NO ASIGNADOS,5032010,PDA GG NO ASIGNADOS,NO,Principal,GRUPOS,1740201,CONSTRUCCION CAMPAMENTO CASINO Y CUARTO DE CILINDROS GALERAS,Actas de Obra Quincenales,2013-10-18,RENE ALEJANDRO MELO JIMENEZ,18/10/2013,30/11/2013,180.0,180.0,8435.7278,64.2722,1530000.0,10665369.0453,10746629.0,9,8500.0,8500.0,Abierto,B,Civil Mano de Obra,CONSTRUCCIONES Y ACABADOS GAC SAS,900719700,,greanto65@gmail.com,CR 110 A 132 C 07,6876684,A,0,BOGOTÁ D.C.,4111.0,Construcción de edificios residenciales.,Activo,,,,,,J,MdO Placa Contrapiso Concreto e=18cm,346.0,Mano Obra Gris,O,MdeO Contratista,m2,metro cuadrado,ACTIVO,NO,3.0,NO,NO,0.0,0.0,17758.62,19.0,21132.7578,5136.0,2021,PRELIMINARES,Almacen Y Baños Etapa 4,1.0,25000000.0,0,,Sg,0,SI,SI,NO,NO,SI,NO,
174,PDA PRELIMINARES,05 OBRAS PRELIMINARES,ADPRO,En ejecucion,SI,SIN PROPIETARIO,174,PDA PRELIMINARES,25.0,PDA GENERALES NO ASIGNADOS,5032010,PDA GG NO ASIGNADOS,NO,Principal,GRUPOS,1740201,CONSTRUCCION CAMPAMENTO CASINO Y CUARTO DE CILINDROS GALERAS,Actas de Obra Quincenales,2013-10-18,RENE ALEJANDRO MELO JIMENEZ,18/10/2013,30/11/2013,23.0,23.0,7155.482,54.518,165830.0,10665369.0453,10746629.0,3,7210.0,7210.0,Abierto,B,Civil Mano de Obra,CONSTRUCCIONES Y ACABADOS GAC SAS,900719700,,greanto65@gmail.com,CR 110 A 132 C 07,6876684,A,0,BOGOTÁ D.C.,4111.0,Construcción de edificios residenciales.,Activo,,,,,,J,MdO Alistado Impermeable pisos e=4cm,346.0,Mano Obra Gris,O,MdeO Contratista,m2,metro cuadrado,ACTIVO,NO,0.0,NO,NO,0.0,0.0,6950.59,19.0,8271.2021,4428.0,2021,PRELIMINARES,Almacen Y Baños Etapa 4,1.0,25000000.0,0,,Sg,0,SI,SI,NO,NO,SI,NO,
174,PDA PRELIMINARES,05 OBRAS PRELIMINARES,ADPRO,En ejecucion,SI,SIN PROPIETARIO,174,PDA PRELIMINARES,25.0,PDA GENERALES NO ASIGNADOS,5032010,PDA GG NO ASIGNADOS,NO,Principal,GRUPOS,1740201,CONSTRUCCION CAMPAMENTO CASINO Y CUARTO DE CILINDROS GALERAS,Actas de Obra Quincenales,2013-10-18,RENE ALEJANDRO MELO JIMENEZ,18/10/2013,30/11/2013,24.0,24.0,79395.0851,604.9149,1920000.0,10665369.0453,10746629.0,10,80000.0,80000.0,Abierto,B,Civil Mano de Obra,CONSTRUCCIONES Y ACABADOS GAC SAS,900719700,,greanto65@gmail.com,CR 110 A 132 C 07,6876684,A,0,BOGOTÁ D.C.,4111.0,Construcción de edificios residenciales.,Activo,,,,,,J,Cerramiento en Lamina,311.0,Actividades Obra,C,Subcontratos,m,metro,ACTIVO,NO,0.0,NO,NO,0.0,0.0,8620.69,19.0,10258.6211,4648.0,2021,PRELIMINARES,Almacen Y Baños Etapa 4,1.0,25000000.0,0,,Sg,0,SI,SI,NO,NO,SI,NO,
174,PDA PRELIMINARES,05 OBRAS PRELIMINARES,ADPRO,En ejecucion,SI,SIN PROPIETARIO,174,PDA PRELIMINARES,25.0,PDA GENERALES NO ASIGNADOS,5032010,PDA GG NO ASIGNADOS,NO,Principal,GRUPOS,1740201,CONSTRUCCION CAMPAMENTO CASINO Y CUARTO DE CILINDROS GALERAS,Actas de Obra Quincenales,2013-10-18,RENE ALEJANDRO MELO JIMENEZ,18/10/2013,30/11/2013,180.0,180.0,6947.0699,52.9301,1260000.0,10665369.0453,10746629.0,6,7000.0,7000.0,Abierto,B,Civil Mano de Obra,CONSTRUCCIONES Y ACABADOS GAC SAS,900719700,,greanto65@gmail.com,CR 110 A 132 C 07,6876684,A,0,BOGOTÁ D.C.,4111.0,Construcción de edificios residenciales.,Activo,,,,,,J,Cubierta Teja 1000,311.0,Actividades Obra,C,Subcontratos,m2,metro cuadrado,ACTIVO,NO,0.0,NO,NO,0.0,0.0,24137.93,19.0,28724.1367,3832.0,2021,PRELIMINARES,Almacen Y Baños Etapa 4,1.0,25000000.0,0,,Sg,0,SI,SI,NO,NO,SI,NO,
93,PDA INFRAESTRUCTURA,02 OBRAS URBANAS,ADPRO,En ejecucion,SI,SIN PROPIETARIO,93,PDA INFRAESTRUCTURA,37.0,PDA INFRAESTRUCTURA,5031015,PDA URBANISMO,NO,Principal,GRUPOS,930037,SUMINISTRO E INSTALACION SITEMA DE BOMBEO DE TUGSTENO Y CONDUCCION,"Anticipo 50%, saldo en actas de Obra",2013-01-28,RENE ALEJANDRO MELO JIMENEZ,04/02/2013,30/08/2013,1.0,1.0,57679865.9181,438366.98098,58118232.8991,57679865.9181,58118232.8991,1,58118232.8991,58118232.8991,Abierto,B3,Civil Todo Costo,VALREX SAS,860525156,,contabilidad@atica.co,CL 106  23  61 OF 504 505 506,3158630690,A,0,BOGOTÁ D.C.,2819.0,Fabricación de otros tipos de maquinaria y equipo de uso general n.c.p.,Activo,,,,,,J,Sistema de Bombeo PTAR,322.0,Equipos Dotación,C,Subcontratos,Un,unidad,ACTIVO,NO,0.0,NO,NO,0.0,0.0,258620689.66,19.0,307758620.6954,3992.0,1003,PLANTA TRATAMIENTO A. RESIDUALES,Planta Tratamiento Aguas Residuales,1.0,986650611.0,0,,Sg,0,SI,SI,NO,NO,SI,NO,
174,PDA PRELIMINARES,05 OBRAS PRELIMINARES,ADPRO,En ejecucion,SI,SIN PROPIETARIO,174,PDA PRELIMINARES,25.0,PDA GENERALES NO ASIGNADOS,5032010,PDA GG NO ASIGNADOS,NO,Principal,GRUPOS,1740203,INSTALACIONES HIDROSANITARIAS CAMPAMENTO Y CASINO GALERAS,Actas de Obra Quincenales,2013-10-18,RENE ALEJANDRO MELO JIMENEZ,18/10/2013,30/11/2013,1.0,1.0,253815.4417,1315.22547,255130.6672,4034601.9737,4055508.5476,4,255130.6672,255130.6672,Abierto,B3,Civil Todo Costo,INSTALACIONES HIDRAULICAS SANITARIAS Y A GAS GP SAS,900714049,,gersan525@hotmail.com,CR 121 128 B  52 BL 162  AP 503,3134203541,A,0,BOGOTÁ D.C.,4322.0,"Instalaciones de fontanería, calefacción y aire acondicionado.",Activo,,,,,,J,Caja de Inspeccion 60x60,334.0,Internas Hidrosanitarias,C,Subcontratos,Un,unidad,ACTIVO,NO,0.0,NO,NO,0.0,0.0,174038.79,19.0,207106.1601,646.0,2021,PRELIMINARES,Almacen Y Baños Etapa 4,1.0,25000000.0,0,,Sg,0,SI,SI,NO,NO,SI,NO,
93,PDA INFRAESTRUCTURA,02 OBRAS URBANAS,ADPRO,En ejecucion,SI,SIN PROPIETARIO,93,PDA INFRAESTRUCTURA,37.0,PDA INFRAESTRUCTURA,5031015,PDA URBANISMO,NO,Principal,GRUPOS,930036,CONSTRUCCION PONTON ETAPA 2,"Anticipo 30%, saldo en actas de obra quincenales",2013-01-21,RENE ALEJANDRO MELO JIMENEZ,28/01/2013,03/12/2013,140.0,140.0,12405.7762,90.2238,1749440.0,190539795.0943,191925539.05862,11,12496.0,12496.0,Abierto,B3,Civil Todo Costo,PAVIMENTOS Y CONSTRUCCIONES SANTAFE MENDEZ SIERRA & CIA S EN C,900029842,,paviconsantafe@etb.net.co,CR 35B 10A 71 SUR,2023401,P,0,BOGOTÁ D.C.,,,Activo,,,,,,J,Tubo Drenaje PVC Corrug Filtro d:100mm,335.0,Redes Enterradas Rejillas Sumideros,M,Materiales,m,metro,ACTIVO,NO,0.0,NO,NO,0.0,0.0,13000.0,19.0,15470.0,3189.0,1006,PONTONES,Pontones,3.0,600000000.0,0,,Sg,0,SI,SI,NO,NO,SI,NO,
93,PDA INFRAESTRUCTURA,02 OBRAS URBANAS,ADPRO,En ejecucion,SI,SIN PROPIETARIO,93,PDA INFRAESTRUCTURA,37.0,PDA INFRAESTRUCTURA,5031015,PDA URBANISMO,NO,Principal,GRUPOS,930036,CONSTRUCCION PONTON ETAPA 2,"Anticipo 30%, saldo en actas de obra quincenales",2013-01-21,RENE ALEJANDRO MELO JIMENEZ,28/01/2013,03/12/2013,30.87,30.87,479825.361,3489.639,14919934.05,190539795.0943,191925539.05862,16,483315.0,483315.0,Abierto,B3,Civil Todo Costo,PAVIMENTOS Y CONSTRUCCIONES SANTAFE MENDEZ SIERRA & CIA S EN C,900029842,,paviconsantafe@etb.net.co,CR 35B 10A 71 SUR,2023401,P,0,BOGOTÁ D.C.,,,Activo,,,,,,J,Mezcla Asfaltica Convencional MDC 2,329.0,Pavimentos,M,Materiales,m3,metro cubico,ACTIVO,NO,0.0,NO,NO,0.0,0.0,258393.1034,19.0,307487.793,1959.0,1006,PONTONES,Pontones,3.0,600000000.0,0,,Sg,0,SI,SI,NO,NO,SI,NO,
93,PDA INFRAESTRUCTURA,02 OBRAS URBANAS,ADPRO,En ejecucion,SI,SIN PROPIETARIO,93,PDA INFRAESTRUCTURA,37.0,PDA INFRAESTRUCTURA,5031015,PDA URBANISMO,NO,Principal,GRUPOS,930036,CONSTRUCCION PONTON ETAPA 2,"Anticipo 30%, saldo en actas de obra quincenales",2013-01-21,RENE ALEJANDRO MELO JIMENEZ,28/01/2013,03/12/2013,2.0,1.0,2236013.0866,16261.9134,2252275.0,190539795.0943,191925539.05862,31,2252275.0,2252275.0,Abierto,B3,Civil Todo Costo,PAVIMENTOS Y CONSTRUCCIONES SANTAFE MENDEZ SIERRA & CIA S EN C,900029842,,paviconsantafe@etb.net.co,CR 35B 10A 71 SUR,2023401,P,0,BOGOTÁ D.C.,,,Activo,,,,,,J,Construccion Dentellon,311.0,Actividades Obra,C,Subcontratos,sg,suma global,ACTIVO,NO,0.0,NO,NO,0.0,0.0,1733586.21,19.0,2062967.5899,4625.0,1006,PONTONES,Pontones,3.0,600000000.0,0,,Sg,0,SI,SI,NO,NO,SI,NO,
93,PDA INFRAESTRUCTURA,02 OBRAS URBANAS,ADPRO,En ejecucion,SI,SIN PROPIETARIO,93,PDA INFRAESTRUCTURA,37.0,PDA INFRAESTRUCTURA,5031015,PDA URBANISMO,NO,Principal,GRUPOS,930036,CONSTRUCCION PONTON ETAPA 2,"Anticipo 30%, saldo en actas de obra quincenales",2013-01-21,RENE ALEJANDRO MELO JIMENEZ,28/01/2013,03/12/2013,15.0,1.56,298335.2888,2169.7112,468787.8,190539795.0943,191925539.05862,35,300505.0,300505.0,Abierto,B3,Civil Todo Costo,PAVIMENTOS Y CONSTRUCCIONES SANTAFE MENDEZ SIERRA & CIA S EN C,900029842,,paviconsantafe@etb.net.co,CR 35B 10A 71 SUR,2023401,P,0,BOGOTÁ D.C.,,,Activo,,,,,,J,Concreto Grava Comun 3500,319.0,Concretos Morteros Agregados,M,Materiales,m3,metro cubico,ACTIVO,NO,0.0,NO,NO,0.0,0.0,274918.0,19.0,327152.42,1118.0,1006,PONTONES,Pontones,3.0,600000000.0,0,,Sg,0,SI,SI,NO,NO,SI,NO,
93,PDA INFRAESTRUCTURA,02 OBRAS URBANAS,ADPRO,En ejecucion,SI,SIN PROPIETARIO,93,PDA INFRAESTRUCTURA,37.0,PDA INFRAESTRUCTURA,5031015,PDA URBANISMO,NO,Principal,GRUPOS,930036,CONSTRUCCION PONTON ETAPA 2,"Anticipo 30%, saldo en actas de obra quincenales",2013-01-21,RENE ALEJANDRO MELO JIMENEZ,28/01/2013,03/12/2013,3.0,1.38,298335.2888,2169.7112,414696.9,190539795.0943,191925539.05862,36,300505.0,300505.0,Abierto,B3,Civil Todo Costo,PAVIMENTOS Y CONSTRUCCIONES SANTAFE MENDEZ SIERRA & CIA S EN C,900029842,,paviconsantafe@etb.net.co,CR 35B 10A 71 SUR,2023401,P,0,BOGOTÁ D.C.,,,Activo,,,,,,J,Concreto Grava Comun 3500,319.0,Concretos Morteros Agregados,M,Materiales,m3,metro cubico,ACTIVO,NO,0.0,NO,NO,0.0,0.0,274918.0,19.0,327152.42,1118.0,1006,PONTONES,Pontones,3.0,600000000.0,0,,Sg,0,SI,SI,NO,NO,SI,NO,
93,PDA INFRAESTRUCTURA,02 OBRAS URBANAS,ADPRO,En ejecucion,SI,SIN PROPIETARIO,93,PDA INFRAESTRUCTURA,37.0,PDA INFRAESTRUCTURA,5031015,PDA URBANISMO,NO,Principal,GRUPOS,930036,CONSTRUCCION PONTON ETAPA 2,"Anticipo 30%, saldo en actas de obra quincenales",2013-01-21,RENE ALEJANDRO MELO JIMENEZ,28/01/2013,03/12/2013,20.0,20.0,2706.3177,19.6823,54520.0,190539795.0943,191925539.05862,38,2726.0,2726.0,Abierto,B3,Civil Todo Costo,PAVIMENTOS Y CONSTRUCCIONES SANTAFE MENDEZ SIERRA & CIA S EN C,900029842,,paviconsantafe@etb.net.co,CR 35B 10A 71 SUR,2023401,P,0,BOGOTÁ D.C.,,,Activo,,,,,,J,Alambre Negro Cal 18,325.0,Mallas Laminas Aceros,M,Materiales,kg,kilogramo,ACTIVO,NO,0.0,NO,NO,0.0,0.0,4337.55,19.0,5355.0,273.0,1006,PONTONES,Pontones,3.0,600000000.0,0,,Sg,0,SI,SI,NO,NO,SI,NO,
93,PDA INFRAESTRUCTURA,02 OBRAS URBANAS,ADPRO,En ejecucion,SI,SIN PROPIETARIO,93,PDA INFRAESTRUCTURA,37.0,PDA INFRAESTRUCTURA,5031015,PDA URBANISMO,NO,Principal,GRUPOS,930036,CONSTRUCCION PONTON ETAPA 2,"Anticipo 30%, saldo en actas de obra quincenales",2013-01-21,RENE ALEJANDRO MELO JIMENEZ,28/01/2013,03/12/2013,1.0,0.0,280202.1661,2037.8339,0.0,190539795.0943,191925539.05862,7,282240.0,282240.0,Abierto,B3,Civil Todo Costo,PAVIMENTOS Y CONSTRUCCIONES SANTAFE MENDEZ SIERRA & CIA S EN C,900029842,,paviconsantafe@etb.net.co,CR 35B 10A 71 SUR,2023401,P,0,BOGOTÁ D.C.,,,Activo,,,,,,J,Caja Concreto Sumidero SL-100,335.0,Redes Enterradas Rejillas Sumideros,M,Materiales,Un,unidad,ACTIVO,NO,0.0,NO,NO,0.0,0.0,253551.72,19.0,301726.5468,640.0,1006,PONTONES,Pontones,3.0,600000000.0,0,,Sg,0,SI,SI,NO,NO,SI,NO,
93,PDA INFRAESTRUCTURA,02 OBRAS URBANAS,ADPRO,En ejecucion,SI,SIN PROPIETARIO,93,PDA INFRAESTRUCTURA,37.0,PDA INFRAESTRUCTURA,5031015,PDA URBANISMO,NO,Principal,GRUPOS,930036,CONSTRUCCION PONTON ETAPA 2,"Anticipo 30%, saldo en actas de obra quincenales",2013-01-21,RENE ALEJANDRO MELO JIMENEZ,28/01/2013,03/12/2013,182.0,182.0,3002.1661,21.8339,550368.0,190539795.0943,191925539.05862,26,3024.0,3024.0,Abierto,B3,Civil Todo Costo,PAVIMENTOS Y CONSTRUCCIONES SANTAFE MENDEZ SIERRA & CIA S EN C,900029842,,paviconsantafe@etb.net.co,CR 35B 10A 71 SUR,2023401,P,0,BOGOTÁ D.C.,,,Activo,,,,,,J,Perfilado Y Compactacion,311.0,Actividades Obra,C,Subcontratos,m2,metro cuadrado,ACTIVO,NO,3.0,NO,NO,0.0,0.0,10344.83,19.0,12310.3477,4833.0,1006,PONTONES,Pontones,3.0,600000000.0,0,,Sg,0,SI,SI,NO,NO,SI,NO,
93,PDA INFRAESTRUCTURA,02 OBRAS URBANAS,ADPRO,En ejecucion,SI,SIN PROPIETARIO,93,PDA INFRAESTRUCTURA,37.0,PDA INFRAESTRUCTURA,5031015,PDA URBANISMO,NO,Principal,GRUPOS,930036,CONSTRUCCION PONTON ETAPA 2,"Anticipo 30%, saldo en actas de obra quincenales",2013-01-21,RENE ALEJANDRO MELO JIMENEZ,28/01/2013,03/12/2013,36.4,36.4,60745.2166,441.7834,2227206.8,190539795.0943,191925539.05862,23,61187.0,61187.0,Abierto,B3,Civil Todo Costo,PAVIMENTOS Y CONSTRUCCIONES SANTAFE MENDEZ SIERRA & CIA S EN C,900029842,,paviconsantafe@etb.net.co,CR 35B 10A 71 SUR,2023401,P,0,BOGOTÁ D.C.,,,Activo,,,,,,J,Relleno Subbase Granular,319.0,Concretos Morteros Agregados,C,Subcontratos,m3,metro cubico,ACTIVO,NO,0.0,NO,NO,0.0,0.0,58823.5294,19.0,70000.0,2642.0,1006,PONTONES,Pontones,3.0,600000000.0,0,,Sg,0,SI,SI,NO,NO,SI,NO,
93,PDA INFRAESTRUCTURA,02 OBRAS URBANAS,ADPRO,En ejecucion,SI,SIN PROPIETARIO,93,PDA INFRAESTRUCTURA,37.0,PDA INFRAESTRUCTURA,5031015,PDA URBANISMO,NO,Principal,GRUPOS,930036,CONSTRUCCION PONTON ETAPA 2,"Anticipo 30%, saldo en actas de obra quincenales",2013-01-21,RENE ALEJANDRO MELO JIMENEZ,28/01/2013,03/12/2013,13.0,13.0,3520787.2744,25605.72563,46103109.00042,190539795.0943,191925539.05862,28,3546393.000032,3546393.0,Abierto,B3,Civil Todo Costo,PAVIMENTOS Y CONSTRUCCIONES SANTAFE MENDEZ SIERRA & CIA S EN C,900029842,,paviconsantafe@etb.net.co,CR 35B 10A 71 SUR,2023401,P,0,BOGOTÁ D.C.,,,Activo,,,,,,J,"Tubo Concreto Rfzdo Clase II d:72""",335.0,Redes Enterradas Rejillas Sumideros,M,Materiales,m,metro,ACTIVO,NO,0.0,NO,NO,0.0,0.0,834395.69,19.0,992930.8711,3136.0,1006,PONTONES,Pontones,3.0,600000000.0,0,,Sg,0,SI,SI,NO,NO,SI,NO,
93,PDA INFRAESTRUCTURA,02 OBRAS URBANAS,ADPRO,En ejecucion,SI,SIN PROPIETARIO,93,PDA INFRAESTRUCTURA,37.0,PDA INFRAESTRUCTURA,5031015,PDA URBANISMO,NO,Principal,GRUPOS,930036,CONSTRUCCION PONTON ETAPA 2,"Anticipo 30%, saldo en actas de obra quincenales",2013-01-21,RENE ALEJANDRO MELO JIMENEZ,28/01/2013,03/12/2013,750.0,750.0,1877.3466,13.6534,1418250.0,190539795.0943,191925539.05862,37,1891.0,1891.0,Abierto,B3,Civil Todo Costo,PAVIMENTOS Y CONSTRUCCIONES SANTAFE MENDEZ SIERRA & CIA S EN C,900029842,,paviconsantafe@etb.net.co,CR 35B 10A 71 SUR,2023401,P,0,BOGOTÁ D.C.,,,Activo,,,,,,J,Acero Refuerzo Figurado 60.000,325.0,Mallas Laminas Aceros,M,Materiales,kg,kilogramo,ACTIVO,NO,0.0,NO,NO,0.0,0.0,2458.35,19.0,3035.0,121.0,1006,PONTONES,Pontones,3.0,600000000.0,0,,Sg,0,SI,SI,NO,NO,SI,NO,
93,PDA INFRAESTRUCTURA,02 OBRAS URBANAS,ADPRO,En ejecucion,SI,SIN PROPIETARIO,93,PDA INFRAESTRUCTURA,37.0,PDA INFRAESTRUCTURA,5031015,PDA URBANISMO,NO,Principal,GRUPOS,930036,CONSTRUCCION PONTON ETAPA 2,"Anticipo 30%, saldo en actas de obra quincenales",2013-01-21,RENE ALEJANDRO MELO JIMENEZ,28/01/2013,03/12/2013,140.0,140.0,12787.0036,92.9964,1803200.0,190539795.0943,191925539.05862,22,12880.0,12880.0,Abierto,B3,Civil Todo Costo,PAVIMENTOS Y CONSTRUCCIONES SANTAFE MENDEZ SIERRA & CIA S EN C,900029842,,paviconsantafe@etb.net.co,CR 35B 10A 71 SUR,2023401,P,0,BOGOTÁ D.C.,,,Activo,,,,,,J,"Instalacion Tuberia Presion 3""",344.0,Mano Obra Redes Urbanismo,O,MdeO Contratista,m,metro,ACTIVO,NO,3.0,NO,NO,0.0,0.0,3490.35,19.0,4153.5165,4380.0,1006,PONTONES,Pontones,3.0,600000000.0,0,,Sg,0,SI,SI,NO,NO,SI,NO,
93,PDA INFRAESTRUCTURA,02 OBRAS URBANAS,ADPRO,En ejecucion,SI,SIN PROPIETARIO,93,PDA INFRAESTRUCTURA,37.0,PDA INFRAESTRUCTURA,5031015,PDA URBANISMO,NO,Principal,GRUPOS,930036,CONSTRUCCION PONTON ETAPA 2,"Anticipo 30%, saldo en actas de obra quincenales",2013-01-21,RENE ALEJANDRO MELO JIMENEZ,28/01/2013,03/12/2013,24.0,26.4,53610.1083,389.8917,1425600.0,190539795.0943,191925539.05862,40,54000.0,54000.0,Abierto,B3,Civil Todo Costo,PAVIMENTOS Y CONSTRUCCIONES SANTAFE MENDEZ SIERRA & CIA S EN C,900029842,,paviconsantafe@etb.net.co,CR 35B 10A 71 SUR,2023401,P,0,BOGOTÁ D.C.,,,Activo,,,,,,J,Triturador,322.0,Equipos Dotación,M,Materiales,Un,unidad,ACTIVO,NO,0.0,NO,NO,0.0,0.0,168001.72,19.0,199922.0468,3029.0,1006,PONTONES,Pontones,3.0,600000000.0,0,,Sg,0,SI,SI,NO,NO,SI,NO,
93,PDA INFRAESTRUCTURA,02 OBRAS URBANAS,ADPRO,En ejecucion,SI,SIN PROPIETARIO,93,PDA INFRAESTRUCTURA,37.0,PDA INFRAESTRUCTURA,5031015,PDA URBANISMO,NO,Principal,GRUPOS,930036,CONSTRUCCION PONTON ETAPA 2,"Anticipo 30%, saldo en actas de obra quincenales",2013-01-21,RENE ALEJANDRO MELO JIMENEZ,28/01/2013,03/12/2013,1477.8,1477.8,3742.7798,27.2202,5571306.0,190539795.0943,191925539.05862,2,3770.0,3770.0,Abierto,B3,Civil Todo Costo,PAVIMENTOS Y CONSTRUCCIONES SANTAFE MENDEZ SIERRA & CIA S EN C,900029842,,paviconsantafe@etb.net.co,CR 35B 10A 71 SUR,2023401,P,0,BOGOTÁ D.C.,,,Activo,,,,,,J,Relleno Material Excavacion,311.0,Actividades Obra,C,Subcontratos,m3,metro cubico,ACTIVO,NO,0.0,NO,NO,0.0,0.0,7959.6639,19.0,9472.0,2472.0,1006,PONTONES,Pontones,3.0,600000000.0,0,,Sg,0,SI,SI,NO,NO,SI,NO,
93,PDA INFRAESTRUCTURA,02 OBRAS URBANAS,ADPRO,En ejecucion,SI,SIN PROPIETARIO,93,PDA INFRAESTRUCTURA,37.0,PDA INFRAESTRUCTURA,5031015,PDA URBANISMO,NO,Principal,GRUPOS,930036,CONSTRUCCION PONTON ETAPA 2,"Anticipo 30%, saldo en actas de obra quincenales",2013-01-21,RENE ALEJANDRO MELO JIMENEZ,28/01/2013,03/12/2013,140.0,140.0,63379.0614,460.9386,8937600.0,190539795.0943,191925539.05862,10,63840.0,63840.0,Abierto,B3,Civil Todo Costo,PAVIMENTOS Y CONSTRUCCIONES SANTAFE MENDEZ SIERRA & CIA S EN C,900029842,,paviconsantafe@etb.net.co,CR 35B 10A 71 SUR,2023401,P,0,BOGOTÁ D.C.,,,Activo,,,,,,J,MdO FILTRO GRAVILLA VIAS 0.5x0.5 + GEOTEXTIL SBA,300.0,Sub-Analisis,A,Subanalisis,m,metro,INACTIVO,NO,0.0,NO,NO,0.0,0.0,1.0,19.0,1.19,3884.0,1006,PONTONES,Pontones,3.0,600000000.0,0,,Sg,0,SI,SI,NO,NO,SI,NO,
93,PDA INFRAESTRUCTURA,02 OBRAS URBANAS,ADPRO,En ejecucion,SI,SIN PROPIETARIO,93,PDA INFRAESTRUCTURA,37.0,PDA INFRAESTRUCTURA,5031015,PDA URBANISMO,NO,Principal,GRUPOS,930036,CONSTRUCCION PONTON ETAPA 2,"Anticipo 30%, saldo en actas de obra quincenales",2013-01-21,RENE ALEJANDRO MELO JIMENEZ,28/01/2013,03/12/2013,8.05,0.0,479825.361,3489.639,0.0,190539795.0943,191925539.05862,24,483315.0,483315.0,Abierto,B3,Civil Todo Costo,PAVIMENTOS Y CONSTRUCCIONES SANTAFE MENDEZ SIERRA & CIA S EN C,900029842,,paviconsantafe@etb.net.co,CR 35B 10A 71 SUR,2023401,P,0,BOGOTÁ D.C.,,,Activo,,,,,,J,Mezcla Asfaltica Convencional MDC 2,329.0,Pavimentos,M,Materiales,m3,metro cubico,ACTIVO,NO,0.0,NO,NO,0.0,0.0,258393.1034,19.0,307487.793,1959.0,1006,PONTONES,Pontones,3.0,600000000.0,0,,Sg,0,SI,SI,NO,NO,SI,NO,
93,PDA INFRAESTRUCTURA,02 OBRAS URBANAS,ADPRO,En ejecucion,SI,SIN PROPIETARIO,93,PDA INFRAESTRUCTURA,37.0,PDA INFRAESTRUCTURA,5031015,PDA URBANISMO,NO,Principal,GRUPOS,930036,CONSTRUCCION PONTON ETAPA 2,"Anticipo 30%, saldo en actas de obra quincenales",2013-01-21,RENE ALEJANDRO MELO JIMENEZ,28/01/2013,03/12/2013,4.0,2.0,8895.3069,64.6931,17920.0,190539795.0943,191925539.05862,34,8960.0,8960.0,Abierto,B3,Civil Todo Costo,PAVIMENTOS Y CONSTRUCCIONES SANTAFE MENDEZ SIERRA & CIA S EN C,900029842,,paviconsantafe@etb.net.co,CR 35B 10A 71 SUR,2023401,P,0,BOGOTÁ D.C.,,,Activo,,,,,,J,MdO Solado Limpieza Concreto,346.0,Mano Obra Gris,O,MdeO Contratista,m2,metro cuadrado,ACTIVO,NO,0.0,NO,NO,0.0,0.0,2096.28,19.0,2588.0,4400.0,1006,PONTONES,Pontones,3.0,600000000.0,0,,Sg,0,SI,SI,NO,NO,SI,NO,
93,PDA INFRAESTRUCTURA,02 OBRAS URBANAS,ADPRO,En ejecucion,SI,SIN PROPIETARIO,93,PDA INFRAESTRUCTURA,37.0,PDA INFRAESTRUCTURA,5031015,PDA URBANISMO,NO,Principal,GRUPOS,930036,CONSTRUCCION PONTON ETAPA 2,"Anticipo 30%, saldo en actas de obra quincenales",2013-01-21,RENE ALEJANDRO MELO JIMENEZ,28/01/2013,03/12/2013,57.33,57.33,109839.1697,798.8303,6342876.54,190539795.0943,191925539.05862,27,110638.0,110638.0,Abierto,B3,Civil Todo Costo,PAVIMENTOS Y CONSTRUCCIONES SANTAFE MENDEZ SIERRA & CIA S EN C,900029842,,paviconsantafe@etb.net.co,CR 35B 10A 71 SUR,2023401,P,0,BOGOTÁ D.C.,,,Activo,,,,,,J,Relleno Gravilla,321.0,Enchapes Pisos,C,Subcontratos,m3,metro cubico,ACTIVO,NO,0.0,NO,NO,0.0,0.0,45774.7899,19.0,54472.0,2471.0,1006,PONTONES,Pontones,3.0,600000000.0,0,,Sg,0,SI,SI,NO,NO,SI,NO,
93,PDA INFRAESTRUCTURA,02 OBRAS URBANAS,ADPRO,En ejecucion,SI,SIN PROPIETARIO,93,PDA INFRAESTRUCTURA,37.0,PDA INFRAESTRUCTURA,5031015,PDA URBANISMO,NO,Principal,GRUPOS,930036,CONSTRUCCION PONTON ETAPA 2,"Anticipo 30%, saldo en actas de obra quincenales",2013-01-21,RENE ALEJANDRO MELO JIMENEZ,28/01/2013,03/12/2013,490.0,490.0,1457.4007,10.5993,719320.0,190539795.0943,191925539.05862,15,1468.0,1468.0,Abierto,B3,Civil Todo Costo,PAVIMENTOS Y CONSTRUCCIONES SANTAFE MENDEZ SIERRA & CIA S EN C,900029842,,paviconsantafe@etb.net.co,CR 35B 10A 71 SUR,2023401,P,0,BOGOTÁ D.C.,,,Activo,,,,,,J,Imprimacion Liga MC 70,329.0,Pavimentos,C,Subcontratos,m2,metro cuadrado,ACTIVO,NO,0.0,NO,NO,0.0,0.0,1551.72,19.0,1846.5468,361.0,1006,PONTONES,Pontones,3.0,600000000.0,0,,Sg,0,SI,SI,NO,NO,SI,NO,
93,PDA INFRAESTRUCTURA,02 OBRAS URBANAS,ADPRO,En ejecucion,SI,SIN PROPIETARIO,93,PDA INFRAESTRUCTURA,37.0,PDA INFRAESTRUCTURA,5031015,PDA URBANISMO,NO,Principal,GRUPOS,930036,CONSTRUCCION PONTON ETAPA 2,"Anticipo 30%, saldo en actas de obra quincenales",2013-01-21,RENE ALEJANDRO MELO JIMENEZ,28/01/2013,03/12/2013,490.0,490.0,1457.0522,10.5967,719147.961,190539795.0943,191925539.05862,17,1467.6489,1467.64897959,Abierto,B3,Civil Todo Costo,PAVIMENTOS Y CONSTRUCCIONES SANTAFE MENDEZ SIERRA & CIA S EN C,900029842,,paviconsantafe@etb.net.co,CR 35B 10A 71 SUR,2023401,P,0,BOGOTÁ D.C.,,,Activo,,,,,,J,Imprimacion Liga MC 70,329.0,Pavimentos,C,Subcontratos,m2,metro cuadrado,ACTIVO,NO,0.0,NO,NO,0.0,0.0,1551.72,19.0,1846.5468,361.0,1006,PONTONES,Pontones,3.0,600000000.0,0,,Sg,0,SI,SI,NO,NO,SI,NO,
93,PDA INFRAESTRUCTURA,02 OBRAS URBANAS,ADPRO,En ejecucion,SI,SIN PROPIETARIO,93,PDA INFRAESTRUCTURA,37.0,PDA INFRAESTRUCTURA,5031015,PDA URBANISMO,NO,Principal,GRUPOS,930036,CONSTRUCCION PONTON ETAPA 2,"Anticipo 30%, saldo en actas de obra quincenales",2013-01-21,RENE ALEJANDRO MELO JIMENEZ,28/01/2013,03/12/2013,527.49,527.49,5151.5343,37.4657,2737145.61,190539795.0943,191925539.05862,1,5189.0,5189.0,Abierto,B3,Civil Todo Costo,PAVIMENTOS Y CONSTRUCCIONES SANTAFE MENDEZ SIERRA & CIA S EN C,900029842,,paviconsantafe@etb.net.co,CR 35B 10A 71 SUR,2023401,P,0,BOGOTÁ D.C.,,,Activo,,,,,,J,Corte con Transporte > a 1 km,311.0,Actividades Obra,C,Subcontratos,m3,metro cubico,ACTIVO,NO,0.0,NO,NO,0.0,0.0,2271.5517,19.0,2703.1465,1315.0,1006,PONTONES,Pontones,3.0,600000000.0,0,,Sg,0,SI,SI,NO,NO,SI,NO,
93,PDA INFRAESTRUCTURA,02 OBRAS URBANAS,ADPRO,En ejecucion,SI,SIN PROPIETARIO,93,PDA INFRAESTRUCTURA,37.0,PDA INFRAESTRUCTURA,5031015,PDA URBANISMO,NO,Principal,GRUPOS,930036,CONSTRUCCION PONTON ETAPA 2,"Anticipo 30%, saldo en actas de obra quincenales",2013-01-21,RENE ALEJANDRO MELO JIMENEZ,28/01/2013,03/12/2013,72.0,79.2,57581.2274,418.7726,4593600.0,190539795.0943,191925539.05862,39,58000.0,58000.0,Abierto,B3,Civil Todo Costo,PAVIMENTOS Y CONSTRUCCIONES SANTAFE MENDEZ SIERRA & CIA S EN C,900029842,,paviconsantafe@etb.net.co,CR 35B 10A 71 SUR,2023401,P,0,BOGOTÁ D.C.,,,Activo,,,,,,J,Rajon,319.0,Concretos Morteros Agregados,C,Subcontratos,m3,metro cubico,ACTIVO,NO,0.0,NO,NO,0.0,0.0,52236.9748,19.0,62162.0,2366.0,1006,PONTONES,Pontones,3.0,600000000.0,0,,Sg,0,SI,SI,NO,NO,SI,NO,
93,PDA INFRAESTRUCTURA,02 OBRAS URBANAS,ADPRO,En ejecucion,SI,SIN PROPIETARIO,93,PDA INFRAESTRUCTURA,37.0,PDA INFRAESTRUCTURA,5031015,PDA URBANISMO,NO,Principal,GRUPOS,930036,CONSTRUCCION PONTON ETAPA 2,"Anticipo 30%, saldo en actas de obra quincenales",2013-01-21,RENE ALEJANDRO MELO JIMENEZ,28/01/2013,03/12/2013,112.0,112.0,78052.3466,567.6534,8805440.0,190539795.0943,191925539.05862,19,78620.0,78620.0,Abierto,B3,Civil Todo Costo,PAVIMENTOS Y CONSTRUCCIONES SANTAFE MENDEZ SIERRA & CIA S EN C,900029842,,paviconsantafe@etb.net.co,CR 35B 10A 71 SUR,2023401,P,0,BOGOTÁ D.C.,,,Activo,,,,,,J,Base Granular B-600,319.0,Concretos Morteros Agregados,C,Subcontratos,m3,metro cubico,ACTIVO,NO,0.0,NO,NO,0.0,0.0,48768.4339,19.0,58034.4363,409.0,1006,PONTONES,Pontones,3.0,600000000.0,0,,Sg,0,SI,SI,NO,NO,SI,NO,
93,PDA INFRAESTRUCTURA,02 OBRAS URBANAS,ADPRO,En ejecucion,SI,SIN PROPIETARIO,93,PDA INFRAESTRUCTURA,37.0,PDA INFRAESTRUCTURA,5031015,PDA URBANISMO,NO,Principal,GRUPOS,930036,CONSTRUCCION PONTON ETAPA 2,"Anticipo 30%, saldo en actas de obra quincenales",2013-01-21,RENE ALEJANDRO MELO JIMENEZ,28/01/2013,03/12/2013,4.0,2.6,235262.9964,1711.0036,616132.4,190539795.0943,191925539.05862,33,236974.0,236974.0,Abierto,B3,Civil Todo Costo,PAVIMENTOS Y CONSTRUCCIONES SANTAFE MENDEZ SIERRA & CIA S EN C,900029842,,paviconsantafe@etb.net.co,CR 35B 10A 71 SUR,2023401,P,0,BOGOTÁ D.C.,,,Activo,,,,,,J,Concreto Grava Comun 1500,319.0,Concretos Morteros Agregados,M,Materiales,m3,metro cubico,ACTIVO,NO,0.0,NO,NO,0.0,0.0,251333.28,19.0,310288.0,1114.0,1006,PONTONES,Pontones,3.0,600000000.0,0,,Sg,0,SI,SI,NO,NO,SI,NO,
93,PDA INFRAESTRUCTURA,02 OBRAS URBANAS,ADPRO,En ejecucion,SI,SIN PROPIETARIO,93,PDA INFRAESTRUCTURA,37.0,PDA INFRAESTRUCTURA,5031015,PDA URBANISMO,NO,Principal,GRUPOS,930036,CONSTRUCCION PONTON ETAPA 2,"Anticipo 30%, saldo en actas de obra quincenales",2013-01-21,RENE ALEJANDRO MELO JIMENEZ,28/01/2013,03/12/2013,24.0,24.0,39703.58,288.7533,959815.9992,190539795.0943,191925539.05862,9,39992.3333,39992.333333333,Abierto,B3,Civil Todo Costo,PAVIMENTOS Y CONSTRUCCIONES SANTAFE MENDEZ SIERRA & CIA S EN C,900029842,,paviconsantafe@etb.net.co,CR 35B 10A 71 SUR,2023401,P,0,BOGOTÁ D.C.,,,Activo,,,,,,J,Tubo Novafort d=0.31m (315mm),334.0,Internas Hidrosanitarias,M,Materiales,m,metro,ACTIVO,NO,0.0,NO,NO,0.0,0.0,38996.55,19.0,46405.8945,3199.0,1006,PONTONES,Pontones,3.0,600000000.0,0,,Sg,0,SI,SI,NO,NO,SI,NO,
93,PDA INFRAESTRUCTURA,02 OBRAS URBANAS,ADPRO,En ejecucion,SI,SIN PROPIETARIO,93,PDA INFRAESTRUCTURA,37.0,PDA INFRAESTRUCTURA,5031015,PDA URBANISMO,NO,Principal,GRUPOS,930036,CONSTRUCCION PONTON ETAPA 2,"Anticipo 30%, saldo en actas de obra quincenales",2013-01-21,RENE ALEJANDRO MELO JIMENEZ,28/01/2013,03/12/2013,36.01,36.01,465135.1986,3382.8014,16871333.18,190539795.0943,191925539.05862,14,468518.0,468518.0,Abierto,B3,Civil Todo Costo,PAVIMENTOS Y CONSTRUCCIONES SANTAFE MENDEZ SIERRA & CIA S EN C,900029842,,paviconsantafe@etb.net.co,CR 35B 10A 71 SUR,2023401,P,0,BOGOTÁ D.C.,,,Activo,,,,,,J,Mezcla Asfaltica Convencional MDC 1,329.0,Pavimentos,M,Materiales,m3,metro cubico,ACTIVO,NO,0.0,NO,NO,0.0,0.0,252398.2759,19.0,300353.9483,1958.0,1006,PONTONES,Pontones,3.0,600000000.0,0,,Sg,0,SI,SI,NO,NO,SI,NO,
93,PDA INFRAESTRUCTURA,02 OBRAS URBANAS,ADPRO,En ejecucion,SI,SIN PROPIETARIO,93,PDA INFRAESTRUCTURA,37.0,PDA INFRAESTRUCTURA,5031015,PDA URBANISMO,NO,Principal,GRUPOS,930036,CONSTRUCCION PONTON ETAPA 2,"Anticipo 30%, saldo en actas de obra quincenales",2013-01-21,RENE ALEJANDRO MELO JIMENEZ,28/01/2013,03/12/2013,112.0,112.0,60745.2166,441.7834,6852944.0,190539795.0943,191925539.05862,18,61187.0,61187.0,Abierto,B3,Civil Todo Costo,PAVIMENTOS Y CONSTRUCCIONES SANTAFE MENDEZ SIERRA & CIA S EN C,900029842,,paviconsantafe@etb.net.co,CR 35B 10A 71 SUR,2023401,P,0,BOGOTÁ D.C.,,,Activo,,,,,,J,Relleno Subbase Granular,319.0,Concretos Morteros Agregados,C,Subcontratos,m3,metro cubico,ACTIVO,NO,0.0,NO,NO,0.0,0.0,58823.5294,19.0,70000.0,2642.0,1006,PONTONES,Pontones,3.0,600000000.0,0,,Sg,0,SI,SI,NO,NO,SI,NO,
93,PDA INFRAESTRUCTURA,02 OBRAS URBANAS,ADPRO,En ejecucion,SI,SIN PROPIETARIO,93,PDA INFRAESTRUCTURA,37.0,PDA INFRAESTRUCTURA,5031015,PDA URBANISMO,NO,Principal,GRUPOS,930036,CONSTRUCCION PONTON ETAPA 2,"Anticipo 30%, saldo en actas de obra quincenales",2013-01-21,RENE ALEJANDRO MELO JIMENEZ,28/01/2013,03/12/2013,4.59,4.59,53371.8412,388.1588,246758.4,190539795.0943,191925539.05862,5,53760.0,53760.0,Abierto,B3,Civil Todo Costo,PAVIMENTOS Y CONSTRUCCIONES SANTAFE MENDEZ SIERRA & CIA S EN C,900029842,,paviconsantafe@etb.net.co,CR 35B 10A 71 SUR,2023401,P,0,BOGOTÁ D.C.,,,Activo,,,,,,J,Recebo Comun B-200 Zanjas,319.0,Concretos Morteros Agregados,C,Subcontratos,m3,metro cubico,ACTIVO,NO,0.0,NO,NO,0.0,0.0,31764.7059,19.0,37800.0,2371.0,1006,PONTONES,Pontones,3.0,600000000.0,0,,Sg,0,SI,SI,NO,NO,SI,NO,
93,PDA INFRAESTRUCTURA,02 OBRAS URBANAS,ADPRO,En ejecucion,SI,SIN PROPIETARIO,93,PDA INFRAESTRUCTURA,37.0,PDA INFRAESTRUCTURA,5031015,PDA URBANISMO,NO,Principal,GRUPOS,930036,CONSTRUCCION PONTON ETAPA 2,"Anticipo 30%, saldo en actas de obra quincenales",2013-01-21,RENE ALEJANDRO MELO JIMENEZ,28/01/2013,03/12/2013,161.0,0.0,1457.4007,10.5993,0.0,190539795.0943,191925539.05862,25,1468.0,1468.0,Abierto,B3,Civil Todo Costo,PAVIMENTOS Y CONSTRUCCIONES SANTAFE MENDEZ SIERRA & CIA S EN C,900029842,,paviconsantafe@etb.net.co,CR 35B 10A 71 SUR,2023401,P,0,BOGOTÁ D.C.,,,Activo,,,,,,J,Imprimacion Liga MC 70,329.0,Pavimentos,C,Subcontratos,m2,metro cuadrado,ACTIVO,NO,0.0,NO,NO,0.0,0.0,1551.72,19.0,1846.5468,361.0,1006,PONTONES,Pontones,3.0,600000000.0,0,,Sg,0,SI,SI,NO,NO,SI,NO,
93,PDA INFRAESTRUCTURA,02 OBRAS URBANAS,ADPRO,En ejecucion,SI,SIN PROPIETARIO,93,PDA INFRAESTRUCTURA,37.0,PDA INFRAESTRUCTURA,5031015,PDA URBANISMO,NO,Principal,GRUPOS,930036,CONSTRUCCION PONTON ETAPA 2,"Anticipo 30%, saldo en actas de obra quincenales",2013-01-21,RENE ALEJANDRO MELO JIMENEZ,28/01/2013,03/12/2013,80.0,80.0,26288.8087,191.1913,2118400.0,190539795.0943,191925539.05862,12,26480.0,26480.0,Abierto,B3,Civil Todo Costo,PAVIMENTOS Y CONSTRUCCIONES SANTAFE MENDEZ SIERRA & CIA S EN C,900029842,,paviconsantafe@etb.net.co,CR 35B 10A 71 SUR,2023401,P,0,BOGOTÁ D.C.,,,Activo,,,,,,J,Sardinel Bloque Concreto (A-10) 20x50x80,331.0,Prefabricados,M,Materiales,Un,unidad,ACTIVO,NO,0.0,NO,NO,0.0,0.0,21725.0,19.0,25852.75,2533.0,1006,PONTONES,Pontones,3.0,600000000.0,0,,Sg,0,SI,SI,NO,NO,SI,NO,
93,PDA INFRAESTRUCTURA,02 OBRAS URBANAS,ADPRO,En ejecucion,SI,SIN PROPIETARIO,93,PDA INFRAESTRUCTURA,37.0,PDA INFRAESTRUCTURA,5031015,PDA URBANISMO,NO,Principal,GRUPOS,930036,CONSTRUCCION PONTON ETAPA 2,"Anticipo 30%, saldo en actas de obra quincenales",2013-01-21,RENE ALEJANDRO MELO JIMENEZ,28/01/2013,03/12/2013,140.0,140.0,11011.9134,80.0866,1552880.0,190539795.0943,191925539.05862,21,11092.0,11092.0,Abierto,B3,Civil Todo Costo,PAVIMENTOS Y CONSTRUCCIONES SANTAFE MENDEZ SIERRA & CIA S EN C,900029842,,paviconsantafe@etb.net.co,CR 35B 10A 71 SUR,2023401,P,0,BOGOTÁ D.C.,,,Activo,,,,,,J,Bordillo Bloque Concreto 20x10x100,331.0,Prefabricados,M,Materiales,Un,unidad,ACTIVO,NO,0.0,NO,NO,0.0,0.0,8956.9,19.0,10658.711,468.0,1006,PONTONES,Pontones,3.0,600000000.0,0,,Sg,0,SI,SI,NO,NO,SI,NO,
93,PDA INFRAESTRUCTURA,02 OBRAS URBANAS,ADPRO,En ejecucion,SI,SIN PROPIETARIO,93,PDA INFRAESTRUCTURA,37.0,PDA INFRAESTRUCTURA,5031015,PDA URBANISMO,NO,Principal,GRUPOS,930036,CONSTRUCCION PONTON ETAPA 2,"Anticipo 30%, saldo en actas de obra quincenales",2013-01-21,RENE ALEJANDRO MELO JIMENEZ,28/01/2013,03/12/2013,560.0,560.0,5893.1408,42.8592,3324160.0,190539795.0943,191925539.05862,20,5936.0,5936.0,Abierto,B3,Civil Todo Costo,PAVIMENTOS Y CONSTRUCCIONES SANTAFE MENDEZ SIERRA & CIA S EN C,900029842,,paviconsantafe@etb.net.co,CR 35B 10A 71 SUR,2023401,P,0,BOGOTÁ D.C.,,,Activo,,,,,,J,Geotextil Tejido 2400,312.0,Aditivos Quimicos Mantos Impermeabilizantes,M,Materiales,m2,metro cuadrado,ACTIVO,NO,0.0,NO,NO,0.0,0.0,2342.8571,19.0,2788.0,1552.0,1006,PONTONES,Pontones,3.0,600000000.0,0,,Sg,0,SI,SI,NO,NO,SI,NO,
93,PDA INFRAESTRUCTURA,02 OBRAS URBANAS,ADPRO,En ejecucion,SI,SIN PROPIETARIO,93,PDA INFRAESTRUCTURA,37.0,PDA INFRAESTRUCTURA,5031015,PDA URBANISMO,NO,Principal,GRUPOS,930036,CONSTRUCCION PONTON ETAPA 2,"Anticipo 30%, saldo en actas de obra quincenales",2013-01-21,RENE ALEJANDRO MELO JIMENEZ,28/01/2013,03/12/2013,140.0,140.0,12787.0036,92.9964,1803200.0,190539795.0943,191925539.05862,13,12880.0,12880.0,Abierto,B3,Civil Todo Costo,PAVIMENTOS Y CONSTRUCCIONES SANTAFE MENDEZ SIERRA & CIA S EN C,900029842,,paviconsantafe@etb.net.co,CR 35B 10A 71 SUR,2023401,P,0,BOGOTÁ D.C.,,,Activo,,,,,,J,Instalacion Sardinel Prefabricado,345.0,Mano Obra Obras Urbanismo,O,MdeO Contratista,m,metro,ACTIVO,NO,0.0,NO,NO,0.0,0.0,15948.28,19.0,18978.4532,3785.0,1006,PONTONES,Pontones,3.0,600000000.0,0,,Sg,0,SI,SI,NO,NO,SI,NO,
93,PDA INFRAESTRUCTURA,02 OBRAS URBANAS,ADPRO,En ejecucion,SI,SIN PROPIETARIO,93,PDA INFRAESTRUCTURA,37.0,PDA INFRAESTRUCTURA,5031015,PDA URBANISMO,NO,Principal,GRUPOS,930036,CONSTRUCCION PONTON ETAPA 2,"Anticipo 30%, saldo en actas de obra quincenales",2013-01-21,RENE ALEJANDRO MELO JIMENEZ,28/01/2013,03/12/2013,31.85,31.85,203987.4549,1483.5451,6544251.35,190539795.0943,191925539.05862,30,205471.0,205471.0,Abierto,B3,Civil Todo Costo,PAVIMENTOS Y CONSTRUCCIONES SANTAFE MENDEZ SIERRA & CIA S EN C,900029842,,paviconsantafe@etb.net.co,CR 35B 10A 71 SUR,2023401,P,0,BOGOTÁ D.C.,,,Activo,,,,,,J,"Instalacion Tuberia Novaloc d=70""",344.0,Mano Obra Redes Urbanismo,O,MdeO Contratista,m,metro,ACTIVO,NO,3.0,NO,NO,0.0,0.0,73275.86,19.0,87198.2734,5000.0,1006,PONTONES,Pontones,3.0,600000000.0,0,,Sg,0,SI,SI,NO,NO,SI,NO,
93,PDA INFRAESTRUCTURA,02 OBRAS URBANAS,ADPRO,En ejecucion,SI,SIN PROPIETARIO,93,PDA INFRAESTRUCTURA,37.0,PDA INFRAESTRUCTURA,5031015,PDA URBANISMO,NO,Principal,GRUPOS,930036,CONSTRUCCION PONTON ETAPA 2,"Anticipo 30%, saldo en actas de obra quincenales",2013-01-21,RENE ALEJANDRO MELO JIMENEZ,28/01/2013,03/12/2013,286.4,675.41,47653.4296,346.5704,32419680.0,190539795.0943,191925539.05862,41,48000.0,48000.0,Abierto,B3,Civil Todo Costo,PAVIMENTOS Y CONSTRUCCIONES SANTAFE MENDEZ SIERRA & CIA S EN C,900029842,,paviconsantafe@etb.net.co,CR 35B 10A 71 SUR,2023401,P,0,BOGOTÁ D.C.,,,Activo,,,,,,J,Recebo Comun B-200,319.0,Concretos Morteros Agregados,C,Subcontratos,m3,metro cubico,ACTIVO,NO,0.0,NO,NO,0.0,0.0,30103.3613,19.0,35823.0,2369.0,1006,PONTONES,Pontones,3.0,600000000.0,0,,Sg,0,SI,SI,NO,NO,SI,NO,
93,PDA INFRAESTRUCTURA,02 OBRAS URBANAS,ADPRO,En ejecucion,SI,SIN PROPIETARIO,93,PDA INFRAESTRUCTURA,37.0,PDA INFRAESTRUCTURA,5031015,PDA URBANISMO,NO,Principal,GRUPOS,930036,CONSTRUCCION PONTON ETAPA 2,"Anticipo 30%, saldo en actas de obra quincenales",2013-01-21,RENE ALEJANDRO MELO JIMENEZ,28/01/2013,03/12/2013,7.0,7.0,8450.5415,61.4585,59584.0,190539795.0943,191925539.05862,3,8512.0,8512.0,Abierto,B3,Civil Todo Costo,PAVIMENTOS Y CONSTRUCCIONES SANTAFE MENDEZ SIERRA & CIA S EN C,900029842,,paviconsantafe@etb.net.co,CR 35B 10A 71 SUR,2023401,P,0,BOGOTÁ D.C.,,,Activo,,,,,,J,Excavacion Mecanica con Disposicion Interna (Relleno y Conformacion),311.0,Actividades Obra,C,Subcontratos,m3,metro cubico,ACTIVO,NO,3.0,NO,NO,0.0,0.0,6551.72,19.0,7796.5468,4904.0,1006,PONTONES,Pontones,3.0,600000000.0,0,,Sg,0,SI,SI,NO,NO,SI,NO,
93,PDA INFRAESTRUCTURA,02 OBRAS URBANAS,ADPRO,En ejecucion,SI,SIN PROPIETARIO,93,PDA INFRAESTRUCTURA,37.0,PDA INFRAESTRUCTURA,5031015,PDA URBANISMO,NO,Principal,GRUPOS,930036,CONSTRUCCION PONTON ETAPA 2,"Anticipo 30%, saldo en actas de obra quincenales",2013-01-21,RENE ALEJANDRO MELO JIMENEZ,28/01/2013,03/12/2013,20.0,20.0,12008.6643,87.3357,241920.0,190539795.0943,191925539.05862,8,12096.0,12096.0,Abierto,B3,Civil Todo Costo,PAVIMENTOS Y CONSTRUCCIONES SANTAFE MENDEZ SIERRA & CIA S EN C,900029842,,paviconsantafe@etb.net.co,CR 35B 10A 71 SUR,2023401,P,0,BOGOTÁ D.C.,,,Activo,,,,,,J,Instalacion Tuberia Novafort d=315mm,344.0,Mano Obra Redes Urbanismo,O,MdeO Contratista,m,metro,ACTIVO,NO,3.0,NO,NO,0.0,0.0,8239.08,19.0,9804.5052,4388.0,1006,PONTONES,Pontones,3.0,600000000.0,0,,Sg,0,SI,SI,NO,NO,SI,NO,
93,PDA INFRAESTRUCTURA,02 OBRAS URBANAS,ADPRO,En ejecucion,SI,SIN PROPIETARIO,93,PDA INFRAESTRUCTURA,37.0,PDA INFRAESTRUCTURA,5031015,PDA URBANISMO,NO,Principal,GRUPOS,930036,CONSTRUCCION PONTON ETAPA 2,"Anticipo 30%, saldo en actas de obra quincenales",2013-01-21,RENE ALEJANDRO MELO JIMENEZ,28/01/2013,03/12/2013,2.0,1.0,3530547.2924,25676.7076,3556224.0,190539795.0943,191925539.05862,32,3556224.0,3556224.0,Abierto,B3,Civil Todo Costo,PAVIMENTOS Y CONSTRUCCIONES SANTAFE MENDEZ SIERRA & CIA S EN C,900029842,,paviconsantafe@etb.net.co,CR 35B 10A 71 SUR,2023401,P,0,BOGOTÁ D.C.,,,Activo,,,,,,J,MdO Cabezal Concreto Canal,344.0,Mano Obra Redes Urbanismo,O,MdeO Contratista,m3,metro cubico,ACTIVO,NO,0.0,NO,NO,0.0,0.0,2798850.86,19.0,3330632.5234,3899.0,1006,PONTONES,Pontones,3.0,600000000.0,0,,Sg,0,SI,SI,NO,NO,SI,NO,
93,PDA INFRAESTRUCTURA,02 OBRAS URBANAS,ADPRO,En ejecucion,SI,SIN PROPIETARIO,93,PDA INFRAESTRUCTURA,37.0,PDA INFRAESTRUCTURA,5031015,PDA URBANISMO,NO,Principal,GRUPOS,930036,CONSTRUCCION PONTON ETAPA 2,"Anticipo 30%, saldo en actas de obra quincenales",2013-01-21,RENE ALEJANDRO MELO JIMENEZ,28/01/2013,03/12/2013,1.0,1.0,65216.6968,474.3032,65691.0,190539795.0943,191925539.05862,4,65691.0,65691.0,Abierto,B3,Civil Todo Costo,PAVIMENTOS Y CONSTRUCCIONES SANTAFE MENDEZ SIERRA & CIA S EN C,900029842,,paviconsantafe@etb.net.co,CR 35B 10A 71 SUR,2023401,P,0,BOGOTÁ D.C.,,,Activo,,,,,,J,Suministro y Colocacion Arena de Peña,319.0,Concretos Morteros Agregados,C,Subcontratos,m3,metro cubico,ACTIVO,NO,0.0,NO,NO,0.0,0.0,41508.62,19.0,49395.2578,2367.0,1006,PONTONES,Pontones,3.0,600000000.0,0,,Sg,0,SI,SI,NO,NO,SI,NO,
174,PDA PRELIMINARES,05 OBRAS PRELIMINARES,ADPRO,En ejecucion,SI,SIN PROPIETARIO,174,PDA PRELIMINARES,25.0,PDA GENERALES NO ASIGNADOS,5032010,PDA GG NO ASIGNADOS,NO,Principal,GRUPOS,1740190,"CONSTRUCCION, ARREGLO Y TRASLADO CERRAMIENTO PROVISIONAL BARU",Actas de Obra Quincenales,2013-09-17,RENE ALEJANDRO MELO JIMENEZ,17/09/2013,30/10/2013,8.0,8.0,4344.8276,695.17242,40320.0,2804499.3103,3253219.2,3,5040.0,5040.0,Abierto,B3,Civil Todo Costo,INDUSTRIAS METALICAS RUIZBER S.A.S,900538388,,ruizbersas@hotmail.com,CR 91 91 15,4612662,P,0,BOGOTÁ D.C.,,,Activo,,,,,,J,Cerramiento Perimetral,311.0,Actividades Obra,M,Materiales,m,metro,ACTIVO,NO,3.0,NO,NO,0.0,0.0,51724.14,19.0,61551.7266,3996.0,1005,PRELIMINARES,"Excavacion, Fundida e Instalacion Postes",520.0,8320000.0,0,,und,0,SI,SI,NO,NO,SI,NO,
174,PDA PRELIMINARES,05 OBRAS PRELIMINARES,ADPRO,En ejecucion,SI,SIN PROPIETARIO,174,PDA PRELIMINARES,25.0,PDA GENERALES NO ASIGNADOS,5032010,PDA GG NO ASIGNADOS,NO,Principal,GRUPOS,1740190,"CONSTRUCCION, ARREGLO Y TRASLADO CERRAMIENTO PROVISIONAL BARU",Actas de Obra Quincenales,2013-09-17,RENE ALEJANDRO MELO JIMENEZ,17/09/2013,30/10/2013,14.0,14.0,4344.8276,695.17242,70560.0,2804499.3103,3253219.2,8,5040.0,5040.0,Abierto,B3,Civil Todo Costo,INDUSTRIAS METALICAS RUIZBER S.A.S,900538388,,ruizbersas@hotmail.com,CR 91 91 15,4612662,P,0,BOGOTÁ D.C.,,,Activo,,,,,,J,Cerramiento Perimetral,311.0,Actividades Obra,M,Materiales,m,metro,ACTIVO,NO,3.0,NO,NO,0.0,0.0,51724.14,19.0,61551.7266,3996.0,1005,PRELIMINARES,"Excavacion, Fundida e Instalacion Postes",520.0,8320000.0,0,,und,0,SI,SI,NO,NO,SI,NO,
174,PDA PRELIMINARES,05 OBRAS PRELIMINARES,ADPRO,En ejecucion,SI,SIN PROPIETARIO,174,PDA PRELIMINARES,25.0,PDA GENERALES NO ASIGNADOS,5032010,PDA GG NO ASIGNADOS,NO,Principal,GRUPOS,1740145,CONSTRUCCION CERRAMIENTO PROVISIONAL URBANISMO EXTERNO,Actas de Obra Quincenales,2013-02-13,RENE ALEJANDRO MELO JIMENEZ,18/02/2013,30/05/2013,355.0,355.0,104059.4828,16649.51725,42851695.01704,36941116.394,42851695.01704,1,120709.000048,120709.0,Abierto,C2,Fabricacion Suministro Instalacion,SOSAMET S A S,900111135,,sosamet@gmail.com,CL 158  110  45,6533570,A,1,BOGOTÁ D.C.,2511.0,Fabricación de productos metálicos para uso estructural.,Activo,,,,,,J,Cerramiento Perimetral,311.0,Actividades Obra,M,Materiales,m,metro,ACTIVO,NO,3.0,NO,NO,0.0,0.0,51724.14,19.0,61551.7266,3996.0,1002,PRELIMINARES,Cerramiento Metalico,2665.37,314343076.32,0,,m,0,SI,SI,NO,NO,SI,NO,
174,PDA PRELIMINARES,05 OBRAS PRELIMINARES,ADPRO,En ejecucion,SI,SIN PROPIETARIO,174,PDA PRELIMINARES,25.0,PDA GENERALES NO ASIGNADOS,5032010,PDA GG NO ASIGNADOS,NO,Principal,GRUPOS,1740190,"CONSTRUCCION, ARREGLO Y TRASLADO CERRAMIENTO PROVISIONAL BARU",Actas de Obra Quincenales,2013-09-17,RENE ALEJANDRO MELO JIMENEZ,17/09/2013,30/10/2013,36.0,36.0,13034.4828,2085.51725,544320.0,2804499.3103,3253219.2,7,15120.0,15120.0,Abierto,B3,Civil Todo Costo,INDUSTRIAS METALICAS RUIZBER S.A.S,900538388,,ruizbersas@hotmail.com,CR 91 91 15,4612662,P,0,BOGOTÁ D.C.,,,Activo,,,,,,J,Cerramiento Perimetral,311.0,Actividades Obra,M,Materiales,m,metro,ACTIVO,NO,3.0,NO,NO,0.0,0.0,51724.14,19.0,61551.7266,3996.0,1002,PRELIMINARES,Cerramiento Metalico,2665.37,314343076.32,0,,m,0,SI,SI,NO,NO,SI,NO,
174,PDA PRELIMINARES,05 OBRAS PRELIMINARES,ADPRO,En ejecucion,SI,SIN PROPIETARIO,174,PDA PRELIMINARES,25.0,PDA GENERALES NO ASIGNADOS,5032010,PDA GG NO ASIGNADOS,NO,Principal,GRUPOS,1740190,"CONSTRUCCION, ARREGLO Y TRASLADO CERRAMIENTO PROVISIONAL BARU",Actas de Obra Quincenales,2013-09-17,RENE ALEJANDRO MELO JIMENEZ,17/09/2013,30/10/2013,80.0,80.0,6951.7241,1112.27586,645120.0,2804499.3103,3253219.2,6,8064.0,8064.0,Abierto,B3,Civil Todo Costo,INDUSTRIAS METALICAS RUIZBER S.A.S,900538388,,ruizbersas@hotmail.com,CR 91 91 15,4612662,P,0,BOGOTÁ D.C.,,,Activo,,,,,,J,Cerramiento Perimetral,311.0,Actividades Obra,M,Materiales,m,metro,ACTIVO,NO,3.0,NO,NO,0.0,0.0,51724.14,19.0,61551.7266,3996.0,1004,PRELIMINARES,Desarmado y Armado Cerramiento Metalico,4782.0,191280000.0,0,,m,0,SI,SI,NO,NO,SI,NO,
174,PDA PRELIMINARES,05 OBRAS PRELIMINARES,ADPRO,En ejecucion,SI,SIN PROPIETARIO,174,PDA PRELIMINARES,25.0,PDA GENERALES NO ASIGNADOS,5032010,PDA GG NO ASIGNADOS,NO,Principal,GRUPOS,1740190,"CONSTRUCCION, ARREGLO Y TRASLADO CERRAMIENTO PROVISIONAL BARU",Actas de Obra Quincenales,2013-09-17,RENE ALEJANDRO MELO JIMENEZ,17/09/2013,30/10/2013,40.0,40.0,21289.6552,3406.34483,987840.0,2804499.3103,3253219.2,1,24696.0,24696.0,Abierto,B3,Civil Todo Costo,INDUSTRIAS METALICAS RUIZBER S.A.S,900538388,,ruizbersas@hotmail.com,CR 91 91 15,4612662,P,0,BOGOTÁ D.C.,,,Activo,,,,,,J,Cerramiento Perimetral,311.0,Actividades Obra,M,Materiales,m,metro,ACTIVO,NO,3.0,NO,NO,0.0,0.0,51724.14,19.0,61551.7266,3996.0,1004,PRELIMINARES,Desarmado y Armado Cerramiento Metalico,4782.0,191280000.0,0,,m,0,SI,SI,NO,NO,SI,NO,
174,PDA PRELIMINARES,05 OBRAS PRELIMINARES,ADPRO,En ejecucion,SI,SIN PROPIETARIO,174,PDA PRELIMINARES,25.0,PDA GENERALES NO ASIGNADOS,5032010,PDA GG NO ASIGNADOS,NO,Principal,GRUPOS,1740162,CONSTRUCCION ACOMETIDAS PROVISIONALES,Actas de Obra Quincenales,2013-03-22,RENE ALEJANDRO MELO JIMENEZ,26/04/2013,30/05/2013,2.0,2.0,6515256.0,46956.8,13124425.6,30515010.0,30734938.0,7,6562212.8,6562212.8,Abierto,B3,Civil Todo Costo,REDES E INGENIERIA ELECTRICA LTDA,830065430,,redingelltda@hotmail.com,KR 53A 128A 40,4733620,P,0,BOGOTÁ D.C.,,,Activo,,,,,,J,Transformador Trifasico 75 kVA,332.0,Internas Electricas y Comunicaciones,C,Subcontratos,Un,unidad,ACTIVO,NO,0.0,NO,NO,0.0,0.0,16502884.48,19.0,19638432.5312,4654.0,3001,PRELIMINARES,Obras Provisionales Energia Sector E,1.013,386933187.917,0,,Sg,0,SI,SI,NO,NO,SI,NO,
174,PDA PRELIMINARES,05 OBRAS PRELIMINARES,ADPRO,En ejecucion,SI,SIN PROPIETARIO,174,PDA PRELIMINARES,25.0,PDA GENERALES NO ASIGNADOS,5032010,PDA GG NO ASIGNADOS,NO,Principal,GRUPOS,1740162,CONSTRUCCION ACOMETIDAS PROVISIONALES,Actas de Obra Quincenales,2013-03-22,RENE ALEJANDRO MELO JIMENEZ,26/04/2013,30/05/2013,4.0,3.0,1276500.0,9200.0,3857100.0,30515010.0,30734938.0,8,1285700.0,1285700.0,Abierto,B3,Civil Todo Costo,REDES E INGENIERIA ELECTRICA LTDA,830065430,,redingelltda@hotmail.com,KR 53A 128A 40,4733620,P,0,BOGOTÁ D.C.,,,Activo,,,,,,J,Poste en Concreto h=10m,311.0,Actividades Obra,C,Subcontratos,Un,unidad,ACTIVO,NO,0.0,NO,NO,0.0,0.0,862068.9655,19.0,1025862.0689,3847.0,3001,PRELIMINARES,Obras Provisionales Energia Sector E,1.013,386933187.917,0,,Sg,0,SI,SI,NO,NO,SI,NO,
174,PDA PRELIMINARES,05 OBRAS PRELIMINARES,ADPRO,En ejecucion,SI,SIN PROPIETARIO,174,PDA PRELIMINARES,25.0,PDA GENERALES NO ASIGNADOS,5032010,PDA GG NO ASIGNADOS,NO,Principal,GRUPOS,1740162,CONSTRUCCION ACOMETIDAS PROVISIONALES,Actas de Obra Quincenales,2013-03-22,RENE ALEJANDRO MELO JIMENEZ,26/04/2013,30/05/2013,4.0,4.0,13764.0,99.2,55452.8,30515010.0,30734938.0,6,13863.2,13863.2,Abierto,B3,Civil Todo Costo,REDES E INGENIERIA ELECTRICA LTDA,830065430,,redingelltda@hotmail.com,KR 53A 128A 40,4733620,P,0,BOGOTÁ D.C.,,,Activo,,,,,,J,Borna Terminal 4/0 MCM,332.0,Internas Electricas y Comunicaciones,M,Materiales,Un,unidad,ACTIVO,NO,0.0,NO,NO,0.0,0.0,11105.17,19.0,13215.1523,473.0,3001,PRELIMINARES,Obras Provisionales Energia Sector E,1.013,386933187.917,0,,Sg,0,SI,SI,NO,NO,SI,NO,
174,PDA PRELIMINARES,05 OBRAS PRELIMINARES,ADPRO,En ejecucion,SI,SIN PROPIETARIO,174,PDA PRELIMINARES,25.0,PDA GENERALES NO ASIGNADOS,5032010,PDA GG NO ASIGNADOS,NO,Principal,GRUPOS,1740162,CONSTRUCCION ACOMETIDAS PROVISIONALES,Actas de Obra Quincenales,2013-03-22,RENE ALEJANDRO MELO JIMENEZ,26/04/2013,30/05/2013,281.0,281.0,40182.0,289.6,11372519.6,30515010.0,30734938.0,4,40471.6,40471.6,Abierto,B3,Civil Todo Costo,REDES E INGENIERIA ELECTRICA LTDA,830065430,,redingelltda@hotmail.com,KR 53A 128A 40,4733620,P,0,BOGOTÁ D.C.,,,Activo,,,,,,J,Acometida 3x4/0 + 1x2/0,332.0,Internas Electricas y Comunicaciones,C,Subcontratos,m,metro,ACTIVO,NO,0.0,NO,NO,0.0,0.0,103085.55,19.0,122671.8045,4720.0,3001,PRELIMINARES,Obras Provisionales Energia Sector E,1.013,386933187.917,0,,Sg,0,SI,SI,NO,NO,SI,NO,
174,PDA PRELIMINARES,05 OBRAS PRELIMINARES,ADPRO,En ejecucion,SI,SIN PROPIETARIO,174,PDA PRELIMINARES,25.0,PDA GENERALES NO ASIGNADOS,5032010,PDA GG NO ASIGNADOS,NO,Principal,GRUPOS,1740162,CONSTRUCCION ACOMETIDAS PROVISIONALES,Actas de Obra Quincenales,2013-03-22,RENE ALEJANDRO MELO JIMENEZ,26/04/2013,30/05/2013,70.0,70.0,27417.0,197.6,1933022.0,30515010.0,30734938.0,1,27614.6,27614.6,Abierto,B3,Civil Todo Costo,REDES E INGENIERIA ELECTRICA LTDA,830065430,,redingelltda@hotmail.com,KR 53A 128A 40,4733620,P,0,BOGOTÁ D.C.,,,Activo,,,,,,J,Acometida 3x4/0 + 1x2/0,332.0,Internas Electricas y Comunicaciones,C,Subcontratos,m,metro,ACTIVO,NO,0.0,NO,NO,0.0,0.0,103085.55,19.0,122671.8045,4720.0,3001,PRELIMINARES,Obras Provisionales Energia Sector E,1.013,386933187.917,0,,Sg,0,SI,SI,NO,NO,SI,NO,
174,PDA PRELIMINARES,05 OBRAS PRELIMINARES,ADPRO,En ejecucion,SI,SIN PROPIETARIO,174,PDA PRELIMINARES,25.0,PDA GENERALES NO ASIGNADOS,5032010,PDA GG NO ASIGNADOS,NO,Principal,GRUPOS,1740162,CONSTRUCCION ACOMETIDAS PROVISIONALES,Actas de Obra Quincenales,2013-03-22,RENE ALEJANDRO MELO JIMENEZ,26/04/2013,30/05/2013,12.0,12.0,21645.0,156.0,261612.0,30515010.0,30734938.0,5,21801.0,21801.0,Abierto,B3,Civil Todo Costo,REDES E INGENIERIA ELECTRICA LTDA,830065430,,redingelltda@hotmail.com,KR 53A 128A 40,4733620,P,0,BOGOTÁ D.C.,,,Activo,,,,,,J,Borna Terminal 4/0 MCM,332.0,Internas Electricas y Comunicaciones,M,Materiales,Un,unidad,ACTIVO,NO,0.0,NO,NO,0.0,0.0,11105.17,19.0,13215.1523,473.0,3001,PRELIMINARES,Obras Provisionales Energia Sector E,1.013,386933187.917,0,,Sg,0,SI,SI,NO,NO,SI,NO,
174,PDA PRELIMINARES,05 OBRAS PRELIMINARES,ADPRO,En ejecucion,SI,SIN PROPIETARIO,174,PDA PRELIMINARES,25.0,PDA GENERALES NO ASIGNADOS,5032010,PDA GG NO ASIGNADOS,NO,Principal,GRUPOS,1740162,CONSTRUCCION ACOMETIDAS PROVISIONALES,Actas de Obra Quincenales,2013-03-22,RENE ALEJANDRO MELO JIMENEZ,26/04/2013,30/05/2013,2.0,0.0,13764.0,99.2,0.0,30515010.0,30734938.0,3,13863.2,13863.2,Abierto,B3,Civil Todo Costo,REDES E INGENIERIA ELECTRICA LTDA,830065430,,redingelltda@hotmail.com,KR 53A 128A 40,4733620,P,0,BOGOTÁ D.C.,,,Activo,,,,,,J,Borna Terminal 4/0 MCM,332.0,Internas Electricas y Comunicaciones,M,Materiales,Un,unidad,ACTIVO,NO,0.0,NO,NO,0.0,0.0,11105.17,19.0,13215.1523,473.0,3001,PRELIMINARES,Obras Provisionales Energia Sector E,1.013,386933187.917,0,,Sg,0,SI,SI,NO,NO,SI,NO,
174,PDA PRELIMINARES,05 OBRAS PRELIMINARES,ADPRO,En ejecucion,SI,SIN PROPIETARIO,174,PDA PRELIMINARES,25.0,PDA GENERALES NO ASIGNADOS,5032010,PDA GG NO ASIGNADOS,NO,Principal,GRUPOS,1740162,CONSTRUCCION ACOMETIDAS PROVISIONALES,Actas de Obra Quincenales,2013-03-22,RENE ALEJANDRO MELO JIMENEZ,26/04/2013,30/05/2013,6.0,6.0,21645.0,156.0,130806.0,30515010.0,30734938.0,2,21801.0,21801.0,Abierto,B3,Civil Todo Costo,REDES E INGENIERIA ELECTRICA LTDA,830065430,,redingelltda@hotmail.com,KR 53A 128A 40,4733620,P,0,BOGOTÁ D.C.,,,Activo,,,,,,J,Borna Terminal 4/0 MCM,332.0,Internas Electricas y Comunicaciones,M,Materiales,Un,unidad,ACTIVO,NO,0.0,NO,NO,0.0,0.0,11105.17,19.0,13215.1523,473.0,3001,PRELIMINARES,Obras Provisionales Energia Sector E,1.013,386933187.917,0,,Sg,0,SI,SI,NO,NO,SI,NO,
174,PDA PRELIMINARES,05 OBRAS PRELIMINARES,ADPRO,En ejecucion,SI,SIN PROPIETARIO,174,PDA PRELIMINARES,25.0,PDA GENERALES NO ASIGNADOS,5032010,PDA GG NO ASIGNADOS,NO,Principal,GRUPOS,1740190,"CONSTRUCCION, ARREGLO Y TRASLADO CERRAMIENTO PROVISIONAL BARU",Actas de Obra Quincenales,2013-09-17,RENE ALEJANDRO MELO JIMENEZ,17/09/2013,30/10/2013,5.0,5.0,103824.0,16611.84,602179.2,2804499.3103,3253219.2,5,120435.84,120435.84,Abierto,B3,Civil Todo Costo,INDUSTRIAS METALICAS RUIZBER S.A.S,900538388,,ruizbersas@hotmail.com,CR 91 91 15,4612662,P,0,BOGOTÁ D.C.,,,Activo,,,,,,J,Cerramiento Perimetral,311.0,Actividades Obra,M,Materiales,m,metro,ACTIVO,NO,3.0,NO,NO,0.0,0.0,51724.14,19.0,61551.7266,3996.0,1004,PRELIMINARES,Desarmado y Armado Cerramiento Metalico,4782.0,191280000.0,0,,m,0,SI,SI,NO,NO,SI,NO,
174,PDA PRELIMINARES,05 OBRAS PRELIMINARES,ADPRO,En ejecucion,SI,SIN PROPIETARIO,174,PDA PRELIMINARES,25.0,PDA GENERALES NO ASIGNADOS,5032010,PDA GG NO ASIGNADOS,NO,Principal,GRUPOS,1740190,"CONSTRUCCION, ARREGLO Y TRASLADO CERRAMIENTO PROVISIONAL BARU",Actas de Obra Quincenales,2013-09-17,RENE ALEJANDRO MELO JIMENEZ,17/09/2013,30/10/2013,10.0,10.0,13034.4828,2085.51725,151200.0,2804499.3103,3253219.2,4,15120.0,15120.0,Abierto,B3,Civil Todo Costo,INDUSTRIAS METALICAS RUIZBER S.A.S,900538388,,ruizbersas@hotmail.com,CR 91 91 15,4612662,P,0,BOGOTÁ D.C.,,,Activo,,,,,,J,Poste Cerramiento Provisional,999.0,Varios,C,Subcontratos,Un,unidad,ACTIVO,NO,0.0,NO,NO,0.0,0.0,344827.59,19.0,410344.8321,4041.0,1004,PRELIMINARES,Desarmado y Armado Cerramiento Metalico,4782.0,191280000.0,0,,m,0,SI,SI,NO,NO,SI,NO,
174,PDA PRELIMINARES,05 OBRAS PRELIMINARES,ADPRO,En ejecucion,SI,SIN PROPIETARIO,174,PDA PRELIMINARES,25.0,PDA GENERALES NO ASIGNADOS,5032010,PDA GG NO ASIGNADOS,NO,Principal,GRUPOS,1740190,"CONSTRUCCION, ARREGLO Y TRASLADO CERRAMIENTO PROVISIONAL BARU",Actas de Obra Quincenales,2013-09-17,RENE ALEJANDRO MELO JIMENEZ,17/09/2013,30/10/2013,7.0,7.0,26068.9655,4171.03448,211680.0,2804499.3103,3253219.2,2,30240.0,30240.0,Abierto,B3,Civil Todo Costo,INDUSTRIAS METALICAS RUIZBER S.A.S,900538388,,ruizbersas@hotmail.com,CR 91 91 15,4612662,P,0,BOGOTÁ D.C.,,,Activo,,,,,,J,Poste Cerramiento Provisional,999.0,Varios,C,Subcontratos,Un,unidad,ACTIVO,NO,0.0,NO,NO,0.0,0.0,344827.59,19.0,410344.8321,4041.0,1004,PRELIMINARES,Desarmado y Armado Cerramiento Metalico,4782.0,191280000.0,0,,m,0,SI,SI,NO,NO,SI,NO,
93,PDA INFRAESTRUCTURA,02 OBRAS URBANAS,ADPRO,En ejecucion,SI,SIN PROPIETARIO,93,PDA INFRAESTRUCTURA,37.0,PDA INFRAESTRUCTURA,5031015,PDA URBANISMO,NO,Principal,GRUPOS,930036,CONSTRUCCION PONTON ETAPA 2,"Anticipo 30%, saldo en actas de obra quincenales",2013-01-21,RENE ALEJANDRO MELO JIMENEZ,28/01/2013,03/12/2013,83720.0,83720.0,24.1761,0.1758,2038741.068,190539795.0943,191925539.05862,29,24.3519,24.3519230769,Abierto,B3,Civil Todo Costo,PAVIMENTOS Y CONSTRUCCIONES SANTAFE MENDEZ SIERRA & CIA S EN C,900029842,,paviconsantafe@etb.net.co,CR 35B 10A 71 SUR,2023401,P,0,BOGOTÁ D.C.,,,Activo,,,,,,J,Transporte,999.0,Varios,T,Transporte,Un,unidad,ACTIVO,NO,0.0,NO,NO,0.0,0.0,10000.0,0.0,10000.0,4006.0,1006,PONTONES,Pontones,3.0,600000000.0,0,,Sg,0,SI,SI,NO,NO,SI,NO,
174,PDA PRELIMINARES,05 OBRAS PRELIMINARES,ADPRO,En ejecucion,SI,SIN PROPIETARIO,174,PDA PRELIMINARES,25.0,PDA GENERALES NO ASIGNADOS,5032010,PDA GG NO ASIGNADOS,NO,Principal,GRUPOS,1740203,INSTALACIONES HIDROSANITARIAS CAMPAMENTO Y CASINO GALERAS,Actas de Obra Quincenales,2013-10-18,RENE ALEJANDRO MELO JIMENEZ,18/10/2013,30/11/2013,150.0,150.0,5126.9479,26.56691,773027.22,4034601.9737,4055508.5476,3,5153.5148,5153.5148,Abierto,B3,Civil Todo Costo,INSTALACIONES HIDRAULICAS SANITARIAS Y A GAS GP SAS,900714049,,gersan525@hotmail.com,CR 121 128 B  52 BL 162  AP 503,3134203541,A,0,BOGOTÁ D.C.,4322.0,"Instalaciones de fontanería, calefacción y aire acondicionado.",Activo,,,,,,J,MDO PUNTO AGUA FRIA,300.0,Sub-Analisis,A,Subanalisis,Un,unidad,INACTIVO,NO,3.0,SI,NO,0.0,0.0,0.0,0.0,0.0,4204.0,2021,PRELIMINARES,Almacen Y Baños Etapa 4,1.0,25000000.0,0,,Sg,0,SI,SI,NO,NO,SI,NO,
174,PDA PRELIMINARES,05 OBRAS PRELIMINARES,ADPRO,En ejecucion,SI,SIN PROPIETARIO,174,PDA PRELIMINARES,25.0,PDA GENERALES NO ASIGNADOS,5032010,PDA GG NO ASIGNADOS,NO,Principal,GRUPOS,1740201,CONSTRUCCION CAMPAMENTO CASINO Y CUARTO DE CILINDROS GALERAS,Actas de Obra Quincenales,2013-10-18,RENE ALEJANDRO MELO JIMENEZ,18/10/2013,30/11/2013,98.0,98.0,8428.7807,64.2193,832314.0,10665369.0453,10746629.0,1,8493.0,8493.0,Abierto,B,Civil Mano de Obra,CONSTRUCCIONES Y ACABADOS GAC SAS,900719700,,greanto65@gmail.com,CR 110 A 132 C 07,6876684,A,0,BOGOTÁ D.C.,4111.0,Construcción de edificios residenciales.,Activo,,,,,,J,MDO MURO BLOQUE ARCILLA No 4 e=25cm,300.0,Sub-Analisis,A,Subanalisis,m2,metro cuadrado,INACTIVO,NO,0.0,SI,NO,0.0,0.0,0.0,0.0,0.0,3729.0,2021,PRELIMINARES,Almacen Y Baños Etapa 4,1.0,25000000.0,0,,Sg,0,SI,SI,NO,NO,SI,NO,
174,PDA PRELIMINARES,05 OBRAS PRELIMINARES,ADPRO,En ejecucion,SI,SIN PROPIETARIO,174,PDA PRELIMINARES,25.0,PDA GENERALES NO ASIGNADOS,5032010,PDA GG NO ASIGNADOS,NO,Principal,GRUPOS,1740201,CONSTRUCCION CAMPAMENTO CASINO Y CUARTO DE CILINDROS GALERAS,Actas de Obra Quincenales,2013-10-18,RENE ALEJANDRO MELO JIMENEZ,18/10/2013,30/11/2013,25.0,25.0,8428.7807,64.2193,212325.0,10665369.0453,10746629.0,12,8493.0,8493.0,Abierto,B,Civil Mano de Obra,CONSTRUCCIONES Y ACABADOS GAC SAS,900719700,,greanto65@gmail.com,CR 110 A 132 C 07,6876684,A,0,BOGOTÁ D.C.,4111.0,Construcción de edificios residenciales.,Activo,,,,,,J,MDO MURO BLOQUE ARCILLA No 4 e=25cm,300.0,Sub-Analisis,A,Subanalisis,m2,metro cuadrado,INACTIVO,NO,0.0,SI,NO,0.0,0.0,0.0,0.0,0.0,3729.0,2021,PRELIMINARES,Almacen Y Baños Etapa 4,1.0,25000000.0,0,,Sg,0,SI,SI,NO,NO,SI,NO,
93,PDA INFRAESTRUCTURA,02 OBRAS URBANAS,ADPRO,En ejecucion,SI,SIN PROPIETARIO,93,PDA INFRAESTRUCTURA,37.0,PDA INFRAESTRUCTURA,5031015,PDA URBANISMO,NO,Principal,GRUPOS,930036,CONSTRUCCION PONTON ETAPA 2,"Anticipo 30%, saldo en actas de obra quincenales",2013-01-21,RENE ALEJANDRO MELO JIMENEZ,28/01/2013,03/12/2013,1.0,1.0,816144.4043,5935.5957,822080.0,190539795.0943,191925539.05862,6,822080.0,822080.0,Abierto,B3,Civil Todo Costo,PAVIMENTOS Y CONSTRUCCIONES SANTAFE MENDEZ SIERRA & CIA S EN C,900029842,,paviconsantafe@etb.net.co,CR 35B 10A 71 SUR,2023401,P,0,BOGOTÁ D.C.,,,Activo,,,,,,J,Instalacion Sumidero,335.0,Redes Enterradas Rejillas Sumideros,O,MdeO Contratista,Un,unidad,ACTIVO,NO,0.0,NO,NO,0.0,0.0,150000.0,0.0,150000.0,4122.0,1006,PONTONES,Pontones,3.0,600000000.0,0,,Sg,0,SI,SI,NO,NO,SI,NO,
174,PDA PRELIMINARES,05 OBRAS PRELIMINARES,ADPRO,En ejecucion,SI,SIN PROPIETARIO,174,PDA PRELIMINARES,25.0,PDA GENERALES NO ASIGNADOS,5032010,PDA GG NO ASIGNADOS,NO,Principal,GRUPOS,1740201,CONSTRUCCION CAMPAMENTO CASINO Y CUARTO DE CILINDROS GALERAS,Actas de Obra Quincenales,2013-10-18,RENE ALEJANDRO MELO JIMENEZ,18/10/2013,30/11/2013,1.0,1.0,297731.569,2268.431,300000.0,10665369.0453,10746629.0,14,300000.0,300000.0,Abierto,B,Civil Mano de Obra,CONSTRUCCIONES Y ACABADOS GAC SAS,900719700,,greanto65@gmail.com,CR 110 A 132 C 07,6876684,A,0,BOGOTÁ D.C.,4111.0,Construcción de edificios residenciales.,Activo,,,,,,J,Campamento (Construccion),311.0,Actividades Obra,C,Subcontratos,Un,unidad,ACTIVO,NO,3.0,NO,NO,0.0,0.0,10000.0,0.0,10000.0,3997.0,2021,PRELIMINARES,Almacen Y Baños Etapa 4,1.0,25000000.0,0,,Sg,0,SI,SI,NO,NO,SI,NO,
174,PDA PRELIMINARES,05 OBRAS PRELIMINARES,ADPRO,En ejecucion,SI,SIN PROPIETARIO,174,PDA PRELIMINARES,25.0,PDA GENERALES NO ASIGNADOS,5032010,PDA GG NO ASIGNADOS,NO,Principal,GRUPOS,1740201,CONSTRUCCION CAMPAMENTO CASINO Y CUARTO DE CILINDROS GALERAS,Actas de Obra Quincenales,2013-10-18,RENE ALEJANDRO MELO JIMENEZ,18/10/2013,30/11/2013,1.0,1.0,198487.7127,1512.2873,200000.0,10665369.0453,10746629.0,7,200000.0,200000.0,Abierto,B,Civil Mano de Obra,CONSTRUCCIONES Y ACABADOS GAC SAS,900719700,,greanto65@gmail.com,CR 110 A 132 C 07,6876684,A,0,BOGOTÁ D.C.,4111.0,Construcción de edificios residenciales.,Activo,,,,,,J,Meson Granito Ref Baja,339.0,Actividades de Obra VIS,C,Subcontratos,m,metro,ACTIVO,NO,0.0,NO,NO,0.0,0.0,103808.0,0.0,103808.0,1935.0,2021,PRELIMINARES,Almacen Y Baños Etapa 4,1.0,25000000.0,0,,Sg,0,SI,SI,NO,NO,SI,NO,
337,PDA LOCATIVAS,10 OBRAS EJECUCION DE GARANTIAS,ADPRO,En ejecucion,SI,SIN PROPIETARIO,337,PDA LOCATIVAS,25.0,PDA GENERALES NO ASIGNADOS,5032010,PDA GG NO ASIGNADOS,NO,Principal,GRUPOS,3370004,NOMINA GRUPO LOCATIVAS - PROYECTO PALO DE AGUA - Proyeccion a Junio 2013,ACTAS DE OBRA,2013-04-15,RENE ALEJANDRO MELO JIMENEZ,15/04/2013,30/06/2015,3.0,2.73551093,531496.063,8503.93701,1477175.9022,71677646.6209,72824488.96685,18,540000.0,540000.0,Abierto,C3,Suministro MdeO Temp.,OUTSOURCING Y TEMPORALES S.A.S. SIGLA OTEM S.A.S.,830091033,,admin.colombia4@jobandtalent.com,CR 12  90  19 P4,5088150,A,60,BOGOTÁ D.C.,7820.0,Actividades de empresas de servicios temporales.,Activo,,,,,,J,Bonificacion,999.0,Varios,S,Servicios,Un,unidad,ACTIVO,NO,3.0,NO,NO,0.0,0.0,10000.0,0.0,10000.0,4024.0,2006,PDA LOCATIVAS,Bonificaciones No Profesionales,4.0,50400000.0,0,,Sg,0,SI,SI,NO,NO,SI,NO,
337,PDA LOCATIVAS,10 OBRAS EJECUCION DE GARANTIAS,ADPRO,En ejecucion,SI,SIN PROPIETARIO,337,PDA LOCATIVAS,25.0,PDA GENERALES NO ASIGNADOS,5032010,PDA GG NO ASIGNADOS,NO,Principal,GRUPOS,3370004,NOMINA GRUPO LOCATIVAS - PROYECTO PALO DE AGUA - Proyeccion a Junio 2013,ACTAS DE OBRA,2013-04-15,RENE ALEJANDRO MELO JIMENEZ,15/04/2013,30/06/2015,2.0,0.0,531496.063,8503.93701,0.0,71677646.6209,72824488.96685,6,540000.0,540000.0,Abierto,C3,Suministro MdeO Temp.,OUTSOURCING Y TEMPORALES S.A.S. SIGLA OTEM S.A.S.,830091033,,admin.colombia4@jobandtalent.com,CR 12  90  19 P4,5088150,A,60,BOGOTÁ D.C.,7820.0,Actividades de empresas de servicios temporales.,Activo,,,,,,J,Bonificacion,999.0,Varios,S,Servicios,Un,unidad,ACTIVO,NO,3.0,NO,NO,0.0,0.0,10000.0,0.0,10000.0,4024.0,2006,PDA LOCATIVAS,Bonificaciones No Profesionales,4.0,50400000.0,0,,Sg,0,SI,SI,NO,NO,SI,NO,
337,PDA LOCATIVAS,10 OBRAS EJECUCION DE GARANTIAS,ADPRO,En ejecucion,SI,SIN PROPIETARIO,337,PDA LOCATIVAS,25.0,PDA GENERALES NO ASIGNADOS,5032010,PDA GG NO ASIGNADOS,NO,Principal,GRUPOS,3370004,NOMINA GRUPO LOCATIVAS - PROYECTO PALO DE AGUA - Proyeccion a Junio 2013,ACTAS DE OBRA,2013-04-15,RENE ALEJANDRO MELO JIMENEZ,15/04/2013,30/06/2015,3.0,2.4,356648.622,5706.37795,869652.0,71677646.6209,72824488.96685,13,362355.0,362355.0,Abierto,C3,Suministro MdeO Temp.,OUTSOURCING Y TEMPORALES S.A.S. SIGLA OTEM S.A.S.,830091033,,admin.colombia4@jobandtalent.com,CR 12  90  19 P4,5088150,A,60,BOGOTÁ D.C.,7820.0,Actividades de empresas de servicios temporales.,Activo,,,,,,J,Prima Servicios,999.0,Varios,S,Servicios,Un,unidad,ACTIVO,NO,3.0,NO,NO,0.0,0.0,10000.0,0.0,10000.0,4021.0,2001,PDA LOCATIVAS,Prima Servicios (%),18.0,22284000.0,0,,und,0,SI,SI,NO,NO,SI,NO,
337,PDA LOCATIVAS,10 OBRAS EJECUCION DE GARANTIAS,ADPRO,En ejecucion,SI,SIN PROPIETARIO,337,PDA LOCATIVAS,25.0,PDA GENERALES NO ASIGNADOS,5032010,PDA GG NO ASIGNADOS,NO,Principal,GRUPOS,3370004,NOMINA GRUPO LOCATIVAS - PROYECTO PALO DE AGUA - Proyeccion a Junio 2013,ACTAS DE OBRA,2013-04-15,RENE ALEJANDRO MELO JIMENEZ,15/04/2013,30/06/2015,3.0,0.0,68503.937,1096.06299,0.0,71677646.6209,72824488.96685,12,69600.0,69600.0,Abierto,C3,Suministro MdeO Temp.,OUTSOURCING Y TEMPORALES S.A.S. SIGLA OTEM S.A.S.,830091033,,admin.colombia4@jobandtalent.com,CR 12  90  19 P4,5088150,A,60,BOGOTÁ D.C.,7820.0,Actividades de empresas de servicios temporales.,Activo,,,,,,J,"IVA (1,6%)",999.0,Varios,S,Servicios,mes,mes,ACTIVO,NO,3.0,NO,NO,0.0,0.0,10000.0,0.0,10000.0,4020.0,1005,PDA LOCATIVAS,IVA (1.6%),5.528136,14838119.5355,0,,und,0,SI,SI,NO,NO,SI,NO,
337,PDA LOCATIVAS,10 OBRAS EJECUCION DE GARANTIAS,ADPRO,En ejecucion,SI,SIN PROPIETARIO,337,PDA LOCATIVAS,25.0,PDA GENERALES NO ASIGNADOS,5032010,PDA GG NO ASIGNADOS,NO,Principal,GRUPOS,3370004,NOMINA GRUPO LOCATIVAS - PROYECTO PALO DE AGUA - Proyeccion a Junio 2013,ACTAS DE OBRA,2013-04-15,RENE ALEJANDRO MELO JIMENEZ,15/04/2013,30/06/2015,3.0,0.5,428149.6063,6850.3937,217500.0,71677646.6209,72824488.96685,11,435000.0,435000.0,Abierto,C3,Suministro MdeO Temp.,OUTSOURCING Y TEMPORALES S.A.S. SIGLA OTEM S.A.S.,830091033,,admin.colombia4@jobandtalent.com,CR 12  90  19 P4,5088150,A,60,BOGOTÁ D.C.,7820.0,Actividades de empresas de servicios temporales.,Activo,,,,,,J,Administracion Nomina,999.0,Varios,S,Servicios,Un,unidad,ACTIVO,NO,3.0,NO,NO,0.0,0.0,10000.0,0.0,10000.0,4019.0,1004,PDA LOCATIVAS,Admon (%),23.619,63395970.2348,0,,und,0,SI,SI,NO,NO,SI,NO,
337,PDA LOCATIVAS,10 OBRAS EJECUCION DE GARANTIAS,ADPRO,En ejecucion,SI,SIN PROPIETARIO,337,PDA LOCATIVAS,25.0,PDA GENERALES NO ASIGNADOS,5032010,PDA GG NO ASIGNADOS,NO,Principal,GRUPOS,3370004,NOMINA GRUPO LOCATIVAS - PROYECTO PALO DE AGUA - Proyeccion a Junio 2013,ACTAS DE OBRA,2013-04-15,RENE ALEJANDRO MELO JIMENEZ,15/04/2013,30/06/2015,3.0,2.4,428149.6063,6850.3937,1044000.0,71677646.6209,72824488.96685,14,435000.0,435000.0,Abierto,C3,Suministro MdeO Temp.,OUTSOURCING Y TEMPORALES S.A.S. SIGLA OTEM S.A.S.,830091033,,admin.colombia4@jobandtalent.com,CR 12  90  19 P4,5088150,A,60,BOGOTÁ D.C.,7820.0,Actividades de empresas de servicios temporales.,Activo,,,,,,J,Cesantias,999.0,Varios,S,Servicios,Un,unidad,ACTIVO,NO,3.0,NO,NO,0.0,0.0,10000.0,0.0,10000.0,4022.0,2002,PDA LOCATIVAS,Cesantias (%),19.0,23522000.0,0,,und,0,SI,SI,NO,NO,SI,NO,
337,PDA LOCATIVAS,10 OBRAS EJECUCION DE GARANTIAS,ADPRO,En ejecucion,SI,SIN PROPIETARIO,337,PDA LOCATIVAS,25.0,PDA GENERALES NO ASIGNADOS,5032010,PDA GG NO ASIGNADOS,NO,Principal,GRUPOS,3370004,NOMINA GRUPO LOCATIVAS - PROYECTO PALO DE AGUA - Proyeccion a Junio 2013,ACTAS DE OBRA,2013-04-15,RENE ALEJANDRO MELO JIMENEZ,15/04/2013,30/06/2015,3.0,2.79781089,856299.2126,13700.7874,2434095.4743,71677646.6209,72824488.96685,19,870000.0,870000.0,Abierto,C3,Suministro MdeO Temp.,OUTSOURCING Y TEMPORALES S.A.S. SIGLA OTEM S.A.S.,830091033,,admin.colombia4@jobandtalent.com,CR 12  90  19 P4,5088150,A,60,BOGOTÁ D.C.,7820.0,Actividades de empresas de servicios temporales.,Activo,,,,,,J,Horas Extra,999.0,Varios,S,Servicios,Un,unidad,ACTIVO,NO,3.0,NO,NO,0.0,0.0,10000.0,0.0,10000.0,4025.0,2007,PDA LOCATIVAS,Horas Extras,4.0,3155484.0,0,,mes,0,SI,SI,NO,NO,SI,NO,
337,PDA LOCATIVAS,10 OBRAS EJECUCION DE GARANTIAS,ADPRO,En ejecucion,SI,SIN PROPIETARIO,337,PDA LOCATIVAS,25.0,PDA GENERALES NO ASIGNADOS,5032010,PDA GG NO ASIGNADOS,NO,Principal,GRUPOS,3370004,NOMINA GRUPO LOCATIVAS - PROYECTO PALO DE AGUA - Proyeccion a Junio 2013,ACTAS DE OBRA,2013-04-15,RENE ALEJANDRO MELO JIMENEZ,15/04/2013,30/06/2015,15.0,11.43485103,69389.7638,1110.23622,806156.99762,71677646.6209,72824488.96685,21,70500.0,70500.0,Abierto,C3,Suministro MdeO Temp.,OUTSOURCING Y TEMPORALES S.A.S. SIGLA OTEM S.A.S.,830091033,,admin.colombia4@jobandtalent.com,CR 12  90  19 P4,5088150,A,60,BOGOTÁ D.C.,7820.0,Actividades de empresas de servicios temporales.,Activo,,,,,,J,Transporte,999.0,Varios,T,Transporte,Un,unidad,ACTIVO,NO,0.0,NO,NO,0.0,0.0,10000.0,0.0,10000.0,4006.0,2010,PDA LOCATIVAS,Subsidio de Transporte,5.0,25243884.0,0,,Sg,0,SI,SI,NO,NO,SI,NO,
337,PDA LOCATIVAS,10 OBRAS EJECUCION DE GARANTIAS,ADPRO,En ejecucion,SI,SIN PROPIETARIO,337,PDA LOCATIVAS,25.0,PDA GENERALES NO ASIGNADOS,5032010,PDA GG NO ASIGNADOS,NO,Principal,GRUPOS,3370004,NOMINA GRUPO LOCATIVAS - PROYECTO PALO DE AGUA - Proyeccion a Junio 2013,ACTAS DE OBRA,2013-04-15,RENE ALEJANDRO MELO JIMENEZ,15/04/2013,30/06/2015,3.0,1.2,178538.3858,2856.61417,217674.0,71677646.6209,72824488.96685,16,181395.0,181395.0,Abierto,C3,Suministro MdeO Temp.,OUTSOURCING Y TEMPORALES S.A.S. SIGLA OTEM S.A.S.,830091033,,admin.colombia4@jobandtalent.com,CR 12  90  19 P4,5088150,A,60,BOGOTÁ D.C.,7820.0,Actividades de empresas de servicios temporales.,Activo,,,,,,J,Vacaciones,999.0,Varios,S,Servicios,Un,unidad,ACTIVO,NO,3.0,NO,NO,0.0,0.0,10000.0,0.0,10000.0,4023.0,2004,PDA LOCATIVAS,Vacaciones (%),10.0,12380000.0,0,,und,0,SI,SI,NO,NO,SI,NO,
337,PDA LOCATIVAS,10 OBRAS EJECUCION DE GARANTIAS,ADPRO,En ejecucion,SI,SIN PROPIETARIO,337,PDA LOCATIVAS,25.0,PDA GENERALES NO ASIGNADOS,5032010,PDA GG NO ASIGNADOS,NO,Principal,GRUPOS,3370004,NOMINA GRUPO LOCATIVAS - PROYECTO PALO DE AGUA - Proyeccion a Junio 2013,ACTAS DE OBRA,2013-04-15,RENE ALEJANDRO MELO JIMENEZ,15/04/2013,30/06/2015,3.0,3.0,492125.9843,7874.01575,1500000.0,71677646.6209,72824488.96685,20,500000.0,500000.0,Abierto,C3,Suministro MdeO Temp.,OUTSOURCING Y TEMPORALES S.A.S. SIGLA OTEM S.A.S.,830091033,,admin.colombia4@jobandtalent.com,CR 12  90  19 P4,5088150,A,60,BOGOTÁ D.C.,7820.0,Actividades de empresas de servicios temporales.,Activo,,,,,,J,Transporte,999.0,Varios,T,Transporte,Un,unidad,ACTIVO,NO,0.0,NO,NO,0.0,0.0,10000.0,0.0,10000.0,4006.0,2009,PDA LOCATIVAS,Ruta Transporte,5.0,52560950.0,0,,Sg,0,SI,SI,NO,NO,SI,NO,
337,PDA LOCATIVAS,10 OBRAS EJECUCION DE GARANTIAS,ADPRO,En ejecucion,SI,SIN PROPIETARIO,337,PDA LOCATIVAS,25.0,PDA GENERALES NO ASIGNADOS,5032010,PDA GG NO ASIGNADOS,NO,Principal,GRUPOS,3370004,NOMINA GRUPO LOCATIVAS - PROYECTO PALO DE AGUA - Proyeccion a Junio 2013,ACTAS DE OBRA,2013-04-15,RENE ALEJANDRO MELO JIMENEZ,15/04/2013,30/06/2015,3.0,3.0,1299212.5984,20787.40157,3960000.0,71677646.6209,72824488.96685,17,1320000.0,1320000.0,Abierto,C3,Suministro MdeO Temp.,OUTSOURCING Y TEMPORALES S.A.S. SIGLA OTEM S.A.S.,830091033,,admin.colombia4@jobandtalent.com,CR 12  90  19 P4,5088150,A,60,BOGOTÁ D.C.,7820.0,Actividades de empresas de servicios temporales.,Activo,,,,,,J,Bonificacion,999.0,Varios,S,Servicios,Un,unidad,ACTIVO,NO,3.0,NO,NO,0.0,0.0,10000.0,0.0,10000.0,4024.0,2005,PDA LOCATIVAS,Bonificaciones Profesionales,2.0,97280000.0,0,,Sg,0,SI,SI,NO,NO,SI,NO,
337,PDA LOCATIVAS,10 OBRAS EJECUCION DE GARANTIAS,ADPRO,En ejecucion,SI,SIN PROPIETARIO,337,PDA LOCATIVAS,25.0,PDA GENERALES NO ASIGNADOS,5032010,PDA GG NO ASIGNADOS,NO,Principal,GRUPOS,3370004,NOMINA GRUPO LOCATIVAS - PROYECTO PALO DE AGUA - Proyeccion a Junio 2013,ACTAS DE OBRA,2013-04-15,RENE ALEJANDRO MELO JIMENEZ,15/04/2013,30/06/2015,3.0,2.4,42814.9606,685.03937,104400.0,71677646.6209,72824488.96685,15,43500.0,43500.0,Abierto,C3,Suministro MdeO Temp.,OUTSOURCING Y TEMPORALES S.A.S. SIGLA OTEM S.A.S.,830091033,,admin.colombia4@jobandtalent.com,CR 12  90  19 P4,5088150,A,60,BOGOTÁ D.C.,7820.0,Actividades de empresas de servicios temporales.,Activo,,,,,,J,Cesantias,999.0,Varios,S,Servicios,Un,unidad,ACTIVO,NO,3.0,NO,NO,0.0,0.0,10000.0,0.0,10000.0,4022.0,2003,PDA LOCATIVAS,Intereses Cesantias (%),8.339,10323682.0,0,,und,0,SI,SI,NO,NO,SI,NO,
337,PDA LOCATIVAS,10 OBRAS EJECUCION DE GARANTIAS,ADPRO,En ejecucion,SI,SIN PROPIETARIO,337,PDA LOCATIVAS,25.0,PDA GENERALES NO ASIGNADOS,5032010,PDA GG NO ASIGNADOS,NO,Principal,GRUPOS,3370004,NOMINA GRUPO LOCATIVAS - PROYECTO PALO DE AGUA - Proyeccion a Junio 2013,ACTAS DE OBRA,2013-04-15,RENE ALEJANDRO MELO JIMENEZ,15/04/2013,30/06/2015,1.0,0.0,381245.0787,6099.92126,0.0,71677646.6209,72824488.96685,29,387345.0,387345.0,Abierto,C3,Suministro MdeO Temp.,OUTSOURCING Y TEMPORALES S.A.S. SIGLA OTEM S.A.S.,830091033,,admin.colombia4@jobandtalent.com,CR 12  90  19 P4,5088150,A,60,BOGOTÁ D.C.,7820.0,Actividades de empresas de servicios temporales.,Activo,,,,,,J,Prima Servicios,999.0,Varios,S,Servicios,Un,unidad,ACTIVO,NO,3.0,NO,NO,0.0,0.0,10000.0,0.0,10000.0,4021.0,2001,PDA LOCATIVAS,Prima Servicios (%),18.0,22284000.0,0,,und,0,SI,SI,NO,NO,SI,NO,
337,PDA LOCATIVAS,10 OBRAS EJECUCION DE GARANTIAS,ADPRO,En ejecucion,SI,SIN PROPIETARIO,337,PDA LOCATIVAS,25.0,PDA GENERALES NO ASIGNADOS,5032010,PDA GG NO ASIGNADOS,NO,Principal,GRUPOS,3370004,NOMINA GRUPO LOCATIVAS - PROYECTO PALO DE AGUA - Proyeccion a Junio 2013,ACTAS DE OBRA,2013-04-15,RENE ALEJANDRO MELO JIMENEZ,15/04/2013,30/06/2015,1.0,0.0,4937.0079,78.99213,0.0,71677646.6209,72824488.96685,28,5016.0,5016.0,Abierto,C3,Suministro MdeO Temp.,OUTSOURCING Y TEMPORALES S.A.S. SIGLA OTEM S.A.S.,830091033,,admin.colombia4@jobandtalent.com,CR 12  90  19 P4,5088150,A,60,BOGOTÁ D.C.,7820.0,Actividades de empresas de servicios temporales.,Activo,,,,,,J,"IVA (1,6%)",999.0,Varios,S,Servicios,mes,mes,ACTIVO,NO,3.0,NO,NO,0.0,0.0,10000.0,0.0,10000.0,4020.0,1005,PDA LOCATIVAS,IVA (1.6%),5.528136,14838119.5355,0,,und,0,SI,SI,NO,NO,SI,NO,
337,PDA LOCATIVAS,10 OBRAS EJECUCION DE GARANTIAS,ADPRO,En ejecucion,SI,SIN PROPIETARIO,337,PDA LOCATIVAS,25.0,PDA GENERALES NO ASIGNADOS,5032010,PDA GG NO ASIGNADOS,NO,Principal,GRUPOS,3370004,NOMINA GRUPO LOCATIVAS - PROYECTO PALO DE AGUA - Proyeccion a Junio 2013,ACTAS DE OBRA,2013-04-15,RENE ALEJANDRO MELO JIMENEZ,15/04/2013,30/06/2015,1.0,0.0,457677.1654,7322.83465,0.0,71677646.6209,72824488.96685,30,465000.0,465000.0,Abierto,C3,Suministro MdeO Temp.,OUTSOURCING Y TEMPORALES S.A.S. SIGLA OTEM S.A.S.,830091033,,admin.colombia4@jobandtalent.com,CR 12  90  19 P4,5088150,A,60,BOGOTÁ D.C.,7820.0,Actividades de empresas de servicios temporales.,Activo,,,,,,J,Cesantias,999.0,Varios,S,Servicios,Un,unidad,ACTIVO,NO,3.0,NO,NO,0.0,0.0,10000.0,0.0,10000.0,4022.0,2002,PDA LOCATIVAS,Cesantias (%),19.0,23522000.0,0,,und,0,SI,SI,NO,NO,SI,NO,
337,PDA LOCATIVAS,10 OBRAS EJECUCION DE GARANTIAS,ADPRO,En ejecucion,SI,SIN PROPIETARIO,337,PDA LOCATIVAS,25.0,PDA GENERALES NO ASIGNADOS,5032010,PDA GG NO ASIGNADOS,NO,Principal,GRUPOS,3370004,NOMINA GRUPO LOCATIVAS - PROYECTO PALO DE AGUA - Proyeccion a Junio 2013,ACTAS DE OBRA,2013-04-15,RENE ALEJANDRO MELO JIMENEZ,15/04/2013,30/06/2015,1.0,0.0,30856.2992,493.70079,0.0,71677646.6209,72824488.96685,27,31350.0,31350.0,Abierto,C3,Suministro MdeO Temp.,OUTSOURCING Y TEMPORALES S.A.S. SIGLA OTEM S.A.S.,830091033,,admin.colombia4@jobandtalent.com,CR 12  90  19 P4,5088150,A,60,BOGOTÁ D.C.,7820.0,Actividades de empresas de servicios temporales.,Activo,,,,,,J,Administracion Nomina,999.0,Varios,S,Servicios,Un,unidad,ACTIVO,NO,3.0,NO,NO,0.0,0.0,10000.0,0.0,10000.0,4019.0,1004,PDA LOCATIVAS,Admon (%),23.619,63395970.2348,0,,und,0,SI,SI,NO,NO,SI,NO,
337,PDA LOCATIVAS,10 OBRAS EJECUCION DE GARANTIAS,ADPRO,En ejecucion,SI,SIN PROPIETARIO,337,PDA LOCATIVAS,25.0,PDA GENERALES NO ASIGNADOS,5032010,PDA GG NO ASIGNADOS,NO,Principal,GRUPOS,3370004,NOMINA GRUPO LOCATIVAS - PROYECTO PALO DE AGUA - Proyeccion a Junio 2013,ACTAS DE OBRA,2013-04-15,RENE ALEJANDRO MELO JIMENEZ,15/04/2013,30/06/2015,1.0,0.0,431611.3484,6905.78157,0.0,71677646.6209,72824488.96685,37,438517.13,438517.13,Abierto,C3,Suministro MdeO Temp.,OUTSOURCING Y TEMPORALES S.A.S. SIGLA OTEM S.A.S.,830091033,,admin.colombia4@jobandtalent.com,CR 12  90  19 P4,5088150,A,60,BOGOTÁ D.C.,7820.0,Actividades de empresas de servicios temporales.,Activo,,,,,,J,Aportes,999.0,Varios,S,Servicios,Un,unidad,ACTIVO,NO,3.0,NO,NO,0.0,0.0,10000.0,0.0,10000.0,4026.0,3001,PDA LOCATIVAS,Aportes Salud (%),27.0,33426000.0,0,,und,0,SI,SI,NO,NO,SI,NO,
337,PDA LOCATIVAS,10 OBRAS EJECUCION DE GARANTIAS,ADPRO,En ejecucion,SI,SIN PROPIETARIO,337,PDA LOCATIVAS,25.0,PDA GENERALES NO ASIGNADOS,5032010,PDA GG NO ASIGNADOS,NO,Principal,GRUPOS,3370004,NOMINA GRUPO LOCATIVAS - PROYECTO PALO DE AGUA - Proyeccion a Junio 2013,ACTAS DE OBRA,2013-04-15,RENE ALEJANDRO MELO JIMENEZ,15/04/2013,30/06/2015,1.0,0.0,915354.3307,14645.66929,0.0,71677646.6209,72824488.96685,35,930000.0,930000.0,Abierto,C3,Suministro MdeO Temp.,OUTSOURCING Y TEMPORALES S.A.S. SIGLA OTEM S.A.S.,830091033,,admin.colombia4@jobandtalent.com,CR 12  90  19 P4,5088150,A,60,BOGOTÁ D.C.,7820.0,Actividades de empresas de servicios temporales.,Activo,,,,,,J,Horas Extra,999.0,Varios,S,Servicios,Un,unidad,ACTIVO,NO,3.0,NO,NO,0.0,0.0,10000.0,0.0,10000.0,4025.0,2007,PDA LOCATIVAS,Horas Extras,4.0,3155484.0,0,,mes,0,SI,SI,NO,NO,SI,NO,
337,PDA LOCATIVAS,10 OBRAS EJECUCION DE GARANTIAS,ADPRO,En ejecucion,SI,SIN PROPIETARIO,337,PDA LOCATIVAS,25.0,PDA GENERALES NO ASIGNADOS,5032010,PDA GG NO ASIGNADOS,NO,Principal,GRUPOS,3370004,NOMINA GRUPO LOCATIVAS - PROYECTO PALO DE AGUA - Proyeccion a Junio 2013,ACTAS DE OBRA,2013-04-15,RENE ALEJANDRO MELO JIMENEZ,15/04/2013,30/06/2015,1.0,0.0,3554878.937,56878.06299,0.0,71677646.6209,72824488.96685,36,3611757.0,3611757.0,Abierto,C3,Suministro MdeO Temp.,OUTSOURCING Y TEMPORALES S.A.S. SIGLA OTEM S.A.S.,830091033,,admin.colombia4@jobandtalent.com,CR 12  90  19 P4,5088150,A,60,BOGOTÁ D.C.,7820.0,Actividades de empresas de servicios temporales.,Activo,,,,,,J,Aportes,999.0,Varios,S,Servicios,Un,unidad,ACTIVO,NO,3.0,NO,NO,0.0,0.0,10000.0,0.0,10000.0,4026.0,4004,PDA LOCATIVAS,Fondo Industrial de la Construccion,7.0,8666000.0,0,,und,0,SI,SI,NO,NO,SI,NO,
337,PDA LOCATIVAS,10 OBRAS EJECUCION DE GARANTIAS,ADPRO,En ejecucion,SI,SIN PROPIETARIO,337,PDA LOCATIVAS,25.0,PDA GENERALES NO ASIGNADOS,5032010,PDA GG NO ASIGNADOS,NO,Principal,GRUPOS,3370004,NOMINA GRUPO LOCATIVAS - PROYECTO PALO DE AGUA - Proyeccion a Junio 2013,ACTAS DE OBRA,2013-04-15,RENE ALEJANDRO MELO JIMENEZ,15/04/2013,30/06/2015,1.0,0.0,248341.5354,3973.46457,0.0,71677646.6209,72824488.96685,32,252315.0,252315.0,Abierto,C3,Suministro MdeO Temp.,OUTSOURCING Y TEMPORALES S.A.S. SIGLA OTEM S.A.S.,830091033,,admin.colombia4@jobandtalent.com,CR 12  90  19 P4,5088150,A,60,BOGOTÁ D.C.,7820.0,Actividades de empresas de servicios temporales.,Activo,,,,,,J,Vacaciones,999.0,Varios,S,Servicios,Un,unidad,ACTIVO,NO,3.0,NO,NO,0.0,0.0,10000.0,0.0,10000.0,4023.0,2004,PDA LOCATIVAS,Vacaciones (%),10.0,12380000.0,0,,und,0,SI,SI,NO,NO,SI,NO,
337,PDA LOCATIVAS,10 OBRAS EJECUCION DE GARANTIAS,ADPRO,En ejecucion,SI,SIN PROPIETARIO,337,PDA LOCATIVAS,25.0,PDA GENERALES NO ASIGNADOS,5032010,PDA GG NO ASIGNADOS,NO,Principal,GRUPOS,3370004,NOMINA GRUPO LOCATIVAS - PROYECTO PALO DE AGUA - Proyeccion a Junio 2013,ACTAS DE OBRA,2013-04-15,RENE ALEJANDRO MELO JIMENEZ,15/04/2013,30/06/2015,1.0,0.0,45767.7165,732.28346,0.0,71677646.6209,72824488.96685,31,46500.0,46500.0,Abierto,C3,Suministro MdeO Temp.,OUTSOURCING Y TEMPORALES S.A.S. SIGLA OTEM S.A.S.,830091033,,admin.colombia4@jobandtalent.com,CR 12  90  19 P4,5088150,A,60,BOGOTÁ D.C.,7820.0,Actividades de empresas de servicios temporales.,Activo,,,,,,J,Cesantias,999.0,Varios,S,Servicios,Un,unidad,ACTIVO,NO,3.0,NO,NO,0.0,0.0,10000.0,0.0,10000.0,4022.0,2003,PDA LOCATIVAS,Intereses Cesantias (%),8.339,10323682.0,0,,und,0,SI,SI,NO,NO,SI,NO,
337,PDA LOCATIVAS,10 OBRAS EJECUCION DE GARANTIAS,ADPRO,En ejecucion,SI,SIN PROPIETARIO,337,PDA LOCATIVAS,25.0,PDA GENERALES NO ASIGNADOS,5032010,PDA GG NO ASIGNADOS,NO,Principal,GRUPOS,3370004,NOMINA GRUPO LOCATIVAS - PROYECTO PALO DE AGUA - Proyeccion a Junio 2013,ACTAS DE OBRA,2013-04-15,RENE ALEJANDRO MELO JIMENEZ,15/04/2013,30/06/2015,1.0,0.0,3897637.7953,62362.20472,0.0,71677646.6209,72824488.96685,5,3960000.0,3960000.0,Abierto,C3,Suministro MdeO Temp.,OUTSOURCING Y TEMPORALES S.A.S. SIGLA OTEM S.A.S.,830091033,,admin.colombia4@jobandtalent.com,CR 12  90  19 P4,5088150,A,60,BOGOTÁ D.C.,7820.0,Actividades de empresas de servicios temporales.,Activo,,,,,,J,Bonificacion,999.0,Varios,S,Servicios,Un,unidad,ACTIVO,NO,3.0,NO,NO,0.0,0.0,10000.0,0.0,10000.0,4024.0,2005,PDA LOCATIVAS,Bonificaciones Profesionales,2.0,97280000.0,0,,Sg,0,SI,SI,NO,NO,SI,NO,
337,PDA LOCATIVAS,10 OBRAS EJECUCION DE GARANTIAS,ADPRO,En ejecucion,SI,SIN PROPIETARIO,337,PDA LOCATIVAS,25.0,PDA GENERALES NO ASIGNADOS,5032010,PDA GG NO ASIGNADOS,NO,Principal,GRUPOS,3370004,NOMINA GRUPO LOCATIVAS - PROYECTO PALO DE AGUA - Proyeccion a Junio 2013,ACTAS DE OBRA,2013-04-15,RENE ALEJANDRO MELO JIMENEZ,15/04/2013,30/06/2015,1.0,0.496095,3575166.3386,57202.66142,1802000.09906,71677646.6209,72824488.96685,33,3632369.0,3632369.0,Abierto,C3,Suministro MdeO Temp.,OUTSOURCING Y TEMPORALES S.A.S. SIGLA OTEM S.A.S.,830091033,,admin.colombia4@jobandtalent.com,CR 12  90  19 P4,5088150,A,60,BOGOTÁ D.C.,7820.0,Actividades de empresas de servicios temporales.,Activo,,,,,,J,Bonificacion,999.0,Varios,S,Servicios,Un,unidad,ACTIVO,NO,3.0,NO,NO,0.0,0.0,10000.0,0.0,10000.0,4024.0,2005,PDA LOCATIVAS,Bonificaciones Profesionales,2.0,97280000.0,0,,Sg,0,SI,SI,NO,NO,SI,NO,
337,PDA LOCATIVAS,10 OBRAS EJECUCION DE GARANTIAS,ADPRO,En ejecucion,SI,SIN PROPIETARIO,337,PDA LOCATIVAS,25.0,PDA GENERALES NO ASIGNADOS,5032010,PDA GG NO ASIGNADOS,NO,Principal,GRUPOS,3370004,NOMINA GRUPO LOCATIVAS - PROYECTO PALO DE AGUA - Proyeccion a Junio 2013,ACTAS DE OBRA,2013-04-15,RENE ALEJANDRO MELO JIMENEZ,15/04/2013,30/06/2015,1.0,1.0,177165.3543,2834.64567,180000.0,71677646.6209,72824488.96685,34,180000.0,180000.0,Abierto,C3,Suministro MdeO Temp.,OUTSOURCING Y TEMPORALES S.A.S. SIGLA OTEM S.A.S.,830091033,,admin.colombia4@jobandtalent.com,CR 12  90  19 P4,5088150,A,60,BOGOTÁ D.C.,7820.0,Actividades de empresas de servicios temporales.,Activo,,,,,,J,Bonificacion,999.0,Varios,S,Servicios,Un,unidad,ACTIVO,NO,3.0,NO,NO,0.0,0.0,10000.0,0.0,10000.0,4024.0,2006,PDA LOCATIVAS,Bonificaciones No Profesionales,4.0,50400000.0,0,,Sg,0,SI,SI,NO,NO,SI,NO,
337,PDA LOCATIVAS,10 OBRAS EJECUCION DE GARANTIAS,ADPRO,En ejecucion,SI,SIN PROPIETARIO,337,PDA LOCATIVAS,25.0,PDA GENERALES NO ASIGNADOS,5032010,PDA GG NO ASIGNADOS,NO,Principal,GRUPOS,3370004,NOMINA GRUPO LOCATIVAS - PROYECTO PALO DE AGUA - Proyeccion a Junio 2013,ACTAS DE OBRA,2013-04-15,RENE ALEJANDRO MELO JIMENEZ,15/04/2013,30/06/2015,1.0,1.0,816590.4232,13065.44677,829655.87,71677646.6209,72824488.96685,4,829655.87,829655.87,Abierto,C3,Suministro MdeO Temp.,OUTSOURCING Y TEMPORALES S.A.S. SIGLA OTEM S.A.S.,830091033,,admin.colombia4@jobandtalent.com,CR 12  90  19 P4,5088150,A,60,BOGOTÁ D.C.,7820.0,Actividades de empresas de servicios temporales.,Activo,,,,,,J,"IVA (1,6%)",999.0,Varios,S,Servicios,mes,mes,ACTIVO,NO,3.0,NO,NO,0.0,0.0,10000.0,0.0,10000.0,4020.0,1005,PDA LOCATIVAS,IVA (1.6%),5.528136,14838119.5355,0,,und,0,SI,SI,NO,NO,SI,NO,
337,PDA LOCATIVAS,10 OBRAS EJECUCION DE GARANTIAS,ADPRO,En ejecucion,SI,SIN PROPIETARIO,337,PDA LOCATIVAS,25.0,PDA GENERALES NO ASIGNADOS,5032010,PDA GG NO ASIGNADOS,NO,Principal,GRUPOS,3370004,NOMINA GRUPO LOCATIVAS - PROYECTO PALO DE AGUA - Proyeccion a Junio 2013,ACTAS DE OBRA,2013-04-15,RENE ALEJANDRO MELO JIMENEZ,15/04/2013,30/06/2015,1.0,1.0,5103589.5669,81657.43307,5185247.0,71677646.6209,72824488.96685,3,5185247.0,5185247.0,Abierto,C3,Suministro MdeO Temp.,OUTSOURCING Y TEMPORALES S.A.S. SIGLA OTEM S.A.S.,830091033,,admin.colombia4@jobandtalent.com,CR 12  90  19 P4,5088150,A,60,BOGOTÁ D.C.,7820.0,Actividades de empresas de servicios temporales.,Activo,,,,,,J,Administracion Nomina,999.0,Varios,S,Servicios,Un,unidad,ACTIVO,NO,3.0,NO,NO,0.0,0.0,10000.0,0.0,10000.0,4019.0,1004,PDA LOCATIVAS,Admon (%),23.619,63395970.2348,0,,und,0,SI,SI,NO,NO,SI,NO,
337,PDA LOCATIVAS,10 OBRAS EJECUCION DE GARANTIAS,ADPRO,En ejecucion,SI,SIN PROPIETARIO,337,PDA LOCATIVAS,25.0,PDA GENERALES NO ASIGNADOS,5032010,PDA GG NO ASIGNADOS,NO,Principal,GRUPOS,3370004,NOMINA GRUPO LOCATIVAS - PROYECTO PALO DE AGUA - Proyeccion a Junio 2013,ACTAS DE OBRA,2013-04-15,RENE ALEJANDRO MELO JIMENEZ,15/04/2013,30/06/2015,1.0,0.0,111492.126,1783.87402,0.0,71677646.6209,72824488.96685,23,113276.0,113276.0,Abierto,C3,Suministro MdeO Temp.,OUTSOURCING Y TEMPORALES S.A.S. SIGLA OTEM S.A.S.,830091033,,admin.colombia4@jobandtalent.com,CR 12  90  19 P4,5088150,A,60,BOGOTÁ D.C.,7820.0,Actividades de empresas de servicios temporales.,Activo,,,,,,J,Oficial,999.0,Varios,S,Servicios,mes,mes,ACTIVO,NO,3.0,NO,NO,0.0,0.0,681034.48,19.0,810431.0312,4052.0,1002,PDA LOCATIVAS,Oficial 1 Post Ventas,176.0,176000000.0,0,,mes,0,SI,SI,NO,NO,SI,NO,
337,PDA LOCATIVAS,10 OBRAS EJECUCION DE GARANTIAS,ADPRO,En ejecucion,SI,SIN PROPIETARIO,337,PDA LOCATIVAS,25.0,PDA GENERALES NO ASIGNADOS,5032010,PDA GG NO ASIGNADOS,NO,Principal,GRUPOS,3370004,NOMINA GRUPO LOCATIVAS - PROYECTO PALO DE AGUA - Proyeccion a Junio 2013,ACTAS DE OBRA,2013-04-15,RENE ALEJANDRO MELO JIMENEZ,15/04/2013,30/06/2015,1.0,1.0,15926196.8504,254819.14961,16181016.0,71677646.6209,72824488.96685,2,16181016.0,16181016.0,Abierto,C3,Suministro MdeO Temp.,OUTSOURCING Y TEMPORALES S.A.S. SIGLA OTEM S.A.S.,830091033,,admin.colombia4@jobandtalent.com,CR 12  90  19 P4,5088150,A,60,BOGOTÁ D.C.,7820.0,Actividades de empresas de servicios temporales.,Activo,,,,,,J,Oficial,999.0,Varios,S,Servicios,mes,mes,ACTIVO,NO,3.0,NO,NO,0.0,0.0,681034.48,19.0,810431.0312,4052.0,1002,PDA LOCATIVAS,Oficial 1 Post Ventas,176.0,176000000.0,0,,mes,0,SI,SI,NO,NO,SI,NO,
337,PDA LOCATIVAS,10 OBRAS EJECUCION DE GARANTIAS,ADPRO,En ejecucion,SI,SIN PROPIETARIO,337,PDA LOCATIVAS,25.0,PDA GENERALES NO ASIGNADOS,5032010,PDA GG NO ASIGNADOS,NO,Principal,GRUPOS,3370004,NOMINA GRUPO LOCATIVAS - PROYECTO PALO DE AGUA - Proyeccion a Junio 2013,ACTAS DE OBRA,2013-04-15,RENE ALEJANDRO MELO JIMENEZ,15/04/2013,30/06/2015,3.0,2.66671,885826.7717,14173.22835,2400039.0,71677646.6209,72824488.96685,8,900000.0,900000.0,Abierto,C3,Suministro MdeO Temp.,OUTSOURCING Y TEMPORALES S.A.S. SIGLA OTEM S.A.S.,830091033,,admin.colombia4@jobandtalent.com,CR 12  90  19 P4,5088150,A,60,BOGOTÁ D.C.,7820.0,Actividades de empresas de servicios temporales.,Activo,,,,,,J,Oficial,999.0,Varios,S,Servicios,mes,mes,ACTIVO,NO,3.0,NO,NO,0.0,0.0,681034.48,19.0,810431.0312,4052.0,1002,PDA LOCATIVAS,Oficial 1 Post Ventas,176.0,176000000.0,0,,mes,0,SI,SI,NO,NO,SI,NO,
337,PDA LOCATIVAS,10 OBRAS EJECUCION DE GARANTIAS,ADPRO,En ejecucion,SI,SIN PROPIETARIO,337,PDA LOCATIVAS,25.0,PDA GENERALES NO ASIGNADOS,5032010,PDA GG NO ASIGNADOS,NO,Principal,GRUPOS,3370004,NOMINA GRUPO LOCATIVAS - PROYECTO PALO DE AGUA - Proyeccion a Junio 2013,ACTAS DE OBRA,2013-04-15,RENE ALEJANDRO MELO JIMENEZ,15/04/2013,30/06/2015,1.0,0.0,295275.5906,4724.40945,0.0,71677646.6209,72824488.96685,24,300000.0,300000.0,Abierto,C3,Suministro MdeO Temp.,OUTSOURCING Y TEMPORALES S.A.S. SIGLA OTEM S.A.S.,830091033,,admin.colombia4@jobandtalent.com,CR 12  90  19 P4,5088150,A,60,BOGOTÁ D.C.,7820.0,Actividades de empresas de servicios temporales.,Activo,,,,,,J,Oficial,999.0,Varios,S,Servicios,mes,mes,ACTIVO,NO,3.0,NO,NO,0.0,0.0,681034.48,19.0,810431.0312,4052.0,1003,PDA LOCATIVAS,Oficial 2 Post Ventas,176.0,176000000.0,0,,mes,0,SI,SI,NO,NO,SI,NO,
337,PDA LOCATIVAS,10 OBRAS EJECUCION DE GARANTIAS,ADPRO,En ejecucion,SI,SIN PROPIETARIO,337,PDA LOCATIVAS,25.0,PDA GENERALES NO ASIGNADOS,5032010,PDA GG NO ASIGNADOS,NO,Principal,GRUPOS,3370004,NOMINA GRUPO LOCATIVAS - PROYECTO PALO DE AGUA - Proyeccion a Junio 2013,ACTAS DE OBRA,2013-04-15,RENE ALEJANDRO MELO JIMENEZ,15/04/2013,30/06/2015,1.0,0.0,295275.5906,4724.40945,0.0,71677646.6209,72824488.96685,25,300000.0,300000.0,Abierto,C3,Suministro MdeO Temp.,OUTSOURCING Y TEMPORALES S.A.S. SIGLA OTEM S.A.S.,830091033,,admin.colombia4@jobandtalent.com,CR 12  90  19 P4,5088150,A,60,BOGOTÁ D.C.,7820.0,Actividades de empresas de servicios temporales.,Activo,,,,,,J,Oficial,999.0,Varios,S,Servicios,mes,mes,ACTIVO,NO,3.0,NO,NO,0.0,0.0,681034.48,19.0,810431.0312,4052.0,1003,PDA LOCATIVAS,Oficial 2 Post Ventas,176.0,176000000.0,0,,mes,0,SI,SI,NO,NO,SI,NO,
337,PDA LOCATIVAS,10 OBRAS EJECUCION DE GARANTIAS,ADPRO,En ejecucion,SI,SIN PROPIETARIO,337,PDA LOCATIVAS,25.0,PDA GENERALES NO ASIGNADOS,5032010,PDA GG NO ASIGNADOS,NO,Principal,GRUPOS,3370004,NOMINA GRUPO LOCATIVAS - PROYECTO PALO DE AGUA - Proyeccion a Junio 2013,ACTAS DE OBRA,2013-04-15,RENE ALEJANDRO MELO JIMENEZ,15/04/2013,30/06/2015,3.0,0.685135,885826.7717,14173.22835,616621.5,71677646.6209,72824488.96685,10,900000.0,900000.0,Abierto,C3,Suministro MdeO Temp.,OUTSOURCING Y TEMPORALES S.A.S. SIGLA OTEM S.A.S.,830091033,,admin.colombia4@jobandtalent.com,CR 12  90  19 P4,5088150,A,60,BOGOTÁ D.C.,7820.0,Actividades de empresas de servicios temporales.,Activo,,,,,,J,Oficial,999.0,Varios,S,Servicios,mes,mes,ACTIVO,NO,3.0,NO,NO,0.0,0.0,681034.48,19.0,810431.0312,4052.0,1003,PDA LOCATIVAS,Oficial 2 Post Ventas,176.0,176000000.0,0,,mes,0,SI,SI,NO,NO,SI,NO,
337,PDA LOCATIVAS,10 OBRAS EJECUCION DE GARANTIAS,ADPRO,En ejecucion,SI,SIN PROPIETARIO,337,PDA LOCATIVAS,25.0,PDA GENERALES NO ASIGNADOS,5032010,PDA GG NO ASIGNADOS,NO,Principal,GRUPOS,3370004,NOMINA GRUPO LOCATIVAS - PROYECTO PALO DE AGUA - Proyeccion a Junio 2013,ACTAS DE OBRA,2013-04-15,RENE ALEJANDRO MELO JIMENEZ,15/04/2013,30/06/2015,3.0,0.0,896572.5066,14345.16011,0.0,71677646.6209,72824488.96685,9,910917.66666667,910917.66666667,Abierto,C3,Suministro MdeO Temp.,OUTSOURCING Y TEMPORALES S.A.S. SIGLA OTEM S.A.S.,830091033,,admin.colombia4@jobandtalent.com,CR 12  90  19 P4,5088150,A,60,BOGOTÁ D.C.,7820.0,Actividades de empresas de servicios temporales.,Activo,,,,,,J,Oficial,999.0,Varios,S,Servicios,mes,mes,ACTIVO,NO,3.0,NO,NO,0.0,0.0,681034.48,19.0,810431.0312,4052.0,1003,PDA LOCATIVAS,Oficial 2 Post Ventas,176.0,176000000.0,0,,mes,0,SI,SI,NO,NO,SI,NO,
337,PDA LOCATIVAS,10 OBRAS EJECUCION DE GARANTIAS,ADPRO,En ejecucion,SI,SIN PROPIETARIO,337,PDA LOCATIVAS,25.0,PDA GENERALES NO ASIGNADOS,5032010,PDA GG NO ASIGNADOS,NO,Principal,GRUPOS,3370004,NOMINA GRUPO LOCATIVAS - PROYECTO PALO DE AGUA - Proyeccion a Junio 2013,ACTAS DE OBRA,2013-04-15,RENE ALEJANDRO MELO JIMENEZ,15/04/2013,30/06/2015,1.0,0.0,2952755.9055,47244.09449,0.0,71677646.6209,72824488.96685,26,3000000.0,3000000.0,Abierto,C3,Suministro MdeO Temp.,OUTSOURCING Y TEMPORALES S.A.S. SIGLA OTEM S.A.S.,830091033,,admin.colombia4@jobandtalent.com,CR 12  90  19 P4,5088150,A,60,BOGOTÁ D.C.,7820.0,Actividades de empresas de servicios temporales.,Activo,,,,,,J,Oficial,999.0,Varios,S,Servicios,mes,mes,ACTIVO,NO,3.0,NO,NO,0.0,0.0,681034.48,19.0,810431.0312,4052.0,1003,PDA LOCATIVAS,Oficial 2 Post Ventas,176.0,176000000.0,0,,mes,0,SI,SI,NO,NO,SI,NO,
337,PDA LOCATIVAS,10 OBRAS EJECUCION DE GARANTIAS,ADPRO,En ejecucion,SI,SIN PROPIETARIO,337,PDA LOCATIVAS,25.0,PDA GENERALES NO ASIGNADOS,5032010,PDA GG NO ASIGNADOS,NO,Principal,GRUPOS,3370004,NOMINA GRUPO LOCATIVAS - PROYECTO PALO DE AGUA - Proyeccion a Junio 2013,ACTAS DE OBRA,2013-04-15,RENE ALEJANDRO MELO JIMENEZ,15/04/2013,30/06/2015,1.0,0.945770989,29190506.8898,467048.11024,28049255.12367,71677646.6209,72824488.96685,1,29657555.0,29657555.0,Abierto,C3,Suministro MdeO Temp.,OUTSOURCING Y TEMPORALES S.A.S. SIGLA OTEM S.A.S.,830091033,,admin.colombia4@jobandtalent.com,CR 12  90  19 P4,5088150,A,60,BOGOTÁ D.C.,7820.0,Actividades de empresas de servicios temporales.,Activo,,,,,,J,Residente Posventas,999.0,Varios,S,Servicios,mes,mes,ACTIVO,NO,3.0,NO,NO,0.0,0.0,1035001.72,19.0,1231652.0468,4012.0,1001,PDA LOCATIVAS,Residente,72.0,136800000.0,0,,mes,0,SI,SI,NO,NO,SI,NO,
337,PDA LOCATIVAS,10 OBRAS EJECUCION DE GARANTIAS,ADPRO,En ejecucion,SI,SIN PROPIETARIO,337,PDA LOCATIVAS,25.0,PDA GENERALES NO ASIGNADOS,5032010,PDA GG NO ASIGNADOS,NO,Principal,GRUPOS,3370004,NOMINA GRUPO LOCATIVAS - PROYECTO PALO DE AGUA - Proyeccion a Junio 2013,ACTAS DE OBRA,2013-04-15,RENE ALEJANDRO MELO JIMENEZ,15/04/2013,30/06/2015,1.0,0.0,738188.9764,11811.02362,0.0,71677646.6209,72824488.96685,22,750000.0,750000.0,Abierto,C3,Suministro MdeO Temp.,OUTSOURCING Y TEMPORALES S.A.S. SIGLA OTEM S.A.S.,830091033,,admin.colombia4@jobandtalent.com,CR 12  90  19 P4,5088150,A,60,BOGOTÁ D.C.,7820.0,Actividades de empresas de servicios temporales.,Activo,,,,,,J,Residente Posventas,999.0,Varios,S,Servicios,mes,mes,ACTIVO,NO,3.0,NO,NO,0.0,0.0,1035001.72,19.0,1231652.0468,4012.0,1001,PDA LOCATIVAS,Residente,72.0,136800000.0,0,,mes,0,SI,SI,NO,NO,SI,NO,
337,PDA LOCATIVAS,10 OBRAS EJECUCION DE GARANTIAS,ADPRO,En ejecucion,SI,SIN PROPIETARIO,337,PDA LOCATIVAS,25.0,PDA GENERALES NO ASIGNADOS,5032010,PDA GG NO ASIGNADOS,NO,Principal,GRUPOS,3370004,NOMINA GRUPO LOCATIVAS - PROYECTO PALO DE AGUA - Proyeccion a Junio 2013,ACTAS DE OBRA,2013-04-15,RENE ALEJANDRO MELO JIMENEZ,15/04/2013,30/06/2015,3.0,3.0,1624015.748,25984.25197,4950000.0,71677646.6209,72824488.96685,7,1650000.0,1650000.0,Abierto,C3,Suministro MdeO Temp.,OUTSOURCING Y TEMPORALES S.A.S. SIGLA OTEM S.A.S.,830091033,,admin.colombia4@jobandtalent.com,CR 12  90  19 P4,5088150,A,60,BOGOTÁ D.C.,7820.0,Actividades de empresas de servicios temporales.,Activo,,,,,,J,Residente Posventas,999.0,Varios,S,Servicios,mes,mes,ACTIVO,NO,3.0,NO,NO,0.0,0.0,1035001.72,19.0,1231652.0468,4012.0,1001,PDA LOCATIVAS,Residente,72.0,136800000.0,0,,mes,0,SI,SI,NO,NO,SI,NO,
174,PDA PRELIMINARES,05 OBRAS PRELIMINARES,ADPRO,En ejecucion,SI,SIN PROPIETARIO,174,PDA PRELIMINARES,25.0,PDA GENERALES NO ASIGNADOS,5032010,PDA GG NO ASIGNADOS,NO,Principal,GRUPOS,1740193,ADECUACION RED INTERNA PARA COMPUTADORES CAMPAMENTO DARIEN,ACTA DE OBRA,2013-09-17,RENE ALEJANDRO MELO JIMENEZ,17/09/2013,30/10/2014,90.0,90.0,2000.0,320.0,208800.0,893750.0,1036750.0,1,2320.0,2320.0,Abierto,C5,Adecuacion Sum Instalacion,G&L SYSTEM LTDA,900359641,DAVID BELTRAN,SOPORTE@GLSYSTEMLTDA.COM,CR 24 A 43 02 SUR,7602280,P,30,BOGOTÁ D.C.,,,Activo,,,,,,J,Cable UTP CMR CAT 5/4 Pares Amp,337.0,Sistemas Datos,M,Materiales,m,metro,ACTIVO,NO,0.0,NO,NO,0.0,0.0,3527.9412,19.0,4198.25,631.0,2013,PRELIMINARES,Instalacion Red Interna Voz Datos Lote W,1.143,4000500.0,0,,Sg,0,SI,SI,NO,NO,SI,NO,
174,PDA PRELIMINARES,05 OBRAS PRELIMINARES,ADPRO,En ejecucion,SI,SIN PROPIETARIO,174,PDA PRELIMINARES,25.0,PDA GENERALES NO ASIGNADOS,5032010,PDA GG NO ASIGNADOS,NO,Principal,GRUPOS,1740198,CONSTRUCCION CARRETEABLE GALERAS,Actas de Obra Quincenales,2013-10-07,RENE ALEJANDRO MELO JIMENEZ,08/07/2013,01/09/2013,172.02,0.0,45171.4801,328.5199,0.0,0.0,0.0,2,45500.0,45500.0,Abierto,B2,Civil Proceso Constructivo,PRODESA S.A.S.,800141025,MARTHA CRISTINA LABRADOR,mclabrador@prodesa.com.co,CR 7  73 55 P14,3139030,A,30,BOGOTÁ D.C.,,,Activo,,,,,,J,Recebo Comun B-200 Zanjas,319.0,Concretos Morteros Agregados,C,Subcontratos,m3,metro cubico,ACTIVO,NO,0.0,NO,NO,0.0,0.0,31764.7059,19.0,37800.0,2371.0,6004,PRELIMINARES,Carreteable Galeras,1.57,55191780.0,0,,und,0,SI,SI,NO,NO,SI,NO,
174,PDA PRELIMINARES,05 OBRAS PRELIMINARES,ADPRO,En ejecucion,SI,SIN PROPIETARIO,174,PDA PRELIMINARES,25.0,PDA GENERALES NO ASIGNADOS,5032010,PDA GG NO ASIGNADOS,NO,Principal,GRUPOS,1740198,CONSTRUCCION CARRETEABLE GALERAS,Actas de Obra Quincenales,2013-10-07,RENE ALEJANDRO MELO JIMENEZ,08/07/2013,01/09/2013,63.51,0.0,48646.2094,353.7906,0.0,0.0,0.0,1,49000.0,49000.0,Abierto,B2,Civil Proceso Constructivo,PRODESA S.A.S.,800141025,MARTHA CRISTINA LABRADOR,mclabrador@prodesa.com.co,CR 7  73 55 P14,3139030,A,30,BOGOTÁ D.C.,,,Activo,,,,,,J,Rajon,319.0,Concretos Morteros Agregados,C,Subcontratos,m3,metro cubico,ACTIVO,NO,0.0,NO,NO,0.0,0.0,52236.9748,19.0,62162.0,2366.0,6004,PRELIMINARES,Carreteable Galeras,1.57,55191780.0,0,,und,0,SI,SI,NO,NO,SI,NO,
174,PDA PRELIMINARES,05 OBRAS PRELIMINARES,ADPRO,En ejecucion,SI,SIN PROPIETARIO,174,PDA PRELIMINARES,25.0,PDA GENERALES NO ASIGNADOS,5032010,PDA GG NO ASIGNADOS,NO,Principal,GRUPOS,1740197,Contrato CIO 0110 MOVIMIENTO DE TIERRA Y RECEBO CAMPAMENTO DARIEN,,2013-10-07,RENE ALEJANDRO MELO JIMENEZ,15/06/2012,15/06/2013,68.0,0.0,51606.8053,393.19471,0.0,0.0,0.0,2,52000.0,52000.0,Abierto,B,Civil Mano de Obra,PRODESA S.A.S.,800141025,MARTHA CRISTINA LABRADOR,mclabrador@prodesa.com.co,CR 7  73 55 P14,3139030,A,30,BOGOTÁ D.C.,,,Activo,,,,,,J,Recebo Comun B-200,319.0,Concretos Morteros Agregados,C,Subcontratos,m3,metro cubico,ACTIVO,NO,0.0,NO,NO,0.0,0.0,30103.3613,19.0,35823.0,2369.0,2005,PRELIMINARES,Adecuacion Campamento Ppal,1.098,134100966.744,0,,und,0,SI,SI,NO,NO,SI,NO,
174,PDA PRELIMINARES,05 OBRAS PRELIMINARES,ADPRO,En ejecucion,SI,SIN PROPIETARIO,174,PDA PRELIMINARES,25.0,PDA GENERALES NO ASIGNADOS,5032010,PDA GG NO ASIGNADOS,NO,Principal,GRUPOS,1740197,Contrato CIO 0110 MOVIMIENTO DE TIERRA Y RECEBO CAMPAMENTO DARIEN,,2013-10-07,RENE ALEJANDRO MELO JIMENEZ,15/06/2012,15/06/2013,1.0,0.0,4145357.1318,31583.67339,0.0,0.0,0.0,1,3513340.8,13617.6,Abierto,B,Civil Mano de Obra,PRODESA S.A.S.,800141025,MARTHA CRISTINA LABRADOR,mclabrador@prodesa.com.co,CR 7  73 55 P14,3139030,A,30,BOGOTÁ D.C.,,,Activo,,,,,,J,Excavacion a Maquina,999.0,Varios,C,Subcontratos,m3,metro cubico,ACTIVO,NO,0.0,NO,NO,0.0,0.0,17415.52,19.0,20724.4688,1507.0,2005,PRELIMINARES,Adecuacion Campamento Ppal,1.098,134100966.744,0,,und,0,SI,SI,NO,NO,SI,NO,
337,PDA LOCATIVAS,10 OBRAS EJECUCION DE GARANTIAS,ADPRO,En ejecucion,SI,SIN PROPIETARIO,337,PDA LOCATIVAS,25.0,PDA GENERALES NO ASIGNADOS,5032010,PDA GG NO ASIGNADOS,NO,Principal,GRUPOS,3370001,ADICIONALES POSTVENTAS CARPINTERIA MADERA AYAPEL Y BARU,Actas de Obra Quincenales,2013-04-11,RENE ALEJANDRO MELO JIMENEZ,15/04/2013,15/06/2013,10.0,10.0,184182.0,29469.12,2136511.2,7714119.7845,8948378.95,1,213651.12,213651.12,Abierto,B3,Civil Todo Costo,MADERFORMAS S A S,830126784,OLGA LUCIA PALACIOS CASAS,administracion@maderformas.net,CR 116 14 B 90,7447028,A,0,BOGOTÁ D.C.,1630.0,"Fabricación de partes y piezas de madera, de carpintería y ebanistería para la construcción.",Activo,,,,,,J,Carpinteria Madera Locativas,384.0,Locativas,C,Subcontratos,Un,unidad,ACTIVO,NO,0.0,NO,NO,0.0,0.0,8620.69,19.0,10258.6211,4727.0,5001,PDA LOCATIVAS AYAPEL,Carpinteria Madera Town House Esquinera,16.0,1184000.0,0,,und,0,SI,SI,NO,NO,SI,NO,
337,PDA LOCATIVAS,10 OBRAS EJECUCION DE GARANTIAS,ADPRO,En ejecucion,SI,SIN PROPIETARIO,337,PDA LOCATIVAS,25.0,PDA GENERALES NO ASIGNADOS,5032010,PDA GG NO ASIGNADOS,NO,Principal,GRUPOS,3370001,ADICIONALES POSTVENTAS CARPINTERIA MADERA AYAPEL Y BARU,Actas de Obra Quincenales,2013-04-11,RENE ALEJANDRO MELO JIMENEZ,15/04/2013,15/06/2013,2.0,2.0,359984.0,57597.44,835162.88,7714119.7845,8948378.95,3,417581.44,417581.44,Abierto,B3,Civil Todo Costo,MADERFORMAS S A S,830126784,OLGA LUCIA PALACIOS CASAS,administracion@maderformas.net,CR 116 14 B 90,7447028,A,0,BOGOTÁ D.C.,1630.0,"Fabricación de partes y piezas de madera, de carpintería y ebanistería para la construcción.",Activo,,,,,,J,Carpinteria Madera Locativas,384.0,Locativas,C,Subcontratos,Un,unidad,ACTIVO,NO,0.0,NO,NO,0.0,0.0,8620.69,19.0,10258.6211,4727.0,5001,PDA LOCATIVAS AYAPEL,Carpinteria Madera Town House Esquinera,16.0,1184000.0,0,,und,0,SI,SI,NO,NO,SI,NO,
337,PDA LOCATIVAS,10 OBRAS EJECUCION DE GARANTIAS,ADPRO,En ejecucion,SI,SIN PROPIETARIO,337,PDA LOCATIVAS,25.0,PDA GENERALES NO ASIGNADOS,5032010,PDA GG NO ASIGNADOS,NO,Principal,GRUPOS,3370001,ADICIONALES POSTVENTAS CARPINTERIA MADERA AYAPEL Y BARU,Actas de Obra Quincenales,2013-04-11,RENE ALEJANDRO MELO JIMENEZ,15/04/2013,15/06/2013,1.0,1.0,804737.6034,128758.01654,933495.62,7714119.7845,8948378.95,2,933495.62,933495.62,Abierto,B3,Civil Todo Costo,MADERFORMAS S A S,830126784,OLGA LUCIA PALACIOS CASAS,administracion@maderformas.net,CR 116 14 B 90,7447028,A,0,BOGOTÁ D.C.,1630.0,"Fabricación de partes y piezas de madera, de carpintería y ebanistería para la construcción.",Activo,,,,,,J,Carpinteria Madera Locativas,384.0,Locativas,C,Subcontratos,Un,unidad,ACTIVO,NO,0.0,NO,NO,0.0,0.0,8620.69,19.0,10258.6211,4727.0,5001,PDA LOCATIVAS AYAPEL,Carpinteria Madera Town House Esquinera,16.0,1184000.0,0,,und,0,SI,SI,NO,NO,SI,NO,
337,PDA LOCATIVAS,10 OBRAS EJECUCION DE GARANTIAS,ADPRO,En ejecucion,SI,SIN PROPIETARIO,337,PDA LOCATIVAS,25.0,PDA GENERALES NO ASIGNADOS,5032010,PDA GG NO ASIGNADOS,NO,Principal,GRUPOS,3370001,ADICIONALES POSTVENTAS CARPINTERIA MADERA AYAPEL Y BARU,Actas de Obra Quincenales,2013-04-11,RENE ALEJANDRO MELO JIMENEZ,15/04/2013,15/06/2013,1.0,1.0,275270.5,44043.28,319313.78,7714119.7845,8948378.95,4,319313.78,319313.78,Abierto,B3,Civil Todo Costo,MADERFORMAS S A S,830126784,OLGA LUCIA PALACIOS CASAS,administracion@maderformas.net,CR 116 14 B 90,7447028,A,0,BOGOTÁ D.C.,1630.0,"Fabricación de partes y piezas de madera, de carpintería y ebanistería para la construcción.",Activo,,,,,,J,Carpinteria Madera Locativas,384.0,Locativas,C,Subcontratos,Un,unidad,ACTIVO,NO,0.0,NO,NO,0.0,0.0,8620.69,19.0,10258.6211,4727.0,5001,PDA LOCATIVAS AYAPEL,Carpinteria Madera Town House Esquinera,16.0,1184000.0,0,,und,0,SI,SI,NO,NO,SI,NO,
337,PDA LOCATIVAS,10 OBRAS EJECUCION DE GARANTIAS,ADPRO,En ejecucion,SI,SIN PROPIETARIO,337,PDA LOCATIVAS,25.0,PDA GENERALES NO ASIGNADOS,5032010,PDA GG NO ASIGNADOS,NO,Principal,GRUPOS,3370001,ADICIONALES POSTVENTAS CARPINTERIA MADERA AYAPEL Y BARU,Actas de Obra Quincenales,2013-04-11,RENE ALEJANDRO MELO JIMENEZ,15/04/2013,15/06/2013,2.0,2.0,359984.0,57597.44,835162.88,7714119.7845,8948378.95,6,417581.44,417581.44,Abierto,B3,Civil Todo Costo,MADERFORMAS S A S,830126784,OLGA LUCIA PALACIOS CASAS,administracion@maderformas.net,CR 116 14 B 90,7447028,A,0,BOGOTÁ D.C.,1630.0,"Fabricación de partes y piezas de madera, de carpintería y ebanistería para la construcción.",Activo,,,,,,J,Carpinteria Madera Locativas,384.0,Locativas,C,Subcontratos,Un,unidad,ACTIVO,NO,0.0,NO,NO,0.0,0.0,8620.69,19.0,10258.6211,4727.0,5001,PDA LOCATIVAS AYAPEL,Carpinteria Madera Town House Esquinera,16.0,1184000.0,0,,und,0,SI,SI,NO,NO,SI,NO,
337,PDA LOCATIVAS,10 OBRAS EJECUCION DE GARANTIAS,ADPRO,En ejecucion,SI,SIN PROPIETARIO,337,PDA LOCATIVAS,25.0,PDA GENERALES NO ASIGNADOS,5032010,PDA GG NO ASIGNADOS,NO,Principal,GRUPOS,3370001,ADICIONALES POSTVENTAS CARPINTERIA MADERA AYAPEL Y BARU,Actas de Obra Quincenales,2013-04-11,RENE ALEJANDRO MELO JIMENEZ,15/04/2013,15/06/2013,1.0,1.0,361980.0,57916.8,419896.8,7714119.7845,8948378.95,11,419896.8,419896.8,Abierto,B3,Civil Todo Costo,MADERFORMAS S A S,830126784,OLGA LUCIA PALACIOS CASAS,administracion@maderformas.net,CR 116 14 B 90,7447028,A,0,BOGOTÁ D.C.,1630.0,"Fabricación de partes y piezas de madera, de carpintería y ebanistería para la construcción.",Activo,,,,,,J,Carpinteria Madera Locativas,384.0,Locativas,C,Subcontratos,Un,unidad,ACTIVO,NO,0.0,NO,NO,0.0,0.0,8620.69,19.0,10258.6211,4727.0,5004,PDA LOCATIVAS BARU,Carpinteria Madera Pareada,38.0,3582380.84,0,,und,0,SI,SI,NO,NO,SI,NO,
337,PDA LOCATIVAS,10 OBRAS EJECUCION DE GARANTIAS,ADPRO,En ejecucion,SI,SIN PROPIETARIO,337,PDA LOCATIVAS,25.0,PDA GENERALES NO ASIGNADOS,5032010,PDA GG NO ASIGNADOS,NO,Principal,GRUPOS,3370001,ADICIONALES POSTVENTAS CARPINTERIA MADERA AYAPEL Y BARU,Actas de Obra Quincenales,2013-04-11,RENE ALEJANDRO MELO JIMENEZ,15/04/2013,15/06/2013,6.0,6.0,184182.0,29469.12,1281906.72,7714119.7845,8948378.95,9,213651.12,213651.12,Abierto,B3,Civil Todo Costo,MADERFORMAS S A S,830126784,OLGA LUCIA PALACIOS CASAS,administracion@maderformas.net,CR 116 14 B 90,7447028,A,0,BOGOTÁ D.C.,1630.0,"Fabricación de partes y piezas de madera, de carpintería y ebanistería para la construcción.",Activo,,,,,,J,Carpinteria Madera Locativas,384.0,Locativas,C,Subcontratos,Un,unidad,ACTIVO,NO,0.0,NO,NO,0.0,0.0,8620.69,19.0,10258.6211,4727.0,5004,PDA LOCATIVAS BARU,Carpinteria Madera Pareada,38.0,3582380.84,0,,und,0,SI,SI,NO,NO,SI,NO,
337,PDA LOCATIVAS,10 OBRAS EJECUCION DE GARANTIAS,ADPRO,En ejecucion,SI,SIN PROPIETARIO,337,PDA LOCATIVAS,25.0,PDA GENERALES NO ASIGNADOS,5032010,PDA GG NO ASIGNADOS,NO,Principal,GRUPOS,3370001,ADICIONALES POSTVENTAS CARPINTERIA MADERA AYAPEL Y BARU,Actas de Obra Quincenales,2013-04-11,RENE ALEJANDRO MELO JIMENEZ,15/04/2013,15/06/2013,5.0,5.0,48602.6983,7776.43173,281895.65,7714119.7845,8948378.95,10,56379.13,56379.13,Abierto,B3,Civil Todo Costo,MADERFORMAS S A S,830126784,OLGA LUCIA PALACIOS CASAS,administracion@maderformas.net,CR 116 14 B 90,7447028,A,0,BOGOTÁ D.C.,1630.0,"Fabricación de partes y piezas de madera, de carpintería y ebanistería para la construcción.",Activo,,,,,,J,Carpinteria Madera Locativas,384.0,Locativas,C,Subcontratos,Un,unidad,ACTIVO,NO,0.0,NO,NO,0.0,0.0,8620.69,19.0,10258.6211,4727.0,5004,PDA LOCATIVAS BARU,Carpinteria Madera Pareada,38.0,3582380.84,0,,und,0,SI,SI,NO,NO,SI,NO,
337,PDA LOCATIVAS,10 OBRAS EJECUCION DE GARANTIAS,ADPRO,En ejecucion,SI,SIN PROPIETARIO,337,PDA LOCATIVAS,25.0,PDA GENERALES NO ASIGNADOS,5032010,PDA GG NO ASIGNADOS,NO,Principal,GRUPOS,3370001,ADICIONALES POSTVENTAS CARPINTERIA MADERA AYAPEL Y BARU,Actas de Obra Quincenales,2013-04-11,RENE ALEJANDRO MELO JIMENEZ,15/04/2013,15/06/2013,3.0,3.0,438469.3966,70155.10346,1525873.5,7714119.7845,8948378.95,12,508624.5,508624.5,Abierto,B3,Civil Todo Costo,MADERFORMAS S A S,830126784,OLGA LUCIA PALACIOS CASAS,administracion@maderformas.net,CR 116 14 B 90,7447028,A,0,BOGOTÁ D.C.,1630.0,"Fabricación de partes y piezas de madera, de carpintería y ebanistería para la construcción.",Activo,,,,,,J,Carpinteria Madera Locativas,384.0,Locativas,C,Subcontratos,Un,unidad,ACTIVO,NO,0.0,NO,NO,0.0,0.0,8620.69,19.0,10258.6211,4727.0,5004,PDA LOCATIVAS BARU,Carpinteria Madera Pareada,38.0,3582380.84,0,,und,0,SI,SI,NO,NO,SI,NO,
337,PDA LOCATIVAS,10 OBRAS EJECUCION DE GARANTIAS,ADPRO,En ejecucion,SI,SIN PROPIETARIO,337,PDA LOCATIVAS,25.0,PDA GENERALES NO ASIGNADOS,5032010,PDA GG NO ASIGNADOS,NO,Principal,GRUPOS,3370001,ADICIONALES POSTVENTAS CARPINTERIA MADERA AYAPEL Y BARU,Actas de Obra Quincenales,2013-04-11,RENE ALEJANDRO MELO JIMENEZ,15/04/2013,15/06/2013,1.0,1.0,116442.0,18630.72,135072.72,7714119.7845,8948378.95,5,135072.72,135072.72,Abierto,B3,Civil Todo Costo,MADERFORMAS S A S,830126784,OLGA LUCIA PALACIOS CASAS,administracion@maderformas.net,CR 116 14 B 90,7447028,A,0,BOGOTÁ D.C.,1630.0,"Fabricación de partes y piezas de madera, de carpintería y ebanistería para la construcción.",Activo,,,,,,J,Carpinteria Madera Locativas,384.0,Locativas,C,Subcontratos,Un,unidad,ACTIVO,NO,0.0,NO,NO,0.0,0.0,8620.69,19.0,10258.6211,4727.0,5001,PDA LOCATIVAS AYAPEL,Carpinteria Madera Town House Esquinera,16.0,1184000.0,0,,und,0,SI,SI,NO,NO,SI,NO,
337,PDA LOCATIVAS,10 OBRAS EJECUCION DE GARANTIAS,ADPRO,En ejecucion,SI,SIN PROPIETARIO,337,PDA LOCATIVAS,25.0,PDA GENERALES NO ASIGNADOS,5032010,PDA GG NO ASIGNADOS,NO,Principal,GRUPOS,3370001,ADICIONALES POSTVENTAS CARPINTERIA MADERA AYAPEL Y BARU,Actas de Obra Quincenales,2013-04-11,RENE ALEJANDRO MELO JIMENEZ,15/04/2013,15/06/2013,1.0,1.0,178020.0,28483.2,206503.2,7714119.7845,8948378.95,7,206503.2,206503.2,Abierto,B3,Civil Todo Costo,MADERFORMAS S A S,830126784,OLGA LUCIA PALACIOS CASAS,administracion@maderformas.net,CR 116 14 B 90,7447028,A,0,BOGOTÁ D.C.,1630.0,"Fabricación de partes y piezas de madera, de carpintería y ebanistería para la construcción.",Activo,,,,,,J,Carpinteria Madera Locativas,384.0,Locativas,C,Subcontratos,Un,unidad,ACTIVO,NO,0.0,NO,NO,0.0,0.0,8620.69,19.0,10258.6211,4727.0,5001,PDA LOCATIVAS AYAPEL,Carpinteria Madera Town House Esquinera,16.0,1184000.0,0,,und,0,SI,SI,NO,NO,SI,NO,
337,PDA LOCATIVAS,10 OBRAS EJECUCION DE GARANTIAS,ADPRO,En ejecucion,SI,SIN PROPIETARIO,337,PDA LOCATIVAS,25.0,PDA GENERALES NO ASIGNADOS,5032010,PDA GG NO ASIGNADOS,NO,Principal,GRUPOS,3370001,ADICIONALES POSTVENTAS CARPINTERIA MADERA AYAPEL Y BARU,Actas de Obra Quincenales,2013-04-11,RENE ALEJANDRO MELO JIMENEZ,15/04/2013,15/06/2013,1.0,1.0,32400.0,5184.0,37584.0,7714119.7845,8948378.95,8,37584.0,37584.0,Abierto,B3,Civil Todo Costo,MADERFORMAS S A S,830126784,OLGA LUCIA PALACIOS CASAS,administracion@maderformas.net,CR 116 14 B 90,7447028,A,0,BOGOTÁ D.C.,1630.0,"Fabricación de partes y piezas de madera, de carpintería y ebanistería para la construcción.",Activo,,,,,,J,Carpinteria Madera Locativas,384.0,Locativas,C,Subcontratos,Un,unidad,ACTIVO,NO,0.0,NO,NO,0.0,0.0,8620.69,19.0,10258.6211,4727.0,5001,PDA LOCATIVAS AYAPEL,Carpinteria Madera Town House Esquinera,16.0,1184000.0,0,,und,0,SI,SI,NO,NO,SI,NO,
337,PDA LOCATIVAS,10 OBRAS EJECUCION DE GARANTIAS,ADPRO,En ejecucion,SI,SIN PROPIETARIO,337,PDA LOCATIVAS,25.0,PDA GENERALES NO ASIGNADOS,5032010,PDA GG NO ASIGNADOS,NO,Principal,GRUPOS,3370020,ARREGLO MARCO DE CUADRO POR HUMEDAD CASA BARU - Johanna Camargo,ACTA DE OBRA,2013-08-12,RENE ALEJANDRO MELO JIMENEZ,12/08/2013,30/10/2013,1.0,0.0,220000.0,0.0,0.0,0.0,0.0,1,220000.0,220000.0,Abierto,H2,Servicios 6,PRODESA S.A.S.,800141025,MARTHA CRISTINA LABRADOR,mclabrador@prodesa.com.co,CR 7  73 55 P14,3139030,A,30,BOGOTÁ D.C.,,,Activo,,,,,,J,Humedades Locativas,384.0,Locativas,C,Subcontratos,Un,unidad,ACTIVO,NO,0.0,NO,NO,0.0,0.0,86206.9,19.0,102586.211,4730.0,8004,PDA LOCATIVAS BARU,Humedades Pareada,38.0,3672690.88,0,,und,0,SI,SI,NO,NO,SI,NO,
174,PDA PRELIMINARES,05 OBRAS PRELIMINARES,ADPRO,En ejecucion,SI,SIN PROPIETARIO,174,PDA PRELIMINARES,25.0,PDA GENERALES NO ASIGNADOS,5032010,PDA GG NO ASIGNADOS,NO,Principal,GRUPOS,1740193,ADECUACION RED INTERNA PARA COMPUTADORES CAMPAMENTO DARIEN,ACTA DE OBRA,2013-09-17,RENE ALEJANDRO MELO JIMENEZ,17/09/2013,30/10/2014,7.0,7.0,17500.0,2800.0,142100.0,893750.0,1036750.0,2,20300.0,20300.0,Abierto,C5,Adecuacion Sum Instalacion,G&L SYSTEM LTDA,900359641,DAVID BELTRAN,SOPORTE@GLSYSTEMLTDA.COM,CR 24 A 43 02 SUR,7602280,P,30,BOGOTÁ D.C.,,,Activo,,,,,,J,Instalacion Red Interna Voz Datos,999.0,Varios,C,Subcontratos,Un,unidad,ACTIVO,NO,3.0,NO,NO,0.0,0.0,10000.0,0.0,10000.0,4046.0,2013,PRELIMINARES,Instalacion Red Interna Voz Datos Lote W,1.143,4000500.0,0,,Sg,0,SI,SI,NO,NO,SI,NO,
174,PDA PRELIMINARES,05 OBRAS PRELIMINARES,ADPRO,En ejecucion,SI,SIN PROPIETARIO,174,PDA PRELIMINARES,25.0,PDA GENERALES NO ASIGNADOS,5032010,PDA GG NO ASIGNADOS,NO,Principal,GRUPOS,1740193,ADECUACION RED INTERNA PARA COMPUTADORES CAMPAMENTO DARIEN,ACTA DE OBRA,2013-09-17,RENE ALEJANDRO MELO JIMENEZ,17/09/2013,30/10/2014,1.0,1.0,91250.0,14600.0,105850.0,893750.0,1036750.0,4,105850.0,105850.0,Abierto,C5,Adecuacion Sum Instalacion,G&L SYSTEM LTDA,900359641,DAVID BELTRAN,SOPORTE@GLSYSTEMLTDA.COM,CR 24 A 43 02 SUR,7602280,P,30,BOGOTÁ D.C.,,,Activo,,,,,,J,Instalacion Red Interna Voz Datos,999.0,Varios,C,Subcontratos,Un,unidad,ACTIVO,NO,3.0,NO,NO,0.0,0.0,10000.0,0.0,10000.0,4046.0,2013,PRELIMINARES,Instalacion Red Interna Voz Datos Lote W,1.143,4000500.0,0,,Sg,0,SI,SI,NO,NO,SI,NO,
174,PDA PRELIMINARES,05 OBRAS PRELIMINARES,ADPRO,En ejecucion,SI,SIN PROPIETARIO,174,PDA PRELIMINARES,25.0,PDA GENERALES NO ASIGNADOS,5032010,PDA GG NO ASIGNADOS,NO,Principal,GRUPOS,1740193,ADECUACION RED INTERNA PARA COMPUTADORES CAMPAMENTO DARIEN,ACTA DE OBRA,2013-09-17,RENE ALEJANDRO MELO JIMENEZ,17/09/2013,30/10/2014,1.0,1.0,250000.0,40000.0,290000.0,893750.0,1036750.0,5,290000.0,290000.0,Abierto,C5,Adecuacion Sum Instalacion,G&L SYSTEM LTDA,900359641,DAVID BELTRAN,SOPORTE@GLSYSTEMLTDA.COM,CR 24 A 43 02 SUR,7602280,P,30,BOGOTÁ D.C.,,,Activo,,,,,,J,Instalacion Red Interna Voz Datos,999.0,Varios,C,Subcontratos,Un,unidad,ACTIVO,NO,3.0,NO,NO,0.0,0.0,10000.0,0.0,10000.0,4046.0,2013,PRELIMINARES,Instalacion Red Interna Voz Datos Lote W,1.143,4000500.0,0,,Sg,0,SI,SI,NO,NO,SI,NO,
174,PDA PRELIMINARES,05 OBRAS PRELIMINARES,ADPRO,En ejecucion,SI,SIN PROPIETARIO,174,PDA PRELIMINARES,25.0,PDA GENERALES NO ASIGNADOS,5032010,PDA GG NO ASIGNADOS,NO,Principal,GRUPOS,1740193,ADECUACION RED INTERNA PARA COMPUTADORES CAMPAMENTO DARIEN,ACTA DE OBRA,2013-09-17,RENE ALEJANDRO MELO JIMENEZ,17/09/2013,30/10/2014,1.0,1.0,250000.0,40000.0,290000.0,893750.0,1036750.0,3,290000.0,290000.0,Abierto,C5,Adecuacion Sum Instalacion,G&L SYSTEM LTDA,900359641,DAVID BELTRAN,SOPORTE@GLSYSTEMLTDA.COM,CR 24 A 43 02 SUR,7602280,P,30,BOGOTÁ D.C.,,,Activo,,,,,,J,Instalacion Red Interna Voz Datos,999.0,Varios,C,Subcontratos,Un,unidad,ACTIVO,NO,3.0,NO,NO,0.0,0.0,10000.0,0.0,10000.0,4046.0,2013,PRELIMINARES,Instalacion Red Interna Voz Datos Lote W,1.143,4000500.0,0,,Sg,0,SI,SI,NO,NO,SI,NO,
174,PDA PRELIMINARES,05 OBRAS PRELIMINARES,ADPRO,En ejecucion,SI,SIN PROPIETARIO,174,PDA PRELIMINARES,25.0,PDA GENERALES NO ASIGNADOS,5032010,PDA GG NO ASIGNADOS,NO,Principal,GRUPOS,1740197,Contrato CIO 0110 MOVIMIENTO DE TIERRA Y RECEBO CAMPAMENTO DARIEN,,2013-10-07,RENE ALEJANDRO MELO JIMENEZ,15/06/2012,15/06/2013,1.0,0.0,4145357.1318,31583.67339,0.0,0.0,0.0,1,663600.0,663600.0,Abierto,B,Civil Mano de Obra,PRODESA S.A.S.,800141025,MARTHA CRISTINA LABRADOR,mclabrador@prodesa.com.co,CR 7  73 55 P14,3139030,A,30,BOGOTÁ D.C.,,,Activo,,,,,,J,Transporte,999.0,Varios,T,Transporte,Un,unidad,ACTIVO,NO,0.0,NO,NO,0.0,0.0,10000.0,0.0,10000.0,4006.0,2005,PRELIMINARES,Adecuacion Campamento Ppal,1.098,134100966.744,0,,und,0,SI,SI,NO,NO,SI,NO,
337,PDA LOCATIVAS,10 OBRAS EJECUCION DE GARANTIAS,ADPRO,En ejecucion,SI,SIN PROPIETARIO,337,PDA LOCATIVAS,25.0,PDA GENERALES NO ASIGNADOS,5032010,PDA GG NO ASIGNADOS,NO,Principal,GRUPOS,3370018,DESMONTE Y MONTAJE COCINA CASAS TH AYAPEL 20 Y 25 - Lorena Riveros -,Actas de Obra Quincenales,2013-07-02,RENE ALEJANDRO MELO JIMENEZ,02/07/2013,30/08/2013,1.0,0.0,980000.0,0.0,0.0,0.0,0.0,1,980000.0,980000.0,Abierto,B,Civil Mano de Obra,PRODESA S.A.S.,800141025,MARTHA CRISTINA LABRADOR,mclabrador@prodesa.com.co,CR 7  73 55 P14,3139030,A,30,BOGOTÁ D.C.,,,Activo,,,,,,J,Mueble Cocina Madecor,315.0,Carpinteria Madera,C,Subcontratos,m,metro,ACTIVO,NO,3.0,NO,NO,0.0,0.0,516444.83,19.0,614569.3477,4846.0,5024,PDA LOCATIVAS AYAPEL,Arreglo mueble cocina casa TH-E Locativas Ayapel,0.0,0.0,0,,und,0,SI,SI,NO,NO,SI,NO,
337,PDA LOCATIVAS,10 OBRAS EJECUCION DE GARANTIAS,ADPRO,En ejecucion,SI,SIN PROPIETARIO,337,PDA LOCATIVAS,25.0,PDA GENERALES NO ASIGNADOS,5032010,PDA GG NO ASIGNADOS,NO,Principal,GRUPOS,3370018,DESMONTE Y MONTAJE COCINA CASAS TH AYAPEL 20 Y 25 - Lorena Riveros -,Actas de Obra Quincenales,2013-07-02,RENE ALEJANDRO MELO JIMENEZ,02/07/2013,30/08/2013,1.0,0.0,2340000.0,0.0,0.0,0.0,0.0,2,2340000.0,2340000.0,Abierto,B,Civil Mano de Obra,PRODESA S.A.S.,800141025,MARTHA CRISTINA LABRADOR,mclabrador@prodesa.com.co,CR 7  73 55 P14,3139030,A,30,BOGOTÁ D.C.,,,Activo,,,,,,J,Mueble Cocina Madecor,315.0,Carpinteria Madera,C,Subcontratos,m,metro,ACTIVO,NO,3.0,NO,NO,0.0,0.0,516444.83,19.0,614569.3477,4846.0,5024,PDA LOCATIVAS AYAPEL,Arreglo mueble cocina casa TH-E Locativas Ayapel,0.0,0.0,0,,und,0,SI,SI,NO,NO,SI,NO,
