Proyecto,Nombre Proyecto,Clase Proyecto,Tipo Proyecto,Estado Proyecto,Presupuesto Fijo,Propietario,Sucursal,Sucursal Nombre,MacroProyecto,MacroProyecto Descripcion,Centro Costo,Centro Costo Descripcion,VIS,Sucursal Administrativa,Clase Contrato,No. Contrato,Descripcion,Formas de pago,Fecha de creacion,Usuario de creacion,Fecha Inicio,Fecha Fin,Cantidad Inicial,Cantidad,Valor Unitario,Valor Iva,Valor Total,Valor Contrato Sin IVA,Valor Contrato,Numero De Grupo,Valor Detalle,Valor Detalle Unitario,Descripcion Estado,Tipo Codigo,Tipo Descripcion contrato,Nombre Tercero,Nit Tercero,Contacto,Email,Direccion Tercero,Telefono,Tipo Tercero,Plazo de pago tercero,Ciudad Tercero,CIIU Cod,CIIU,Estado tercero,Especialidad,Categoria Tercero,Grupo Tercero,Calificacion,Cargo Contacto Tercero,Naturaleza,Insumo Descripcion,Agrupacion,Agrupacion Descripcion,Tipo,Tipo Descripcion,Unidad,Descripcion Unidad,Estado,Requiere Equipo,Dias Reposicion,SubAnalisis,Devolutivo,Stock Maximo,Stock Minimo,Valor Unitario Inusmo,Porcentaje IVA,Valor Neto Insumo,Codigo Insumo Id,Item No,SubCapitulo,Item Descripcion,Cantidad Item,Valor Sin IVA,Precio Venta,Codigo Cliente,Unidad Medida,Metro cuadrado,Aplica En Contratos,Aplica En Almacen,Bloqueo De Contratos Por Cantidad,Bloqueo De Contratos Por Valor,Bloqueo De Salidas Por Cantidad,Bloqueo De Salidas Por Valor,Clase Item
93,PDA INFRAESTRUCTURA,02 OBRAS URBANAS,ADPRO,En ejecucion,SI,SIN PROPIETARIO,93,PDA INFRAESTRUCTURA,37.0,PDA INFRAESTRUCTURA,5031015,PDA URBANISMO,NO,Principal,GRUPOS,930007,Contrato CIO 0019 ESTACION DE BOMBEO PROVISIONAL  CUBIERTA,,2012-09-25,RENE ALEJANDRO MELO JIMENEZ,"martes, 25 de septiembre de 2012","martes, 25 de septiembre de 2012",125.0,12.35,44500.0,0.0,549575.0,549575.0,549575.0,1,44500.0,44500.0,Abierto,B,Civil Mano de Obra,RUIZ BERNAL CAMILO ANDRES,80012253,,saramaria.2103@hotmail.com,CR 23 12 30,3134884560,A,0,FUNZA,,,Activo,,,,,,N,Tanque y Sistema de Bombeo,322.0,Equipos Dotación,C,Subcontratos,sg,suma global,ACTIVO,NO,0.0,NO,NO,0.0,0.0,560344827.6,19.0,666810344.844,2724.0,1005,ESTACION DE BOMBEO,Estacion De Bombeo Aguas Luvias,1.0,1425000000.0,0,,Sg,0,SI,SI,NO,NO,SI,NO,
93,PDA INFRAESTRUCTURA,02 OBRAS URBANAS,ADPRO,En ejecucion,SI,SIN PROPIETARIO,93,PDA INFRAESTRUCTURA,37.0,PDA INFRAESTRUCTURA,5031015,PDA URBANISMO,NO,Principal,GRUPOS,930022,Subcontrato CIO 0016 ESTACION DE BOMBEO PROVISIONAL,,2012-09-25,DIEGO BLANCO MUÑOZ,"martes, 3 de julio de 2012","miércoles, 3 de julio de 2013",45.0,0.0,59900.0,0.0,0.0,0.0,0.0,1,59900.0,59900.0,Abierto,B2,Civil Proceso Constructivo,PAVIMENTOS Y CONSTRUCCIONES SANTAFE MENDEZ SIERRA & CIA S EN C,900029842,,paviconsantafe@etb.net.co,CR 35B 10A 71 SUR,2023401,P,0,BOGOTÁ D.C.,,,Activo,,,,,,J,Recebo Comun,319.0,Concretos Morteros Agregados,M,Materiales,m3,metro cubico,ACTIVO,NO,0.0,NO,NO,0.0,0.0,33349.2689,19.0,39685.63,2368.0,1005,ESTACION DE BOMBEO,Estacion De Bombeo Aguas Luvias,1.0,1425000000.0,0,,Sg,0,SI,SI,NO,NO,SI,NO,
93,PDA INFRAESTRUCTURA,02 OBRAS URBANAS,ADPRO,En ejecucion,SI,SIN PROPIETARIO,93,PDA INFRAESTRUCTURA,37.0,PDA INFRAESTRUCTURA,5031015,PDA URBANISMO,NO,Principal,GRUPOS,930027,Subcontrato CIO 0180 REDES ELECTRICAS URBANISMO,ACTAS QUINCENALES,2012-09-25,DIEGO BLANCO MUÑOZ,"martes, 25 de septiembre de 2012","martes, 25 de septiembre de 2012",12.0,0.0,500426.0204,2784.97959,0.0,73203348.4521,73610741.0,5,503211.0,503211.0,Abierto,B2,Civil Proceso Constructivo,SOLO REDES INGENIERIA S.A.S,800147102,,soloredesgerencia@etb.net.co,CL 55 14 76,3451101,P,0,BOGOTÁ D.C.,,,Activo,,,,,,J,Camara de Inspeccion 0.60x0.60m,334.0,Internas Hidrosanitarias,C,Subcontratos,Un,unidad,INACTIVO,NO,3.0,SI,NO,0.0,0.0,478847.06,19.0,569828.0014,4279.0,3002,SUBESTACIONES E,Subestacion 150 kVA,1.0,23475000.0,0,,Sg,0,SI,SI,NO,NO,SI,NO,
93,PDA INFRAESTRUCTURA,02 OBRAS URBANAS,ADPRO,En ejecucion,SI,SIN PROPIETARIO,93,PDA INFRAESTRUCTURA,37.0,PDA INFRAESTRUCTURA,5031015,PDA URBANISMO,NO,Principal,GRUPOS,930027,Subcontrato CIO 0180 REDES ELECTRICAS URBANISMO,ACTAS QUINCENALES,2012-09-25,DIEGO BLANCO MUÑOZ,"martes, 25 de septiembre de 2012","martes, 25 de septiembre de 2012",1400.0,366.0,54472.8468,303.15323,20048016.0,73203348.4521,73610741.0,1,54776.0,54776.0,Abierto,B2,Civil Proceso Constructivo,SOLO REDES INGENIERIA S.A.S,800147102,,soloredesgerencia@etb.net.co,CL 55 14 76,3451101,P,0,BOGOTÁ D.C.,,,Activo,,,,,,J,Acometida 3x70 + 35 mm2,332.0,Internas Electricas y Comunicaciones,C,Subcontratos,m,metro,ACTIVO,NO,0.0,NO,NO,0.0,0.0,17241.38,19.0,20517.2422,3928.0,3002,SUBESTACIONES E,Subestacion 150 kVA,1.0,23475000.0,0,,Sg,0,SI,SI,NO,NO,SI,NO,
93,PDA INFRAESTRUCTURA,02 OBRAS URBANAS,ADPRO,En ejecucion,SI,SIN PROPIETARIO,93,PDA INFRAESTRUCTURA,37.0,PDA INFRAESTRUCTURA,5031015,PDA URBANISMO,NO,Principal,GRUPOS,930027,Subcontrato CIO 0180 REDES ELECTRICAS URBANISMO,ACTAS QUINCENALES,2012-09-25,DIEGO BLANCO MUÑOZ,"martes, 25 de septiembre de 2012","martes, 25 de septiembre de 2012",8.0,0.0,90720.1228,504.87721,0.0,73203348.4521,73610741.0,11,91225.0,91225.0,Abierto,B2,Civil Proceso Constructivo,SOLO REDES INGENIERIA S.A.S,800147102,,soloredesgerencia@etb.net.co,CL 55 14 76,3451101,P,0,BOGOTÁ D.C.,,,Activo,,,,,,J,Acometida 2(3x120 +70 mm2),332.0,Internas Electricas y Comunicaciones,C,Subcontratos,m,metro,ACTIVO,NO,0.0,NO,NO,0.0,0.0,38362.07,19.0,45650.8633,3941.0,3002,SUBESTACIONES E,Subestacion 150 kVA,1.0,23475000.0,0,,Sg,0,SI,SI,NO,NO,SI,NO,
93,PDA INFRAESTRUCTURA,02 OBRAS URBANAS,ADPRO,En ejecucion,SI,SIN PROPIETARIO,93,PDA INFRAESTRUCTURA,37.0,PDA INFRAESTRUCTURA,5031015,PDA URBANISMO,NO,Principal,GRUPOS,930027,Subcontrato CIO 0180 REDES ELECTRICAS URBANISMO,ACTAS QUINCENALES,2012-09-25,DIEGO BLANCO MUÑOZ,"martes, 25 de septiembre de 2012","martes, 25 de septiembre de 2012",10.0,0.0,60886.1553,338.84469,0.0,73203348.4521,73610741.0,12,61225.0,61225.0,Abierto,B2,Civil Proceso Constructivo,SOLO REDES INGENIERIA S.A.S,800147102,,soloredesgerencia@etb.net.co,CL 55 14 76,3451101,P,0,BOGOTÁ D.C.,,,Activo,,,,,,J,Acometida 2(3x120 +70 mm2),332.0,Internas Electricas y Comunicaciones,C,Subcontratos,m,metro,ACTIVO,NO,0.0,NO,NO,0.0,0.0,38362.07,19.0,45650.8633,3941.0,3002,SUBESTACIONES E,Subestacion 150 kVA,1.0,23475000.0,0,,Sg,0,SI,SI,NO,NO,SI,NO,
93,PDA INFRAESTRUCTURA,02 OBRAS URBANAS,ADPRO,En ejecucion,SI,SIN PROPIETARIO,93,PDA INFRAESTRUCTURA,37.0,PDA INFRAESTRUCTURA,5031015,PDA URBANISMO,NO,Principal,GRUPOS,930027,Subcontrato CIO 0180 REDES ELECTRICAS URBANISMO,ACTAS QUINCENALES,2012-09-25,DIEGO BLANCO MUÑOZ,"martes, 25 de septiembre de 2012","martes, 25 de septiembre de 2012",2.0,1.29,628243.6873,3496.31269,814944.6,73203348.4521,73610741.0,10,631740.0,631740.0,Abierto,B2,Civil Proceso Constructivo,SOLO REDES INGENIERIA S.A.S,800147102,,soloredesgerencia@etb.net.co,CL 55 14 76,3451101,P,0,BOGOTÁ D.C.,,,Activo,,,,,,J,Terminal de Captacion y Base,332.0,Internas Electricas y Comunicaciones,M,Materiales,m,metro,ACTIVO,NO,0.0,NO,NO,0.0,0.0,92800.0,19.0,110432.0,2947.0,3002,SUBESTACIONES E,Subestacion 150 kVA,1.0,23475000.0,0,,Sg,0,SI,SI,NO,NO,SI,NO,
93,PDA INFRAESTRUCTURA,02 OBRAS URBANAS,ADPRO,En ejecucion,SI,SIN PROPIETARIO,93,PDA INFRAESTRUCTURA,37.0,PDA INFRAESTRUCTURA,5031015,PDA URBANISMO,NO,Principal,GRUPOS,930035,TRASLADO DE LINEAS DE 115 KV,"Anticipo 50%, saldo ctas de obra",2012-12-21,RENE ALEJANDRO MELO JIMENEZ,"viernes, 21 de diciembre de 2012","lunes, 31 de diciembre de 2012",1.0,0.8072541636,2618013708.0,0.0,2113402466.14488,2113402466.1449,2113402466.14488,1,2618013708.0,2618013708.0,Abierto,R,Pagos Sin Retenciones,CODENSA S.A. ESP,830037248,,facturaelectronica.colombia@enel.com,CR 13A 93 66,6015432,A,0,BOGOTÁ D.C.,,,Activo,,,,,,J,Traslado Linea Alta Tension,311.0,Actividades Obra,C,Subcontratos,sg,suma global,ACTIVO,NO,0.0,NO,NO,0.0,0.0,1801724137.93,19.0,2144051724.1367,3870.0,3005,TRASLADO LINEA ALTA TENSION,Traslado Linea Alta Tension,1.0,2618013707.0,0,,Sg,0,SI,SI,NO,NO,SI,NO,
93,PDA INFRAESTRUCTURA,02 OBRAS URBANAS,ADPRO,En ejecucion,SI,SIN PROPIETARIO,93,PDA INFRAESTRUCTURA,37.0,PDA INFRAESTRUCTURA,5031015,PDA URBANISMO,NO,Principal,GRUPOS,930016,Subcontrato CIO 0014 IMPERMEABILIZACION PLANTA DE TRATAMIENTO,ACTAS QUINCENALES,2012-09-25,DIEGO BLANCO MUÑOZ,"jueves, 31 de mayo de 2012","viernes, 31 de mayo de 2013",1.0,0.09,28427090.6427,216587.3573,2577931.02,2558438.1579,2577931.02,1,28643678.0,28643678.0,Abierto,B,Civil Mano de Obra,HYDRAM LTDA,900039611,,hydramltda@yahoo.com,CR 69 B  77  51,6600260,A,30,BOGOTÁ D.C.,2022.0,"Fabricación de pinturas, barnices y revestimientos similares, tintas para impresión y masillas.",Activo,,,,,,J,Impermeabilizacion Interior Tanque,312.0,Aditivos Quimicos Mantos Impermeabilizantes,C,Subcontratos,m2,metro cuadrado,ACTIVO,NO,0.0,NO,NO,0.0,0.0,8637.93,19.0,10279.1367,1625.0,1003,PLANTA TRATAMIENTO A. RESIDUALES,Planta Tratamiento Aguas Residuales,1.0,986650611.0,0,,Sg,0,SI,SI,NO,NO,SI,NO,
93,PDA INFRAESTRUCTURA,02 OBRAS URBANAS,ADPRO,En ejecucion,SI,SIN PROPIETARIO,93,PDA INFRAESTRUCTURA,37.0,PDA INFRAESTRUCTURA,5031015,PDA URBANISMO,NO,Principal,GRUPOS,930027,Subcontrato CIO 0180 REDES ELECTRICAS URBANISMO,ACTAS QUINCENALES,2012-09-25,DIEGO BLANCO MUÑOZ,"martes, 25 de septiembre de 2012","martes, 25 de septiembre de 2012",1.0,0.85,5169861.5963,28771.40367,4418838.05,73203348.4521,73610741.0,6,5198633.0,5198633.0,Abierto,B2,Civil Proceso Constructivo,SOLO REDES INGENIERIA S.A.S,800147102,,soloredesgerencia@etb.net.co,CL 55 14 76,3451101,P,0,BOGOTÁ D.C.,,,Activo,,,,,,J,Tablero autosoportado para servicios comunes,332.0,Internas Electricas y Comunicaciones,C,Subcontratos,Un,unidad,ACTIVO,NO,0.0,NO,NO,0.0,0.0,2696184.83,19.0,3208459.9477,2696.0,3002,SUBESTACIONES E,Subestacion 150 kVA,1.0,23475000.0,0,,Sg,0,SI,SI,NO,NO,SI,NO,
93,PDA INFRAESTRUCTURA,02 OBRAS URBANAS,ADPRO,En ejecucion,SI,SIN PROPIETARIO,93,PDA INFRAESTRUCTURA,37.0,PDA INFRAESTRUCTURA,5031015,PDA URBANISMO,NO,Principal,GRUPOS,930027,Subcontrato CIO 0180 REDES ELECTRICAS URBANISMO,ACTAS QUINCENALES,2012-09-25,DIEGO BLANCO MUÑOZ,"martes, 25 de septiembre de 2012","martes, 25 de septiembre de 2012",1.0,1.0,3036123.3137,16896.68627,3053020.0,73203348.4521,73610741.0,8,3053020.0,3053020.0,Abierto,B2,Civil Proceso Constructivo,SOLO REDES INGENIERIA S.A.S,800147102,,soloredesgerencia@etb.net.co,CL 55 14 76,3451101,P,0,BOGOTÁ D.C.,,,Activo,,,,,,J,MdO Pedestal Concreto,346.0,Mano Obra Gris,O,MdeO Contratista,m3,metro cubico,ACTIVO,NO,3.0,NO,NO,0.0,0.0,106916.38,19.0,127230.4922,4853.0,3002,SUBESTACIONES E,Subestacion 150 kVA,1.0,23475000.0,0,,Sg,0,SI,SI,NO,NO,SI,NO,
93,PDA INFRAESTRUCTURA,02 OBRAS URBANAS,ADPRO,En ejecucion,SI,SIN PROPIETARIO,93,PDA INFRAESTRUCTURA,37.0,PDA INFRAESTRUCTURA,5031015,PDA URBANISMO,NO,Principal,GRUPOS,930027,Subcontrato CIO 0180 REDES ELECTRICAS URBANISMO,ACTAS QUINCENALES,2012-09-25,DIEGO BLANCO MUÑOZ,"martes, 25 de septiembre de 2012","martes, 25 de septiembre de 2012",1.0,1.0,14492271.3594,80652.64061,14572924.0,73203348.4521,73610741.0,3,14572924.0,14572924.0,Abierto,B2,Civil Proceso Constructivo,SOLO REDES INGENIERIA S.A.S,800147102,,soloredesgerencia@etb.net.co,CL 55 14 76,3451101,P,0,BOGOTÁ D.C.,,,Activo,,,,,,J,Transformador Trifasico 300 kVA,332.0,Internas Electricas y Comunicaciones,C,Subcontratos,Un,unidad,ACTIVO,NO,0.0,NO,NO,0.0,0.0,19600000.0,19.0,23324000.0,3017.0,3002,SUBESTACIONES E,Subestacion 150 kVA,1.0,23475000.0,0,,Sg,0,SI,SI,NO,NO,SI,NO,
93,PDA INFRAESTRUCTURA,02 OBRAS URBANAS,ADPRO,En ejecucion,SI,SIN PROPIETARIO,93,PDA INFRAESTRUCTURA,37.0,PDA INFRAESTRUCTURA,5031015,PDA URBANISMO,NO,Principal,GRUPOS,930027,Subcontrato CIO 0180 REDES ELECTRICAS URBANISMO,ACTAS QUINCENALES,2012-09-25,DIEGO BLANCO MUÑOZ,"martes, 25 de septiembre de 2012","martes, 25 de septiembre de 2012",1.0,1.0,172997.2328,962.76721,173960.0,73203348.4521,73610741.0,14,173960.0,173960.0,Abierto,B2,Civil Proceso Constructivo,SOLO REDES INGENIERIA S.A.S,800147102,,soloredesgerencia@etb.net.co,CL 55 14 76,3451101,P,0,BOGOTÁ D.C.,,,Activo,,,,,,J,Caja de Medidor,334.0,Internas Hidrosanitarias,C,Subcontratos,Un,unidad,ACTIVO,NO,0.0,NO,NO,0.0,0.0,66656.03,19.0,79320.6757,647.0,3002,SUBESTACIONES E,Subestacion 150 kVA,1.0,23475000.0,0,,Sg,0,SI,SI,NO,NO,SI,NO,
93,PDA INFRAESTRUCTURA,02 OBRAS URBANAS,ADPRO,En ejecucion,SI,SIN PROPIETARIO,93,PDA INFRAESTRUCTURA,37.0,PDA INFRAESTRUCTURA,5031015,PDA URBANISMO,NO,Principal,GRUPOS,930027,Subcontrato CIO 0180 REDES ELECTRICAS URBANISMO,ACTAS QUINCENALES,2012-09-25,DIEGO BLANCO MUÑOZ,"martes, 25 de septiembre de 2012","martes, 25 de septiembre de 2012",1.0,1.0,4764679.5227,26516.47734,4791196.0,73203348.4521,73610741.0,7,4791196.0,4791196.0,Abierto,B2,Civil Proceso Constructivo,SOLO REDES INGENIERIA S.A.S,800147102,,soloredesgerencia@etb.net.co,CL 55 14 76,3451101,P,0,BOGOTÁ D.C.,,,Activo,,,,,,J,Tablero autosoportado para servicios comunes,332.0,Internas Electricas y Comunicaciones,C,Subcontratos,Un,unidad,ACTIVO,NO,0.0,NO,NO,0.0,0.0,2696184.83,19.0,3208459.9477,2696.0,3002,SUBESTACIONES E,Subestacion 150 kVA,1.0,23475000.0,0,,Sg,0,SI,SI,NO,NO,SI,NO,
93,PDA INFRAESTRUCTURA,02 OBRAS URBANAS,ADPRO,En ejecucion,SI,SIN PROPIETARIO,93,PDA INFRAESTRUCTURA,37.0,PDA INFRAESTRUCTURA,5031015,PDA URBANISMO,NO,Principal,GRUPOS,930027,Subcontrato CIO 0180 REDES ELECTRICAS URBANISMO,ACTAS QUINCENALES,2012-09-25,DIEGO BLANCO MUÑOZ,"martes, 25 de septiembre de 2012","martes, 25 de septiembre de 2012",1.0,1.0,1532418.7565,8528.24351,1540947.0,73203348.4521,73610741.0,9,1540947.0,1540947.0,Abierto,B2,Civil Proceso Constructivo,SOLO REDES INGENIERIA S.A.S,800147102,,soloredesgerencia@etb.net.co,CL 55 14 76,3451101,P,0,BOGOTÁ D.C.,,,Activo,,,,,,J,Tablero autosoportado para servicios comunes,332.0,Internas Electricas y Comunicaciones,C,Subcontratos,Un,unidad,ACTIVO,NO,0.0,NO,NO,0.0,0.0,2696184.83,19.0,3208459.9477,2696.0,3002,SUBESTACIONES E,Subestacion 150 kVA,1.0,23475000.0,0,,Sg,0,SI,SI,NO,NO,SI,NO,
93,PDA INFRAESTRUCTURA,02 OBRAS URBANAS,ADPRO,En ejecucion,SI,SIN PROPIETARIO,93,PDA INFRAESTRUCTURA,37.0,PDA INFRAESTRUCTURA,5031015,PDA URBANISMO,NO,Principal,GRUPOS,930033,CONSTRUCCION PONTON 1 ETAPA 1 A ETAPA 2,"Anticipo 50%, saldo avances de obra quincenales",2012-12-04,RENE ALEJANDRO MELO JIMENEZ,"martes, 31 de enero de 2012","jueves, 30 de mayo de 2013",36.01,0.0,465135.1986,3382.8014,0.0,0.0,0.0,11,468518.0,468518.0,Abierto,B3,Civil Todo Costo,PAVIMENTOS Y CONSTRUCCIONES SANTAFE MENDEZ SIERRA & CIA S EN C,900029842,,paviconsantafe@etb.net.co,CR 35B 10A 71 SUR,2023401,P,0,BOGOTÁ D.C.,,,Activo,,,,,,J,Mezcla Asfaltica Convencional MDC 1,329.0,Pavimentos,M,Materiales,m3,metro cubico,ACTIVO,NO,0.0,NO,NO,0.0,0.0,252398.2759,19.0,300353.9483,1958.0,1006,PONTONES,Pontones,3.0,600000000.0,0,,Sg,0,SI,SI,NO,NO,SI,NO,
93,PDA INFRAESTRUCTURA,02 OBRAS URBANAS,ADPRO,En ejecucion,SI,SIN PROPIETARIO,93,PDA INFRAESTRUCTURA,37.0,PDA INFRAESTRUCTURA,5031015,PDA URBANISMO,NO,Principal,GRUPOS,930033,CONSTRUCCION PONTON 1 ETAPA 1 A ETAPA 2,"Anticipo 50%, saldo avances de obra quincenales",2012-12-04,RENE ALEJANDRO MELO JIMENEZ,"martes, 31 de enero de 2012","jueves, 30 de mayo de 2013",140.0,0.0,63379.0614,460.9386,0.0,0.0,0.0,9,63840.0,63840.0,Abierto,B3,Civil Todo Costo,PAVIMENTOS Y CONSTRUCCIONES SANTAFE MENDEZ SIERRA & CIA S EN C,900029842,,paviconsantafe@etb.net.co,CR 35B 10A 71 SUR,2023401,P,0,BOGOTÁ D.C.,,,Activo,,,,,,J,MdO FILTRO GRAVILLA VIAS 0.5x0.5 + GEOTEXTIL SBA,300.0,Sub-Analisis,A,Subanalisis,m,metro,INACTIVO,NO,0.0,NO,NO,0.0,0.0,1.0,19.0,1.19,3884.0,1006,PONTONES,Pontones,3.0,600000000.0,0,,Sg,0,SI,SI,NO,NO,SI,NO,
93,PDA INFRAESTRUCTURA,02 OBRAS URBANAS,ADPRO,En ejecucion,SI,SIN PROPIETARIO,93,PDA INFRAESTRUCTURA,37.0,PDA INFRAESTRUCTURA,5031015,PDA URBANISMO,NO,Principal,GRUPOS,930033,CONSTRUCCION PONTON 1 ETAPA 1 A ETAPA 2,"Anticipo 50%, saldo avances de obra quincenales",2012-12-04,RENE ALEJANDRO MELO JIMENEZ,"martes, 31 de enero de 2012","jueves, 30 de mayo de 2013",140.0,0.0,12787.0036,92.9964,0.0,0.0,0.0,18,12880.0,12880.0,Abierto,B3,Civil Todo Costo,PAVIMENTOS Y CONSTRUCCIONES SANTAFE MENDEZ SIERRA & CIA S EN C,900029842,,paviconsantafe@etb.net.co,CR 35B 10A 71 SUR,2023401,P,0,BOGOTÁ D.C.,,,Activo,,,,,,J,MdO Bordillo Confinamiento,345.0,Mano Obra Obras Urbanismo,O,MdeO Contratista,m,metro,ACTIVO,NO,3.0,NO,NO,0.0,0.0,9051.72,19.0,10771.5468,4830.0,1006,PONTONES,Pontones,3.0,600000000.0,0,,Sg,0,SI,SI,NO,NO,SI,NO,
93,PDA INFRAESTRUCTURA,02 OBRAS URBANAS,ADPRO,En ejecucion,SI,SIN PROPIETARIO,93,PDA INFRAESTRUCTURA,37.0,PDA INFRAESTRUCTURA,5031015,PDA URBANISMO,NO,Principal,GRUPOS,930033,CONSTRUCCION PONTON 1 ETAPA 1 A ETAPA 2,"Anticipo 50%, saldo avances de obra quincenales",2012-12-04,RENE ALEJANDRO MELO JIMENEZ,"martes, 31 de enero de 2012","jueves, 30 de mayo de 2013",7.0,0.0,8450.5415,61.4585,0.0,0.0,0.0,3,8512.0,8512.0,Abierto,B3,Civil Todo Costo,PAVIMENTOS Y CONSTRUCCIONES SANTAFE MENDEZ SIERRA & CIA S EN C,900029842,,paviconsantafe@etb.net.co,CR 35B 10A 71 SUR,2023401,P,0,BOGOTÁ D.C.,,,Activo,,,,,,J,Excavacion Mecanica con Disposicion Interna (Relleno y Conformacion),311.0,Actividades Obra,C,Subcontratos,m3,metro cubico,ACTIVO,NO,3.0,NO,NO,0.0,0.0,6551.72,19.0,7796.5468,4904.0,1006,PONTONES,Pontones,3.0,600000000.0,0,,Sg,0,SI,SI,NO,NO,SI,NO,
93,PDA INFRAESTRUCTURA,02 OBRAS URBANAS,ADPRO,En ejecucion,SI,SIN PROPIETARIO,93,PDA INFRAESTRUCTURA,37.0,PDA INFRAESTRUCTURA,5031015,PDA URBANISMO,NO,Principal,GRUPOS,930033,CONSTRUCCION PONTON 1 ETAPA 1 A ETAPA 2,"Anticipo 50%, saldo avances de obra quincenales",2012-12-04,RENE ALEJANDRO MELO JIMENEZ,"martes, 31 de enero de 2012","jueves, 30 de mayo de 2013",140.0,0.0,12405.7762,90.2238,0.0,0.0,0.0,29,12496.0,12496.0,Abierto,B3,Civil Todo Costo,PAVIMENTOS Y CONSTRUCCIONES SANTAFE MENDEZ SIERRA & CIA S EN C,900029842,,paviconsantafe@etb.net.co,CR 35B 10A 71 SUR,2023401,P,0,BOGOTÁ D.C.,,,Activo,,,,,,J,Tubo Drenaje PVC Corrug Filtro d:100mm,335.0,Redes Enterradas Rejillas Sumideros,M,Materiales,m,metro,ACTIVO,NO,0.0,NO,NO,0.0,0.0,13000.0,19.0,15470.0,3189.0,1006,PONTONES,Pontones,3.0,600000000.0,0,,Sg,0,SI,SI,NO,NO,SI,NO,
93,PDA INFRAESTRUCTURA,02 OBRAS URBANAS,ADPRO,En ejecucion,SI,SIN PROPIETARIO,93,PDA INFRAESTRUCTURA,37.0,PDA INFRAESTRUCTURA,5031015,PDA URBANISMO,NO,Principal,GRUPOS,930033,CONSTRUCCION PONTON 1 ETAPA 1 A ETAPA 2,"Anticipo 50%, saldo avances de obra quincenales",2012-12-04,RENE ALEJANDRO MELO JIMENEZ,"martes, 31 de enero de 2012","jueves, 30 de mayo de 2013",560.0,0.0,5893.1408,42.8592,0.0,0.0,0.0,17,5936.0,5936.0,Abierto,B3,Civil Todo Costo,PAVIMENTOS Y CONSTRUCCIONES SANTAFE MENDEZ SIERRA & CIA S EN C,900029842,,paviconsantafe@etb.net.co,CR 35B 10A 71 SUR,2023401,P,0,BOGOTÁ D.C.,,,Activo,,,,,,J,Geotextil Tejido 2400,312.0,Aditivos Quimicos Mantos Impermeabilizantes,M,Materiales,m2,metro cuadrado,ACTIVO,NO,0.0,NO,NO,0.0,0.0,2342.8571,19.0,2788.0,1552.0,1006,PONTONES,Pontones,3.0,600000000.0,0,,Sg,0,SI,SI,NO,NO,SI,NO,
93,PDA INFRAESTRUCTURA,02 OBRAS URBANAS,ADPRO,En ejecucion,SI,SIN PROPIETARIO,93,PDA INFRAESTRUCTURA,37.0,PDA INFRAESTRUCTURA,5031015,PDA URBANISMO,NO,Principal,GRUPOS,930033,CONSTRUCCION PONTON 1 ETAPA 1 A ETAPA 2,"Anticipo 50%, saldo avances de obra quincenales",2012-12-04,RENE ALEJANDRO MELO JIMENEZ,"martes, 31 de enero de 2012","jueves, 30 de mayo de 2013",700.0,0.0,3742.7798,27.2202,0.0,0.0,0.0,2,3770.0,3770.0,Abierto,B3,Civil Todo Costo,PAVIMENTOS Y CONSTRUCCIONES SANTAFE MENDEZ SIERRA & CIA S EN C,900029842,,paviconsantafe@etb.net.co,CR 35B 10A 71 SUR,2023401,P,0,BOGOTÁ D.C.,,,Activo,,,,,,J,Relleno Material Excavacion,311.0,Actividades Obra,C,Subcontratos,m3,metro cubico,ACTIVO,NO,0.0,NO,NO,0.0,0.0,7959.6639,19.0,9472.0,2472.0,1006,PONTONES,Pontones,3.0,600000000.0,0,,Sg,0,SI,SI,NO,NO,SI,NO,
93,PDA INFRAESTRUCTURA,02 OBRAS URBANAS,ADPRO,En ejecucion,SI,SIN PROPIETARIO,93,PDA INFRAESTRUCTURA,37.0,PDA INFRAESTRUCTURA,5031015,PDA URBANISMO,NO,Principal,GRUPOS,930033,CONSTRUCCION PONTON 1 ETAPA 1 A ETAPA 2,"Anticipo 50%, saldo avances de obra quincenales",2012-12-04,RENE ALEJANDRO MELO JIMENEZ,"martes, 31 de enero de 2012","jueves, 30 de mayo de 2013",112.0,0.0,60745.2166,441.7834,0.0,0.0,0.0,15,61187.0,61187.0,Abierto,B3,Civil Todo Costo,PAVIMENTOS Y CONSTRUCCIONES SANTAFE MENDEZ SIERRA & CIA S EN C,900029842,,paviconsantafe@etb.net.co,CR 35B 10A 71 SUR,2023401,P,0,BOGOTÁ D.C.,,,Activo,,,,,,J,Relleno Subbase Granular,319.0,Concretos Morteros Agregados,C,Subcontratos,m3,metro cubico,ACTIVO,NO,0.0,NO,NO,0.0,0.0,58823.5294,19.0,70000.0,2642.0,1006,PONTONES,Pontones,3.0,600000000.0,0,,Sg,0,SI,SI,NO,NO,SI,NO,
93,PDA INFRAESTRUCTURA,02 OBRAS URBANAS,ADPRO,En ejecucion,SI,SIN PROPIETARIO,93,PDA INFRAESTRUCTURA,37.0,PDA INFRAESTRUCTURA,5031015,PDA URBANISMO,NO,Principal,GRUPOS,930033,CONSTRUCCION PONTON 1 ETAPA 1 A ETAPA 2,"Anticipo 50%, saldo avances de obra quincenales",2012-12-04,RENE ALEJANDRO MELO JIMENEZ,"martes, 31 de enero de 2012","jueves, 30 de mayo de 2013",36.4,0.0,60745.2166,441.7834,0.0,0.0,0.0,19,61187.0,61187.0,Abierto,B3,Civil Todo Costo,PAVIMENTOS Y CONSTRUCCIONES SANTAFE MENDEZ SIERRA & CIA S EN C,900029842,,paviconsantafe@etb.net.co,CR 35B 10A 71 SUR,2023401,P,0,BOGOTÁ D.C.,,,Activo,,,,,,J,Relleno Subbase Granular,319.0,Concretos Morteros Agregados,C,Subcontratos,m3,metro cubico,ACTIVO,NO,0.0,NO,NO,0.0,0.0,58823.5294,19.0,70000.0,2642.0,1006,PONTONES,Pontones,3.0,600000000.0,0,,Sg,0,SI,SI,NO,NO,SI,NO,
93,PDA INFRAESTRUCTURA,02 OBRAS URBANAS,ADPRO,En ejecucion,SI,SIN PROPIETARIO,93,PDA INFRAESTRUCTURA,37.0,PDA INFRAESTRUCTURA,5031015,PDA URBANISMO,NO,Principal,GRUPOS,930033,CONSTRUCCION PONTON 1 ETAPA 1 A ETAPA 2,"Anticipo 50%, saldo avances de obra quincenales",2012-12-04,RENE ALEJANDRO MELO JIMENEZ,"martes, 31 de enero de 2012","jueves, 30 de mayo de 2013",4.0,0.0,8895.3069,64.6931,0.0,0.0,0.0,27,8960.0,8960.0,Abierto,B3,Civil Todo Costo,PAVIMENTOS Y CONSTRUCCIONES SANTAFE MENDEZ SIERRA & CIA S EN C,900029842,,paviconsantafe@etb.net.co,CR 35B 10A 71 SUR,2023401,P,0,BOGOTÁ D.C.,,,Activo,,,,,,J,MdO Solado Limpieza Concreto,346.0,Mano Obra Gris,O,MdeO Contratista,m2,metro cuadrado,ACTIVO,NO,0.0,NO,NO,0.0,0.0,2096.28,19.0,2588.0,4400.0,1006,PONTONES,Pontones,3.0,600000000.0,0,,Sg,0,SI,SI,NO,NO,SI,NO,
93,PDA INFRAESTRUCTURA,02 OBRAS URBANAS,ADPRO,En ejecucion,SI,SIN PROPIETARIO,93,PDA INFRAESTRUCTURA,37.0,PDA INFRAESTRUCTURA,5031015,PDA URBANISMO,NO,Principal,GRUPOS,930033,CONSTRUCCION PONTON 1 ETAPA 1 A ETAPA 2,"Anticipo 50%, saldo avances de obra quincenales",2012-12-04,RENE ALEJANDRO MELO JIMENEZ,"martes, 31 de enero de 2012","jueves, 30 de mayo de 2013",20.0,0.0,2706.3177,19.6823,0.0,0.0,0.0,38,2726.0,2726.0,Abierto,B3,Civil Todo Costo,PAVIMENTOS Y CONSTRUCCIONES SANTAFE MENDEZ SIERRA & CIA S EN C,900029842,,paviconsantafe@etb.net.co,CR 35B 10A 71 SUR,2023401,P,0,BOGOTÁ D.C.,,,Activo,,,,,,J,Alambre Negro Cal 18,325.0,Mallas Laminas Aceros,M,Materiales,kg,kilogramo,ACTIVO,NO,0.0,NO,NO,0.0,0.0,4337.55,19.0,5355.0,273.0,1006,PONTONES,Pontones,3.0,600000000.0,0,,Sg,0,SI,SI,NO,NO,SI,NO,
93,PDA INFRAESTRUCTURA,02 OBRAS URBANAS,ADPRO,En ejecucion,SI,SIN PROPIETARIO,93,PDA INFRAESTRUCTURA,37.0,PDA INFRAESTRUCTURA,5031015,PDA URBANISMO,NO,Principal,GRUPOS,930033,CONSTRUCCION PONTON 1 ETAPA 1 A ETAPA 2,"Anticipo 50%, saldo avances de obra quincenales",2012-12-04,RENE ALEJANDRO MELO JIMENEZ,"martes, 31 de enero de 2012","jueves, 30 de mayo de 2013",112.0,0.0,78052.3466,567.6534,0.0,0.0,0.0,16,78620.0,78620.0,Abierto,B3,Civil Todo Costo,PAVIMENTOS Y CONSTRUCCIONES SANTAFE MENDEZ SIERRA & CIA S EN C,900029842,,paviconsantafe@etb.net.co,CR 35B 10A 71 SUR,2023401,P,0,BOGOTÁ D.C.,,,Activo,,,,,,J,Base Granular B-600,319.0,Concretos Morteros Agregados,C,Subcontratos,m3,metro cubico,ACTIVO,NO,0.0,NO,NO,0.0,0.0,48768.4339,19.0,58034.4363,409.0,1006,PONTONES,Pontones,3.0,600000000.0,0,,Sg,0,SI,SI,NO,NO,SI,NO,
93,PDA INFRAESTRUCTURA,02 OBRAS URBANAS,ADPRO,En ejecucion,SI,SIN PROPIETARIO,93,PDA INFRAESTRUCTURA,37.0,PDA INFRAESTRUCTURA,5031015,PDA URBANISMO,NO,Principal,GRUPOS,930033,CONSTRUCCION PONTON 1 ETAPA 1 A ETAPA 2,"Anticipo 50%, saldo avances de obra quincenales",2012-12-04,RENE ALEJANDRO MELO JIMENEZ,"martes, 31 de enero de 2012","jueves, 30 de mayo de 2013",2.0,0.0,3530547.2924,25676.7076,0.0,0.0,0.0,26,3556224.0,3556224.0,Abierto,B3,Civil Todo Costo,PAVIMENTOS Y CONSTRUCCIONES SANTAFE MENDEZ SIERRA & CIA S EN C,900029842,,paviconsantafe@etb.net.co,CR 35B 10A 71 SUR,2023401,P,0,BOGOTÁ D.C.,,,Activo,,,,,,J,MdO Cabezal Concreto Canal,344.0,Mano Obra Redes Urbanismo,O,MdeO Contratista,m3,metro cubico,ACTIVO,NO,0.0,NO,NO,0.0,0.0,2798850.86,19.0,3330632.5234,3899.0,1006,PONTONES,Pontones,3.0,600000000.0,0,,Sg,0,SI,SI,NO,NO,SI,NO,
93,PDA INFRAESTRUCTURA,02 OBRAS URBANAS,ADPRO,En ejecucion,SI,SIN PROPIETARIO,93,PDA INFRAESTRUCTURA,37.0,PDA INFRAESTRUCTURA,5031015,PDA URBANISMO,NO,Principal,GRUPOS,930033,CONSTRUCCION PONTON 1 ETAPA 1 A ETAPA 2,"Anticipo 50%, saldo avances de obra quincenales",2012-12-04,RENE ALEJANDRO MELO JIMENEZ,"martes, 31 de enero de 2012","jueves, 30 de mayo de 2013",140.0,0.0,12787.0036,92.9964,0.0,0.0,0.0,10,12880.0,12880.0,Abierto,B3,Civil Todo Costo,PAVIMENTOS Y CONSTRUCCIONES SANTAFE MENDEZ SIERRA & CIA S EN C,900029842,,paviconsantafe@etb.net.co,CR 35B 10A 71 SUR,2023401,P,0,BOGOTÁ D.C.,,,Activo,,,,,,J,Instalacion Sardinel Prefabricado,345.0,Mano Obra Obras Urbanismo,O,MdeO Contratista,m,metro,ACTIVO,NO,0.0,NO,NO,0.0,0.0,15948.28,19.0,18978.4532,3785.0,1006,PONTONES,Pontones,3.0,600000000.0,0,,Sg,0,SI,SI,NO,NO,SI,NO,
93,PDA INFRAESTRUCTURA,02 OBRAS URBANAS,ADPRO,En ejecucion,SI,SIN PROPIETARIO,93,PDA INFRAESTRUCTURA,37.0,PDA INFRAESTRUCTURA,5031015,PDA URBANISMO,NO,Principal,GRUPOS,930033,CONSTRUCCION PONTON 1 ETAPA 1 A ETAPA 2,"Anticipo 50%, saldo avances de obra quincenales",2012-12-04,RENE ALEJANDRO MELO JIMENEZ,"martes, 31 de enero de 2012","jueves, 30 de mayo de 2013",4.0,0.0,235262.9964,1711.0036,0.0,0.0,0.0,34,236974.0,236974.0,Abierto,B3,Civil Todo Costo,PAVIMENTOS Y CONSTRUCCIONES SANTAFE MENDEZ SIERRA & CIA S EN C,900029842,,paviconsantafe@etb.net.co,CR 35B 10A 71 SUR,2023401,P,0,BOGOTÁ D.C.,,,Activo,,,,,,J,Concreto Grava Comun 1500,319.0,Concretos Morteros Agregados,M,Materiales,m3,metro cubico,ACTIVO,NO,0.0,NO,NO,0.0,0.0,251333.28,19.0,310288.0,1114.0,1006,PONTONES,Pontones,3.0,600000000.0,0,,Sg,0,SI,SI,NO,NO,SI,NO,
93,PDA INFRAESTRUCTURA,02 OBRAS URBANAS,ADPRO,En ejecucion,SI,SIN PROPIETARIO,93,PDA INFRAESTRUCTURA,37.0,PDA INFRAESTRUCTURA,5031015,PDA URBANISMO,NO,Principal,GRUPOS,930033,CONSTRUCCION PONTON 1 ETAPA 1 A ETAPA 2,"Anticipo 50%, saldo avances de obra quincenales",2012-12-04,RENE ALEJANDRO MELO JIMENEZ,"martes, 31 de enero de 2012","jueves, 30 de mayo de 2013",8.05,0.0,479825.361,3489.639,0.0,0.0,0.0,20,483315.0,483315.0,Abierto,B3,Civil Todo Costo,PAVIMENTOS Y CONSTRUCCIONES SANTAFE MENDEZ SIERRA & CIA S EN C,900029842,,paviconsantafe@etb.net.co,CR 35B 10A 71 SUR,2023401,P,0,BOGOTÁ D.C.,,,Activo,,,,,,J,Mezcla Asfaltica Convencional MDC 2,329.0,Pavimentos,M,Materiales,m3,metro cubico,ACTIVO,NO,0.0,NO,NO,0.0,0.0,258393.1034,19.0,307487.793,1959.0,1006,PONTONES,Pontones,3.0,600000000.0,0,,Sg,0,SI,SI,NO,NO,SI,NO,
93,PDA INFRAESTRUCTURA,02 OBRAS URBANAS,ADPRO,En ejecucion,SI,SIN PROPIETARIO,93,PDA INFRAESTRUCTURA,37.0,PDA INFRAESTRUCTURA,5031015,PDA URBANISMO,NO,Principal,GRUPOS,930033,CONSTRUCCION PONTON 1 ETAPA 1 A ETAPA 2,"Anticipo 50%, saldo avances de obra quincenales",2012-12-04,RENE ALEJANDRO MELO JIMENEZ,"martes, 31 de enero de 2012","jueves, 30 de mayo de 2013",182.0,0.0,3002.1661,21.8339,0.0,0.0,0.0,22,3024.0,3024.0,Abierto,B3,Civil Todo Costo,PAVIMENTOS Y CONSTRUCCIONES SANTAFE MENDEZ SIERRA & CIA S EN C,900029842,,paviconsantafe@etb.net.co,CR 35B 10A 71 SUR,2023401,P,0,BOGOTÁ D.C.,,,Activo,,,,,,J,Perfilado Y Compactacion,311.0,Actividades Obra,C,Subcontratos,m2,metro cuadrado,ACTIVO,NO,3.0,NO,NO,0.0,0.0,10344.83,19.0,12310.3477,4833.0,1006,PONTONES,Pontones,3.0,600000000.0,0,,Sg,0,SI,SI,NO,NO,SI,NO,
93,PDA INFRAESTRUCTURA,02 OBRAS URBANAS,ADPRO,En ejecucion,SI,SIN PROPIETARIO,93,PDA INFRAESTRUCTURA,37.0,PDA INFRAESTRUCTURA,5031015,PDA URBANISMO,NO,Principal,GRUPOS,930033,CONSTRUCCION PONTON 1 ETAPA 1 A ETAPA 2,"Anticipo 50%, saldo avances de obra quincenales",2012-12-04,RENE ALEJANDRO MELO JIMENEZ,"martes, 31 de enero de 2012","jueves, 30 de mayo de 2013",161.0,0.0,1457.4007,10.5993,0.0,0.0,0.0,21,1468.0,1468.0,Abierto,B3,Civil Todo Costo,PAVIMENTOS Y CONSTRUCCIONES SANTAFE MENDEZ SIERRA & CIA S EN C,900029842,,paviconsantafe@etb.net.co,CR 35B 10A 71 SUR,2023401,P,0,BOGOTÁ D.C.,,,Activo,,,,,,J,Imprimacion Liga MC 70,329.0,Pavimentos,C,Subcontratos,m2,metro cuadrado,ACTIVO,NO,0.0,NO,NO,0.0,0.0,1551.72,19.0,1846.5468,361.0,1006,PONTONES,Pontones,3.0,600000000.0,0,,Sg,0,SI,SI,NO,NO,SI,NO,
93,PDA INFRAESTRUCTURA,02 OBRAS URBANAS,ADPRO,En ejecucion,SI,SIN PROPIETARIO,93,PDA INFRAESTRUCTURA,37.0,PDA INFRAESTRUCTURA,5031015,PDA URBANISMO,NO,Principal,GRUPOS,930033,CONSTRUCCION PONTON 1 ETAPA 1 A ETAPA 2,"Anticipo 50%, saldo avances de obra quincenales",2012-12-04,RENE ALEJANDRO MELO JIMENEZ,"martes, 31 de enero de 2012","jueves, 30 de mayo de 2013",490.0,0.0,1457.4007,10.5993,0.0,0.0,0.0,14,1468.0,1468.0,Abierto,B3,Civil Todo Costo,PAVIMENTOS Y CONSTRUCCIONES SANTAFE MENDEZ SIERRA & CIA S EN C,900029842,,paviconsantafe@etb.net.co,CR 35B 10A 71 SUR,2023401,P,0,BOGOTÁ D.C.,,,Activo,,,,,,J,Imprimacion Liga MC 70,329.0,Pavimentos,C,Subcontratos,m2,metro cuadrado,ACTIVO,NO,0.0,NO,NO,0.0,0.0,1551.72,19.0,1846.5468,361.0,1006,PONTONES,Pontones,3.0,600000000.0,0,,Sg,0,SI,SI,NO,NO,SI,NO,
93,PDA INFRAESTRUCTURA,02 OBRAS URBANAS,ADPRO,En ejecucion,SI,SIN PROPIETARIO,93,PDA INFRAESTRUCTURA,37.0,PDA INFRAESTRUCTURA,5031015,PDA URBANISMO,NO,Principal,GRUPOS,930033,CONSTRUCCION PONTON 1 ETAPA 1 A ETAPA 2,"Anticipo 50%, saldo avances de obra quincenales",2012-12-04,RENE ALEJANDRO MELO JIMENEZ,"martes, 31 de enero de 2012","jueves, 30 de mayo de 2013",15.0,0.0,298335.2888,2169.7112,0.0,0.0,0.0,35,300505.0,300505.0,Abierto,B3,Civil Todo Costo,PAVIMENTOS Y CONSTRUCCIONES SANTAFE MENDEZ SIERRA & CIA S EN C,900029842,,paviconsantafe@etb.net.co,CR 35B 10A 71 SUR,2023401,P,0,BOGOTÁ D.C.,,,Activo,,,,,,J,Concreto Grava Comun 3500,319.0,Concretos Morteros Agregados,M,Materiales,m3,metro cubico,ACTIVO,NO,0.0,NO,NO,0.0,0.0,274918.0,19.0,327152.42,1118.0,1006,PONTONES,Pontones,3.0,600000000.0,0,,Sg,0,SI,SI,NO,NO,SI,NO,
93,PDA INFRAESTRUCTURA,02 OBRAS URBANAS,ADPRO,En ejecucion,SI,SIN PROPIETARIO,93,PDA INFRAESTRUCTURA,37.0,PDA INFRAESTRUCTURA,5031015,PDA URBANISMO,NO,Principal,GRUPOS,930033,CONSTRUCCION PONTON 1 ETAPA 1 A ETAPA 2,"Anticipo 50%, saldo avances de obra quincenales",2012-12-04,RENE ALEJANDRO MELO JIMENEZ,"martes, 31 de enero de 2012","jueves, 30 de mayo de 2013",2.0,0.0,2236013.0866,16261.9134,0.0,0.0,0.0,25,2252275.0,2252275.0,Abierto,B3,Civil Todo Costo,PAVIMENTOS Y CONSTRUCCIONES SANTAFE MENDEZ SIERRA & CIA S EN C,900029842,,paviconsantafe@etb.net.co,CR 35B 10A 71 SUR,2023401,P,0,BOGOTÁ D.C.,,,Activo,,,,,,J,Construccion Dentellon,311.0,Actividades Obra,C,Subcontratos,sg,suma global,ACTIVO,NO,0.0,NO,NO,0.0,0.0,1733586.21,19.0,2062967.5899,4625.0,1006,PONTONES,Pontones,3.0,600000000.0,0,,Sg,0,SI,SI,NO,NO,SI,NO,
93,PDA INFRAESTRUCTURA,02 OBRAS URBANAS,ADPRO,En ejecucion,SI,SIN PROPIETARIO,93,PDA INFRAESTRUCTURA,37.0,PDA INFRAESTRUCTURA,5031015,PDA URBANISMO,NO,Principal,GRUPOS,930033,CONSTRUCCION PONTON 1 ETAPA 1 A ETAPA 2,"Anticipo 50%, saldo avances de obra quincenales",2012-12-04,RENE ALEJANDRO MELO JIMENEZ,"martes, 31 de enero de 2012","jueves, 30 de mayo de 2013",170.0,0.0,26288.8087,191.1913,0.0,0.0,0.0,30,26480.0,26480.0,Abierto,B3,Civil Todo Costo,PAVIMENTOS Y CONSTRUCCIONES SANTAFE MENDEZ SIERRA & CIA S EN C,900029842,,paviconsantafe@etb.net.co,CR 35B 10A 71 SUR,2023401,P,0,BOGOTÁ D.C.,,,Activo,,,,,,J,Sardinel Bloque Concreto (A-10) 20x50x80,331.0,Prefabricados,M,Materiales,Un,unidad,ACTIVO,NO,0.0,NO,NO,0.0,0.0,21725.0,19.0,25852.75,2533.0,1006,PONTONES,Pontones,3.0,600000000.0,0,,Sg,0,SI,SI,NO,NO,SI,NO,
93,PDA INFRAESTRUCTURA,02 OBRAS URBANAS,ADPRO,En ejecucion,SI,SIN PROPIETARIO,93,PDA INFRAESTRUCTURA,37.0,PDA INFRAESTRUCTURA,5031015,PDA URBANISMO,NO,Principal,GRUPOS,930033,CONSTRUCCION PONTON 1 ETAPA 1 A ETAPA 2,"Anticipo 50%, saldo avances de obra quincenales",2012-12-04,RENE ALEJANDRO MELO JIMENEZ,"martes, 31 de enero de 2012","jueves, 30 de mayo de 2013",750.0,0.0,1877.3466,13.6534,0.0,0.0,0.0,37,1891.0,1891.0,Abierto,B3,Civil Todo Costo,PAVIMENTOS Y CONSTRUCCIONES SANTAFE MENDEZ SIERRA & CIA S EN C,900029842,,paviconsantafe@etb.net.co,CR 35B 10A 71 SUR,2023401,P,0,BOGOTÁ D.C.,,,Activo,,,,,,J,Acero Refuerzo Figurado 60.000,325.0,Mallas Laminas Aceros,M,Materiales,kg,kilogramo,ACTIVO,NO,0.0,NO,NO,0.0,0.0,2458.35,19.0,3035.0,121.0,1006,PONTONES,Pontones,3.0,600000000.0,0,,Sg,0,SI,SI,NO,NO,SI,NO,
93,PDA INFRAESTRUCTURA,02 OBRAS URBANAS,ADPRO,En ejecucion,SI,SIN PROPIETARIO,93,PDA INFRAESTRUCTURA,37.0,PDA INFRAESTRUCTURA,5031015,PDA URBANISMO,NO,Principal,GRUPOS,930033,CONSTRUCCION PONTON 1 ETAPA 1 A ETAPA 2,"Anticipo 50%, saldo avances de obra quincenales",2012-12-04,RENE ALEJANDRO MELO JIMENEZ,"martes, 31 de enero de 2012","jueves, 30 de mayo de 2013",4.0,0.0,238221.4801,1732.5199,0.0,0.0,0.0,28,239954.0,239954.0,Abierto,B3,Civil Todo Costo,PAVIMENTOS Y CONSTRUCCIONES SANTAFE MENDEZ SIERRA & CIA S EN C,900029842,,paviconsantafe@etb.net.co,CR 35B 10A 71 SUR,2023401,P,0,BOGOTÁ D.C.,,,Activo,,,,,,J,Tubo Novafort d=0.31m (315mm),334.0,Internas Hidrosanitarias,M,Materiales,m,metro,ACTIVO,NO,0.0,NO,NO,0.0,0.0,38996.55,19.0,46405.8945,3199.0,1006,PONTONES,Pontones,3.0,600000000.0,0,,Sg,0,SI,SI,NO,NO,SI,NO,
93,PDA INFRAESTRUCTURA,02 OBRAS URBANAS,ADPRO,En ejecucion,SI,SIN PROPIETARIO,93,PDA INFRAESTRUCTURA,37.0,PDA INFRAESTRUCTURA,5031015,PDA URBANISMO,NO,Principal,GRUPOS,930033,CONSTRUCCION PONTON 1 ETAPA 1 A ETAPA 2,"Anticipo 50%, saldo avances de obra quincenales",2012-12-04,RENE ALEJANDRO MELO JIMENEZ,"martes, 31 de enero de 2012","jueves, 30 de mayo de 2013",140.0,0.0,11011.9134,80.0866,0.0,0.0,0.0,31,11092.0,11092.0,Abierto,B3,Civil Todo Costo,PAVIMENTOS Y CONSTRUCCIONES SANTAFE MENDEZ SIERRA & CIA S EN C,900029842,,paviconsantafe@etb.net.co,CR 35B 10A 71 SUR,2023401,P,0,BOGOTÁ D.C.,,,Activo,,,,,,J,Bordillo Bloque Concreto 20x10x100,331.0,Prefabricados,M,Materiales,Un,unidad,ACTIVO,NO,0.0,NO,NO,0.0,0.0,8956.9,19.0,10658.711,468.0,1006,PONTONES,Pontones,3.0,600000000.0,0,,Sg,0,SI,SI,NO,NO,SI,NO,
93,PDA INFRAESTRUCTURA,02 OBRAS URBANAS,ADPRO,En ejecucion,SI,SIN PROPIETARIO,93,PDA INFRAESTRUCTURA,37.0,PDA INFRAESTRUCTURA,5031015,PDA URBANISMO,NO,Principal,GRUPOS,930033,CONSTRUCCION PONTON 1 ETAPA 1 A ETAPA 2,"Anticipo 50%, saldo avances de obra quincenales",2012-12-04,RENE ALEJANDRO MELO JIMENEZ,"martes, 31 de enero de 2012","jueves, 30 de mayo de 2013",1087.5,0.0,5151.5343,37.4657,0.0,0.0,0.0,1,5189.0,5189.0,Abierto,B3,Civil Todo Costo,PAVIMENTOS Y CONSTRUCCIONES SANTAFE MENDEZ SIERRA & CIA S EN C,900029842,,paviconsantafe@etb.net.co,CR 35B 10A 71 SUR,2023401,P,0,BOGOTÁ D.C.,,,Activo,,,,,,J,Corte con Transporte > a 1 km,311.0,Actividades Obra,C,Subcontratos,m3,metro cubico,ACTIVO,NO,0.0,NO,NO,0.0,0.0,2271.5517,19.0,2703.1465,1315.0,1006,PONTONES,Pontones,3.0,600000000.0,0,,Sg,0,SI,SI,NO,NO,SI,NO,
93,PDA INFRAESTRUCTURA,02 OBRAS URBANAS,ADPRO,En ejecucion,SI,SIN PROPIETARIO,93,PDA INFRAESTRUCTURA,37.0,PDA INFRAESTRUCTURA,5031015,PDA URBANISMO,NO,Principal,GRUPOS,930033,CONSTRUCCION PONTON 1 ETAPA 1 A ETAPA 2,"Anticipo 50%, saldo avances de obra quincenales",2012-12-04,RENE ALEJANDRO MELO JIMENEZ,"martes, 31 de enero de 2012","jueves, 30 de mayo de 2013",20.0,0.0,12008.6643,87.3357,0.0,0.0,0.0,8,12096.0,12096.0,Abierto,B3,Civil Todo Costo,PAVIMENTOS Y CONSTRUCCIONES SANTAFE MENDEZ SIERRA & CIA S EN C,900029842,,paviconsantafe@etb.net.co,CR 35B 10A 71 SUR,2023401,P,0,BOGOTÁ D.C.,,,Activo,,,,,,J,Instalacion Tuberia Novafort d=315mm,344.0,Mano Obra Redes Urbanismo,O,MdeO Contratista,m,metro,ACTIVO,NO,3.0,NO,NO,0.0,0.0,8239.08,19.0,9804.5052,4388.0,1006,PONTONES,Pontones,3.0,600000000.0,0,,Sg,0,SI,SI,NO,NO,SI,NO,
93,PDA INFRAESTRUCTURA,02 OBRAS URBANAS,ADPRO,En ejecucion,SI,SIN PROPIETARIO,93,PDA INFRAESTRUCTURA,37.0,PDA INFRAESTRUCTURA,5031015,PDA URBANISMO,NO,Principal,GRUPOS,930033,CONSTRUCCION PONTON 1 ETAPA 1 A ETAPA 2,"Anticipo 50%, saldo avances de obra quincenales",2012-12-04,RENE ALEJANDRO MELO JIMENEZ,"martes, 31 de enero de 2012","jueves, 30 de mayo de 2013",57.33,0.0,109839.1697,798.8303,0.0,0.0,0.0,23,110638.0,110638.0,Abierto,B3,Civil Todo Costo,PAVIMENTOS Y CONSTRUCCIONES SANTAFE MENDEZ SIERRA & CIA S EN C,900029842,,paviconsantafe@etb.net.co,CR 35B 10A 71 SUR,2023401,P,0,BOGOTÁ D.C.,,,Activo,,,,,,J,Relleno Gravilla,321.0,Enchapes Pisos,C,Subcontratos,m3,metro cubico,ACTIVO,NO,0.0,NO,NO,0.0,0.0,45774.7899,19.0,54472.0,2471.0,1006,PONTONES,Pontones,3.0,600000000.0,0,,Sg,0,SI,SI,NO,NO,SI,NO,
93,PDA INFRAESTRUCTURA,02 OBRAS URBANAS,ADPRO,En ejecucion,SI,SIN PROPIETARIO,93,PDA INFRAESTRUCTURA,37.0,PDA INFRAESTRUCTURA,5031015,PDA URBANISMO,NO,Principal,GRUPOS,930033,CONSTRUCCION PONTON 1 ETAPA 1 A ETAPA 2,"Anticipo 50%, saldo avances de obra quincenales",2012-12-04,RENE ALEJANDRO MELO JIMENEZ,"martes, 31 de enero de 2012","jueves, 30 de mayo de 2013",490.0,0.0,1457.4007,10.5993,0.0,0.0,0.0,12,1468.0,1468.0,Abierto,B3,Civil Todo Costo,PAVIMENTOS Y CONSTRUCCIONES SANTAFE MENDEZ SIERRA & CIA S EN C,900029842,,paviconsantafe@etb.net.co,CR 35B 10A 71 SUR,2023401,P,0,BOGOTÁ D.C.,,,Activo,,,,,,J,Imprimacion Liga MC 70,329.0,Pavimentos,C,Subcontratos,m2,metro cuadrado,ACTIVO,NO,0.0,NO,NO,0.0,0.0,1551.72,19.0,1846.5468,361.0,1006,PONTONES,Pontones,3.0,600000000.0,0,,Sg,0,SI,SI,NO,NO,SI,NO,
93,PDA INFRAESTRUCTURA,02 OBRAS URBANAS,ADPRO,En ejecucion,SI,SIN PROPIETARIO,93,PDA INFRAESTRUCTURA,37.0,PDA INFRAESTRUCTURA,5031015,PDA URBANISMO,NO,Principal,GRUPOS,930033,CONSTRUCCION PONTON 1 ETAPA 1 A ETAPA 2,"Anticipo 50%, saldo avances de obra quincenales",2012-12-04,RENE ALEJANDRO MELO JIMENEZ,"martes, 31 de enero de 2012","jueves, 30 de mayo de 2013",4.59,0.0,53371.8412,388.1588,0.0,0.0,0.0,5,53760.0,53760.0,Abierto,B3,Civil Todo Costo,PAVIMENTOS Y CONSTRUCCIONES SANTAFE MENDEZ SIERRA & CIA S EN C,900029842,,paviconsantafe@etb.net.co,CR 35B 10A 71 SUR,2023401,P,0,BOGOTÁ D.C.,,,Activo,,,,,,J,Recebo Comun B-200 Zanjas,319.0,Concretos Morteros Agregados,C,Subcontratos,m3,metro cubico,ACTIVO,NO,0.0,NO,NO,0.0,0.0,31764.7059,19.0,37800.0,2371.0,1006,PONTONES,Pontones,3.0,600000000.0,0,,Sg,0,SI,SI,NO,NO,SI,NO,
93,PDA INFRAESTRUCTURA,02 OBRAS URBANAS,ADPRO,En ejecucion,SI,SIN PROPIETARIO,93,PDA INFRAESTRUCTURA,37.0,PDA INFRAESTRUCTURA,5031015,PDA URBANISMO,NO,Principal,GRUPOS,930033,CONSTRUCCION PONTON 1 ETAPA 1 A ETAPA 2,"Anticipo 50%, saldo avances de obra quincenales",2012-12-04,RENE ALEJANDRO MELO JIMENEZ,"martes, 31 de enero de 2012","jueves, 30 de mayo de 2013",3.0,0.0,298335.2888,2169.7112,0.0,0.0,0.0,36,300505.0,300505.0,Abierto,B3,Civil Todo Costo,PAVIMENTOS Y CONSTRUCCIONES SANTAFE MENDEZ SIERRA & CIA S EN C,900029842,,paviconsantafe@etb.net.co,CR 35B 10A 71 SUR,2023401,P,0,BOGOTÁ D.C.,,,Activo,,,,,,J,Concreto Grava Comun 3500,319.0,Concretos Morteros Agregados,M,Materiales,m3,metro cubico,ACTIVO,NO,0.0,NO,NO,0.0,0.0,274918.0,19.0,327152.42,1118.0,1006,PONTONES,Pontones,3.0,600000000.0,0,,Sg,0,SI,SI,NO,NO,SI,NO,
93,PDA INFRAESTRUCTURA,02 OBRAS URBANAS,ADPRO,En ejecucion,SI,SIN PROPIETARIO,93,PDA INFRAESTRUCTURA,37.0,PDA INFRAESTRUCTURA,5031015,PDA URBANISMO,NO,Principal,GRUPOS,930033,CONSTRUCCION PONTON 1 ETAPA 1 A ETAPA 2,"Anticipo 50%, saldo avances de obra quincenales",2012-12-04,RENE ALEJANDRO MELO JIMENEZ,"martes, 31 de enero de 2012","jueves, 30 de mayo de 2013",13.0,0.0,3520786.8925,25605.7229,0.0,0.0,0.0,32,3546392.6154,3546392.61538462,Abierto,B3,Civil Todo Costo,PAVIMENTOS Y CONSTRUCCIONES SANTAFE MENDEZ SIERRA & CIA S EN C,900029842,,paviconsantafe@etb.net.co,CR 35B 10A 71 SUR,2023401,P,0,BOGOTÁ D.C.,,,Activo,,,,,,J,"Tubo Concreto Rfzdo Clase II d:72""",335.0,Redes Enterradas Rejillas Sumideros,M,Materiales,m,metro,ACTIVO,NO,0.0,NO,NO,0.0,0.0,834395.69,19.0,992930.8711,3136.0,1006,PONTONES,Pontones,3.0,600000000.0,0,,Sg,0,SI,SI,NO,NO,SI,NO,
93,PDA INFRAESTRUCTURA,02 OBRAS URBANAS,ADPRO,En ejecucion,SI,SIN PROPIETARIO,93,PDA INFRAESTRUCTURA,37.0,PDA INFRAESTRUCTURA,5031015,PDA URBANISMO,NO,Principal,GRUPOS,930033,CONSTRUCCION PONTON 1 ETAPA 1 A ETAPA 2,"Anticipo 50%, saldo avances de obra quincenales",2012-12-04,RENE ALEJANDRO MELO JIMENEZ,"martes, 31 de enero de 2012","jueves, 30 de mayo de 2013",31.85,0.0,203987.4549,1483.5451,0.0,0.0,0.0,24,205471.0,205471.0,Abierto,B3,Civil Todo Costo,PAVIMENTOS Y CONSTRUCCIONES SANTAFE MENDEZ SIERRA & CIA S EN C,900029842,,paviconsantafe@etb.net.co,CR 35B 10A 71 SUR,2023401,P,0,BOGOTÁ D.C.,,,Activo,,,,,,J,"Instalacion Tuberia Novaloc d=70""",344.0,Mano Obra Redes Urbanismo,O,MdeO Contratista,m,metro,ACTIVO,NO,3.0,NO,NO,0.0,0.0,73275.86,19.0,87198.2734,5000.0,1006,PONTONES,Pontones,3.0,600000000.0,0,,Sg,0,SI,SI,NO,NO,SI,NO,
93,PDA INFRAESTRUCTURA,02 OBRAS URBANAS,ADPRO,En ejecucion,SI,SIN PROPIETARIO,93,PDA INFRAESTRUCTURA,37.0,PDA INFRAESTRUCTURA,5031015,PDA URBANISMO,NO,Principal,GRUPOS,930033,CONSTRUCCION PONTON 1 ETAPA 1 A ETAPA 2,"Anticipo 50%, saldo avances de obra quincenales",2012-12-04,RENE ALEJANDRO MELO JIMENEZ,"martes, 31 de enero de 2012","jueves, 30 de mayo de 2013",30.0,0.0,479825.361,3489.639,0.0,0.0,0.0,13,483315.0,483315.0,Abierto,B3,Civil Todo Costo,PAVIMENTOS Y CONSTRUCCIONES SANTAFE MENDEZ SIERRA & CIA S EN C,900029842,,paviconsantafe@etb.net.co,CR 35B 10A 71 SUR,2023401,P,0,BOGOTÁ D.C.,,,Activo,,,,,,J,Mezcla Asfaltica Convencional MDC 2,329.0,Pavimentos,M,Materiales,m3,metro cubico,ACTIVO,NO,0.0,NO,NO,0.0,0.0,258393.1034,19.0,307487.793,1959.0,1006,PONTONES,Pontones,3.0,600000000.0,0,,Sg,0,SI,SI,NO,NO,SI,NO,
93,PDA INFRAESTRUCTURA,02 OBRAS URBANAS,ADPRO,En ejecucion,SI,SIN PROPIETARIO,93,PDA INFRAESTRUCTURA,37.0,PDA INFRAESTRUCTURA,5031015,PDA URBANISMO,NO,Principal,GRUPOS,930033,CONSTRUCCION PONTON 1 ETAPA 1 A ETAPA 2,"Anticipo 50%, saldo avances de obra quincenales",2012-12-04,RENE ALEJANDRO MELO JIMENEZ,"martes, 31 de enero de 2012","jueves, 30 de mayo de 2013",1.0,0.0,280202.1661,2037.8339,0.0,0.0,0.0,7,282240.0,282240.0,Abierto,B3,Civil Todo Costo,PAVIMENTOS Y CONSTRUCCIONES SANTAFE MENDEZ SIERRA & CIA S EN C,900029842,,paviconsantafe@etb.net.co,CR 35B 10A 71 SUR,2023401,P,0,BOGOTÁ D.C.,,,Activo,,,,,,J,Caja Concreto Sumidero SL-100,335.0,Redes Enterradas Rejillas Sumideros,M,Materiales,Un,unidad,ACTIVO,NO,0.0,NO,NO,0.0,0.0,253551.72,19.0,301726.5468,640.0,1006,PONTONES,Pontones,3.0,600000000.0,0,,Sg,0,SI,SI,NO,NO,SI,NO,
93,PDA INFRAESTRUCTURA,02 OBRAS URBANAS,ADPRO,En ejecucion,SI,SIN PROPIETARIO,93,PDA INFRAESTRUCTURA,37.0,PDA INFRAESTRUCTURA,5031015,PDA URBANISMO,NO,Principal,GRUPOS,930033,CONSTRUCCION PONTON 1 ETAPA 1 A ETAPA 2,"Anticipo 50%, saldo avances de obra quincenales",2012-12-04,RENE ALEJANDRO MELO JIMENEZ,"martes, 31 de enero de 2012","jueves, 30 de mayo de 2013",1.0,0.0,85072.2924,618.7076,0.0,0.0,0.0,4,85691.0,85691.0,Abierto,B3,Civil Todo Costo,PAVIMENTOS Y CONSTRUCCIONES SANTAFE MENDEZ SIERRA & CIA S EN C,900029842,,paviconsantafe@etb.net.co,CR 35B 10A 71 SUR,2023401,P,0,BOGOTÁ D.C.,,,Activo,,,,,,J,Suministro y Colocacion Arena de Peña,319.0,Concretos Morteros Agregados,C,Subcontratos,m3,metro cubico,ACTIVO,NO,0.0,NO,NO,0.0,0.0,41508.62,19.0,49395.2578,2367.0,1006,PONTONES,Pontones,3.0,600000000.0,0,,Sg,0,SI,SI,NO,NO,SI,NO,
174,PDA PRELIMINARES,05 OBRAS PRELIMINARES,ADPRO,En ejecucion,SI,SIN PROPIETARIO,174,PDA PRELIMINARES,25.0,PDA GENERALES NO ASIGNADOS,5032010,PDA GG NO ASIGNADOS,NO,Principal,GRUPOS,1740110,Contrato CIO 0235 CERRAMIENTO PARCIAL ENTREGAS AYAPEL Y BARU,,2012-10-01,DIEGO BLANCO MUÑOZ,"miércoles, 9 de mayo de 2012","jueves, 9 de mayo de 2013",554.42,544.42,100862.069,16137.931,63697140.0,54911327.5862,63697140.0,1,117000.0,117000.0,Abierto,C1,Suministro Instalacion,SOSAMET S A S,900111135,,sosamet@gmail.com,CL 158  110  45,6533570,A,1,BOGOTÁ D.C.,2511.0,Fabricación de productos metálicos para uso estructural.,Activo,,,,,,J,Cerramiento Perimetral,311.0,Actividades Obra,M,Materiales,m,metro,ACTIVO,NO,3.0,NO,NO,0.0,0.0,51724.14,19.0,61551.7266,3996.0,1002,PRELIMINARES,Cerramiento Metalico,2665.37,314343076.32,0,,m,0,SI,SI,NO,NO,SI,NO,
174,PDA PRELIMINARES,05 OBRAS PRELIMINARES,ADPRO,En ejecucion,SI,SIN PROPIETARIO,174,PDA PRELIMINARES,25.0,PDA GENERALES NO ASIGNADOS,5032010,PDA GG NO ASIGNADOS,NO,Principal,GRUPOS,1740125,"Contrato CIO 0132 FABRICACION,SUMINISTRO Y MONTAJE CONTENEDOR",,2012-10-01,DIEGO BLANCO MUÑOZ,"viernes, 10 de agosto de 2012","sábado, 10 de agosto de 2013",1.0,1.0,24866540.643,189459.3573,25056000.0003,24866540.643,25056000.0003,1,25056000.0003,4176000.0,Abierto,C2,Fabricacion Suministro Instalacion,TUBERIAS Y SOLDADURAS MONTAJES LIMITADA TUBISOLD MONTAJES LTDA,800144962,,tubysol@gmail.com,CR 123 12A 21,8073138,P,0,BOGOTÁ D.C.,,,Activo,,,,,,J,Todo Costo o Proceso Const.,999.0,Varios,C,Subcontratos,Un,unidad,ACTIVO,NO,3.0,NO,NO,0.0,0.0,8620.69,19.0,10258.6211,4060.0,2005,PRELIMINARES,Adecuacion Campamento Ppal,1.098,134100966.744,0,,und,0,SI,SI,NO,NO,SI,NO,
93,PDA INFRAESTRUCTURA,02 OBRAS URBANAS,ADPRO,En ejecucion,SI,SIN PROPIETARIO,93,PDA INFRAESTRUCTURA,37.0,PDA INFRAESTRUCTURA,5031015,PDA URBANISMO,NO,Principal,GRUPOS,930033,CONSTRUCCION PONTON 1 ETAPA 1 A ETAPA 2,"Anticipo 50%, saldo avances de obra quincenales",2012-12-04,RENE ALEJANDRO MELO JIMENEZ,"martes, 31 de enero de 2012","jueves, 30 de mayo de 2013",83720.0,0.0,24.1841,0.1759,0.0,0.0,0.0,33,24.36,24.36,Abierto,B3,Civil Todo Costo,PAVIMENTOS Y CONSTRUCCIONES SANTAFE MENDEZ SIERRA & CIA S EN C,900029842,,paviconsantafe@etb.net.co,CR 35B 10A 71 SUR,2023401,P,0,BOGOTÁ D.C.,,,Activo,,,,,,J,Transporte,999.0,Varios,T,Transporte,Un,unidad,ACTIVO,NO,0.0,NO,NO,0.0,0.0,10000.0,0.0,10000.0,4006.0,1006,PONTONES,Pontones,3.0,600000000.0,0,,Sg,0,SI,SI,NO,NO,SI,NO,
93,PDA INFRAESTRUCTURA,02 OBRAS URBANAS,ADPRO,En ejecucion,SI,SIN PROPIETARIO,93,PDA INFRAESTRUCTURA,37.0,PDA INFRAESTRUCTURA,5031015,PDA URBANISMO,NO,Principal,GRUPOS,930027,Subcontrato CIO 0180 REDES ELECTRICAS URBANISMO,ACTAS QUINCENALES,2012-09-25,DIEGO BLANCO MUÑOZ,"martes, 25 de septiembre de 2012","martes, 25 de septiembre de 2012",420.0,150.0,75638.0578,420.94223,11408850.0,73203348.4521,73610741.0,2,76059.0,76059.0,Abierto,B2,Civil Proceso Constructivo,SOLO REDES INGENIERIA S.A.S,800147102,,soloredesgerencia@etb.net.co,CL 55 14 76,3451101,P,0,BOGOTÁ D.C.,,,Activo,,,,,,J,Acometida 3x2 + 1x4 + 1x6T,332.0,Internas Electricas y Comunicaciones,C,Subcontratos,m,metro,ACTIVO,NO,0.0,NO,NO,0.0,0.0,90031.0,0.0,90031.0,137.0,3002,SUBESTACIONES E,Subestacion 150 kVA,1.0,23475000.0,0,,Sg,0,SI,SI,NO,NO,SI,NO,
93,PDA INFRAESTRUCTURA,02 OBRAS URBANAS,ADPRO,En ejecucion,SI,SIN PROPIETARIO,93,PDA INFRAESTRUCTURA,37.0,PDA INFRAESTRUCTURA,5031015,PDA URBANISMO,NO,Principal,GRUPOS,930027,Subcontrato CIO 0180 REDES ELECTRICAS URBANISMO,ACTAS QUINCENALES,2012-09-25,DIEGO BLANCO MUÑOZ,"martes, 25 de septiembre de 2012","martes, 25 de septiembre de 2012",10.0,9.95,23561.8731,131.12695,235745.35,73203348.4521,73610741.0,13,23693.0,23693.0,Abierto,B2,Civil Proceso Constructivo,SOLO REDES INGENIERIA S.A.S,800147102,,soloredesgerencia@etb.net.co,CL 55 14 76,3451101,P,0,BOGOTÁ D.C.,,,Activo,,,,,,J,Acometida 3x6 + 1x8 + 1x10T,332.0,Internas Electricas y Comunicaciones,C,Subcontratos,m,metro,ACTIVO,NO,0.0,NO,NO,0.0,0.0,29852.0,0.0,29852.0,139.0,3002,SUBESTACIONES E,Subestacion 150 kVA,1.0,23475000.0,0,,Sg,0,SI,SI,NO,NO,SI,NO,
93,PDA INFRAESTRUCTURA,02 OBRAS URBANAS,ADPRO,En ejecucion,SI,SIN PROPIETARIO,93,PDA INFRAESTRUCTURA,37.0,PDA INFRAESTRUCTURA,5031015,PDA URBANISMO,NO,Principal,GRUPOS,930027,Subcontrato CIO 0180 REDES ELECTRICAS URBANISMO,ACTAS QUINCENALES,2012-09-25,DIEGO BLANCO MUÑOZ,"martes, 25 de septiembre de 2012","martes, 25 de septiembre de 2012",340.0,300.0,41609.4345,231.56555,12552300.0,73203348.4521,73610741.0,4,41841.0,41841.0,Abierto,B2,Civil Proceso Constructivo,SOLO REDES INGENIERIA S.A.S,800147102,,soloredesgerencia@etb.net.co,CL 55 14 76,3451101,P,0,BOGOTÁ D.C.,,,Activo,,,,,,J,MATERIALES TENDIDO TUBERIA CONDUIT 2,300.0,Sub-Analisis,A,Subanalisis,m,metro,INACTIVO,NO,0.0,SI,NO,0.0,0.0,1.0,0.0,1.0,4198.0,3002,SUBESTACIONES E,Subestacion 150 kVA,1.0,23475000.0,0,,Sg,0,SI,SI,NO,NO,SI,NO,
174,PDA PRELIMINARES,05 OBRAS PRELIMINARES,ADPRO,En ejecucion,SI,SIN PROPIETARIO,174,PDA PRELIMINARES,25.0,PDA GENERALES NO ASIGNADOS,5032010,PDA GG NO ASIGNADOS,NO,Principal,GRUPOS,1740131,ADECUACION CARRETEABLE INTERNO FARALLONES - PALO DE AGUA,Actas de Obra Quincenales,2012-10-01,DIEGO BLANCO MUÑOZ,"lunes, 25 de febrero de 2013","martes, 30 de abril de 2013",1000.0,209.5202380952,41820.7681,179.2319,8799850.0,8762297.2973,8799850.0,1,42000.0,42000.0,Abierto,B2,Civil Proceso Constructivo,TENJO  CARO CARLOS  JULIO,80411313,,duyonoro1968@hotmail.com,CL 180 11 20 CA 97,6798291,P,0,BOGOTÁ D.C.,,,Activo,,,,,,N,Carreteable,311.0,Actividades Obra,C,Subcontratos,Un,unidad,ACTIVO,NO,3.0,NO,NO,0.0,0.0,10000.0,0.0,10000.0,4002.0,6005,PRELIMINARES,Carreteable Farallones,1.0,41958000.0,0,,und,0,SI,SI,NO,NO,SI,NO,
93,PDA INFRAESTRUCTURA,02 OBRAS URBANAS,ADPRO,En ejecucion,SI,SIN PROPIETARIO,93,PDA INFRAESTRUCTURA,37.0,PDA INFRAESTRUCTURA,5031015,PDA URBANISMO,NO,Principal,GRUPOS,930033,CONSTRUCCION PONTON 1 ETAPA 1 A ETAPA 2,"Anticipo 50%, saldo avances de obra quincenales",2012-12-04,RENE ALEJANDRO MELO JIMENEZ,"martes, 31 de enero de 2012","jueves, 30 de mayo de 2013",1.0,0.0,816144.4043,5935.5957,0.0,0.0,0.0,6,822080.0,822080.0,Abierto,B3,Civil Todo Costo,PAVIMENTOS Y CONSTRUCCIONES SANTAFE MENDEZ SIERRA & CIA S EN C,900029842,,paviconsantafe@etb.net.co,CR 35B 10A 71 SUR,2023401,P,0,BOGOTÁ D.C.,,,Activo,,,,,,J,Instalacion Sumidero,335.0,Redes Enterradas Rejillas Sumideros,O,MdeO Contratista,Un,unidad,ACTIVO,NO,0.0,NO,NO,0.0,0.0,150000.0,0.0,150000.0,4122.0,1006,PONTONES,Pontones,3.0,600000000.0,0,,Sg,0,SI,SI,NO,NO,SI,NO,
174,PDA PRELIMINARES,05 OBRAS PRELIMINARES,ADPRO,En ejecucion,SI,SIN PROPIETARIO,174,PDA PRELIMINARES,25.0,PDA GENERALES NO ASIGNADOS,5032010,PDA GG NO ASIGNADOS,NO,Principal,GRUPOS,1740016,ContratoCIO 0118 COMPRA CAMARA DIGITAL,ACTA DE OBRA,2012-09-28,RENE ALEJANDRO MELO JIMENEZ,"sábado, 30 de junio de 2012","domingo, 30 de junio de 2013",1.0,0.0,407900.0,0.0,0.0,0.0,0.0,1,407900.0,407900.0,Abierto,C,Suministro,OMAÑA PEREZ ALVARO,19480710,,aomaña@prodesa.com.co,VTE COTA CHIA,8766207,A,0,BOGOTÁ D.C.,,,Activo,,,,,,N,Campamento (Construccion),311.0,Actividades Obra,C,Subcontratos,Un,unidad,ACTIVO,NO,3.0,NO,NO,0.0,0.0,10000.0,0.0,10000.0,3997.0,2005,PRELIMINARES,Adecuacion Campamento Ppal,1.098,134100966.744,0,,und,0,SI,SI,NO,NO,SI,NO,
93,PDA INFRAESTRUCTURA,02 OBRAS URBANAS,ADPRO,En ejecucion,SI,SIN PROPIETARIO,93,PDA INFRAESTRUCTURA,37.0,PDA INFRAESTRUCTURA,5031015,PDA URBANISMO,NO,Principal,GRUPOS,930026,Subcontrato CIO 0408 RELLENO E INST TUBERIA PONTON VIA PPAL,ACTAS QUINCENALES,2012-09-25,DIEGO BLANCO MUÑOZ,"miércoles, 11 de julio de 2012","viernes, 31 de agosto de 2012",1.0,1.0,10683966.33876,81401.6483,10765367.98706,12962716.4333,13061479.98706,1,648000.0,64800.0,Abierto,B2,Civil Proceso Constructivo,URRUTIA BAQUERO PUBLIO JOSE,6768357,SIN CONTACTO,SIN EMAIL,CRA 16C Nº 36C-39 TUNJA,,A,0,BOGOTÁ D.C.,,,Activo,,,,,,N,"Instalacion Tuberia Novafort d=24""",344.0,Mano Obra Redes Urbanismo,O,MdeO Contratista,m,metro,ACTIVO,NO,3.0,NO,NO,0.0,0.0,16902.78,19.0,20114.3082,4918.0,1006,PONTONES,Pontones,3.0,600000000.0,0,,Sg,0,SI,SI,NO,NO,SI,NO,
93,PDA INFRAESTRUCTURA,02 OBRAS URBANAS,ADPRO,En ejecucion,SI,SIN PROPIETARIO,93,PDA INFRAESTRUCTURA,37.0,PDA INFRAESTRUCTURA,5031015,PDA URBANISMO,NO,Principal,GRUPOS,930026,Subcontrato CIO 0408 RELLENO E INST TUBERIA PONTON VIA PPAL,ACTAS QUINCENALES,2012-09-25,DIEGO BLANCO MUÑOZ,"miércoles, 11 de julio de 2012","viernes, 31 de agosto de 2012",1.0,1.0,10683966.33876,81401.6483,10765367.98706,12962716.4333,13061479.98706,1,1243788.0002,47838.0,Abierto,B2,Civil Proceso Constructivo,URRUTIA BAQUERO PUBLIO JOSE,6768357,SIN CONTACTO,SIN EMAIL,CRA 16C Nº 36C-39 TUNJA,,A,0,BOGOTÁ D.C.,,,Activo,,,,,,N,"Tubo Novafort d=24""",334.0,Internas Hidrosanitarias,M,Materiales,m,metro,ACTIVO,NO,0.0,NO,NO,0.0,0.0,221288.79,19.0,263333.6601,3204.0,1006,PONTONES,Pontones,3.0,600000000.0,0,,Sg,0,SI,SI,NO,NO,SI,NO,
93,PDA INFRAESTRUCTURA,02 OBRAS URBANAS,ADPRO,En ejecucion,SI,SIN PROPIETARIO,93,PDA INFRAESTRUCTURA,37.0,PDA INFRAESTRUCTURA,5031015,PDA URBANISMO,NO,Principal,GRUPOS,930013,Subcontrato CIO 0007 MANO DE OBRA MAMPOSTERIA Y ESCALERA PETAR,ACTAS QUINCENALES,2012-09-25,DIEGO BLANCO MUÑOZ,"jueves, 1 de marzo de 2012","domingo, 10 de marzo de 2013",36.8,36.8,96266.5406,733.4594,3569600.0,7348336.674,7404324.00096,1,97000.0,97000.0,Abierto,B,Civil Mano de Obra,PARRA RODRIGUEZ HECTOR JULIO,79121760,HECTOR JULIO PARRA RODRIGUEZ,,CR 102 125 50,6925791,P,0,BOGOTÁ D.C.,,,Activo,,,,,,N,MdO Columnetas Concreto,346.0,Mano Obra Gris,O,MdeO Contratista,m,metro,ACTIVO,NO,0.0,NO,NO,0.0,0.0,20560.34,19.0,24466.8046,4423.0,1003,PLANTA TRATAMIENTO A. RESIDUALES,Planta Tratamiento Aguas Residuales,1.0,986650611.0,0,,Sg,0,SI,SI,NO,NO,SI,NO,
93,PDA INFRAESTRUCTURA,02 OBRAS URBANAS,ADPRO,En ejecucion,SI,SIN PROPIETARIO,93,PDA INFRAESTRUCTURA,37.0,PDA INFRAESTRUCTURA,5031015,PDA URBANISMO,NO,Principal,GRUPOS,930013,Subcontrato CIO 0007 MANO DE OBRA MAMPOSTERIA Y ESCALERA PETAR,ACTAS QUINCENALES,2012-09-25,DIEGO BLANCO MUÑOZ,"jueves, 1 de marzo de 2012","domingo, 10 de marzo de 2013",113.01,55.42,17069.9433,130.0567,953224.0,7348336.674,7404324.00096,3,17200.0,17200.0,Abierto,B,Civil Mano de Obra,PARRA RODRIGUEZ HECTOR JULIO,79121760,HECTOR JULIO PARRA RODRIGUEZ,,CR 102 125 50,6925791,P,0,BOGOTÁ D.C.,,,Activo,,,,,,N,MdO Muro Bloque Estructural e=12cm (lineal),346.0,Mano Obra Gris,O,MdeO Contratista,m,metro,ACTIVO,NO,3.0,NO,NO,0.0,0.0,8955.06,19.0,10656.5214,4854.0,1003,PLANTA TRATAMIENTO A. RESIDUALES,Planta Tratamiento Aguas Residuales,1.0,986650611.0,0,,Sg,0,SI,SI,NO,NO,SI,NO,
93,PDA INFRAESTRUCTURA,02 OBRAS URBANAS,ADPRO,En ejecucion,SI,SIN PROPIETARIO,93,PDA INFRAESTRUCTURA,37.0,PDA INFRAESTRUCTURA,5031015,PDA URBANISMO,NO,Principal,GRUPOS,930008,Subcontrato CIO 0015 CONSTRUCCION PILOTES FOSO DE BOMBEO,ACTAS QUINCENALES,2012-09-25,DIEGO BLANCO MUÑOZ,"jueves, 31 de mayo de 2012","viernes, 31 de mayo de 2013",100.0,0.0,22450.0,0.0,0.0,0.0,0.0,1,22450.0,22450.0,Abierto,B,Civil Mano de Obra,TREVIGALANTE S A,860042603,DIANA PINILLA,htorres@trevigalante.com,AV CORPAS 157A 60,6843614,A,15,BOGOTÁ D.C.,4290.0,Construcción de otras obras de ingeniería civil.,Activo,,,,,,J,Proceso Pilotaje 50cm,311.0,Actividades Obra,C,Subcontratos,m,metro,ACTIVO,NO,0.0,NO,NO,0.0,0.0,60517.2414,19.0,72015.5173,2274.0,1005,ESTACION DE BOMBEO,Estacion De Bombeo Aguas Luvias,1.0,1425000000.0,0,,Sg,0,SI,SI,NO,NO,SI,NO,
174,PDA PRELIMINARES,05 OBRAS PRELIMINARES,ADPRO,En ejecucion,SI,SIN PROPIETARIO,174,PDA PRELIMINARES,25.0,PDA GENERALES NO ASIGNADOS,5032010,PDA GG NO ASIGNADOS,NO,Principal,GRUPOS,1740114,Contrato CIO 0575 INSTALACION REGULADOR DE ENERGIA AYAPEL/BARU,,2012-10-01,DIEGO BLANCO MUÑOZ,"viernes, 29 de junio de 2012","sábado, 28 de julio de 2012",1.0,1.0,627984.0,2691.36,630675.36,91074088.916,91464406.44,6,630675.36,630675.36,Abierto,B,Civil Mano de Obra,TECLOGIC PROYECTO Y SOLUCIONES TECNOLOGICAS LTDA,900266642,FABIAN  CRIZON,proyectos@teclogicltda.com,AV CL 100 13 44,6467312,A,1,BOGOTÁ D.C.,,,Activo,,,,,,J,Acometida 2(3x120 +70 mm2),332.0,Internas Electricas y Comunicaciones,C,Subcontratos,m,metro,ACTIVO,NO,0.0,NO,NO,0.0,0.0,38362.07,19.0,45650.8633,3941.0,3001,PRELIMINARES,Obras Provisionales Energia Sector E,1.013,386933187.917,0,,Sg,0,SI,SI,NO,NO,SI,NO,
174,PDA PRELIMINARES,05 OBRAS PRELIMINARES,ADPRO,En ejecucion,SI,SIN PROPIETARIO,174,PDA PRELIMINARES,25.0,PDA GENERALES NO ASIGNADOS,5032010,PDA GG NO ASIGNADOS,NO,Principal,GRUPOS,1740114,Contrato CIO 0575 INSTALACION REGULADOR DE ENERGIA AYAPEL/BARU,,2012-10-01,DIEGO BLANCO MUÑOZ,"viernes, 29 de junio de 2012","sábado, 28 de julio de 2012",80.0,80.0,130958.7482,561.2518,10521600.0,91074088.916,91464406.44,2,131520.0,131520.0,Abierto,B,Civil Mano de Obra,TECLOGIC PROYECTO Y SOLUCIONES TECNOLOGICAS LTDA,900266642,FABIAN  CRIZON,proyectos@teclogicltda.com,AV CL 100 13 44,6467312,A,1,BOGOTÁ D.C.,,,Activo,,,,,,J,MdO Acometida Baja Tension,345.0,Mano Obra Obras Urbanismo,O,MdeO Contratista,m,metro,ACTIVO,NO,3.0,NO,NO,0.0,0.0,3275.86,19.0,3898.2734,4933.0,3001,PRELIMINARES,Obras Provisionales Energia Sector E,1.013,386933187.917,0,,Sg,0,SI,SI,NO,NO,SI,NO,
93,PDA INFRAESTRUCTURA,02 OBRAS URBANAS,ADPRO,En ejecucion,SI,SIN PROPIETARIO,93,PDA INFRAESTRUCTURA,37.0,PDA INFRAESTRUCTURA,5031015,PDA URBANISMO,NO,Principal,GRUPOS,930026,Subcontrato CIO 0408 RELLENO E INST TUBERIA PONTON VIA PPAL,ACTAS QUINCENALES,2012-09-25,DIEGO BLANCO MUÑOZ,"miércoles, 11 de julio de 2012","viernes, 31 de agosto de 2012",1.0,1.0,10683966.33876,81401.6483,10765367.98706,12962716.4333,13061479.98706,1,511980.001762,6000.0,Abierto,B2,Civil Proceso Constructivo,URRUTIA BAQUERO PUBLIO JOSE,6768357,SIN CONTACTO,SIN EMAIL,CRA 16C Nº 36C-39 TUNJA,,A,0,BOGOTÁ D.C.,,,Activo,,,,,,N,Excavacion a Maquina,999.0,Varios,C,Subcontratos,m3,metro cubico,ACTIVO,NO,0.0,NO,NO,0.0,0.0,17415.52,19.0,20724.4688,1507.0,1006,PONTONES,Pontones,3.0,600000000.0,0,,Sg,0,SI,SI,NO,NO,SI,NO,
93,PDA INFRAESTRUCTURA,02 OBRAS URBANAS,ADPRO,En ejecucion,SI,SIN PROPIETARIO,93,PDA INFRAESTRUCTURA,37.0,PDA INFRAESTRUCTURA,5031015,PDA URBANISMO,NO,Principal,GRUPOS,930026,Subcontrato CIO 0408 RELLENO E INST TUBERIA PONTON VIA PPAL,ACTAS QUINCENALES,2012-09-25,DIEGO BLANCO MUÑOZ,"miércoles, 11 de julio de 2012","viernes, 31 de agosto de 2012",1.0,1.0,10683966.33876,81401.6483,10765367.98706,12962716.4333,13061479.98706,1,3759600.0037,48200.0,Abierto,B2,Civil Proceso Constructivo,URRUTIA BAQUERO PUBLIO JOSE,6768357,SIN CONTACTO,SIN EMAIL,CRA 16C Nº 36C-39 TUNJA,,A,0,BOGOTÁ D.C.,,,Activo,,,,,,N,Recebo Comun,319.0,Concretos Morteros Agregados,M,Materiales,m3,metro cubico,ACTIVO,NO,0.0,NO,NO,0.0,0.0,33349.2689,19.0,39685.63,2368.0,1006,PONTONES,Pontones,3.0,600000000.0,0,,Sg,0,SI,SI,NO,NO,SI,NO,
93,PDA INFRAESTRUCTURA,02 OBRAS URBANAS,ADPRO,En ejecucion,SI,SIN PROPIETARIO,93,PDA INFRAESTRUCTURA,37.0,PDA INFRAESTRUCTURA,5031015,PDA URBANISMO,NO,Principal,GRUPOS,930026,Subcontrato CIO 0408 RELLENO E INST TUBERIA PONTON VIA PPAL,ACTAS QUINCENALES,2012-09-25,DIEGO BLANCO MUÑOZ,"miércoles, 11 de julio de 2012","viernes, 31 de agosto de 2012",45.0,43.16,52797.7316,402.2684,2296112.0,12962716.4333,13061479.98706,2,53200.0,53200.0,Abierto,B2,Civil Proceso Constructivo,URRUTIA BAQUERO PUBLIO JOSE,6768357,SIN CONTACTO,SIN EMAIL,CRA 16C Nº 36C-39 TUNJA,,A,0,BOGOTÁ D.C.,,,Activo,,,,,,N,Relleno Cielo Ab Rajon,999.0,Varios,O,MdeO Contratista,m3,metro cubico,ACTIVO,NO,0.0,NO,NO,0.0,0.0,56034.48,19.0,66681.0312,2469.0,1006,PONTONES,Pontones,3.0,600000000.0,0,,Sg,0,SI,SI,NO,NO,SI,NO,
93,PDA INFRAESTRUCTURA,02 OBRAS URBANAS,ADPRO,En ejecucion,SI,SIN PROPIETARIO,93,PDA INFRAESTRUCTURA,37.0,PDA INFRAESTRUCTURA,5031015,PDA URBANISMO,NO,Principal,GRUPOS,930026,Subcontrato CIO 0408 RELLENO E INST TUBERIA PONTON VIA PPAL,ACTAS QUINCENALES,2012-09-25,DIEGO BLANCO MUÑOZ,"miércoles, 11 de julio de 2012","viernes, 31 de agosto de 2012",1.0,1.0,10683966.33876,81401.6483,10765367.98706,12962716.4333,13061479.98706,1,4601999.9814,11800.0,Abierto,B2,Civil Proceso Constructivo,URRUTIA BAQUERO PUBLIO JOSE,6768357,SIN CONTACTO,SIN EMAIL,CRA 16C Nº 36C-39 TUNJA,,A,0,BOGOTÁ D.C.,,,Activo,,,,,,N,Relleno Material Excavacion,311.0,Actividades Obra,C,Subcontratos,m3,metro cubico,ACTIVO,NO,0.0,NO,NO,0.0,0.0,7959.6639,19.0,9472.0,2472.0,1006,PONTONES,Pontones,3.0,600000000.0,0,,Sg,0,SI,SI,NO,NO,SI,NO,
93,PDA INFRAESTRUCTURA,02 OBRAS URBANAS,ADPRO,En ejecucion,SI,SIN PROPIETARIO,93,PDA INFRAESTRUCTURA,37.0,PDA INFRAESTRUCTURA,5031015,PDA URBANISMO,NO,Principal,GRUPOS,930020,Subcontrato CIO 0008 SUMINISTRO MORTERO,Contra Entrega,2012-09-25,DIEGO BLANCO MUÑOZ,"jueves, 1 de marzo de 2012","viernes, 1 de marzo de 2013",3.0,0.0,176000.0,0.0,0.0,528000.0,0.0,1,176000.0,176000.0,Abierto,C,Suministro,MORTEROS Y CONCRETOS S.A,820004506,FORERO AÑVAREZ GENNY MARCELA,info@mortecom.com.co,CR 22 150 66 BRR LAS MARGARITAS,6009904,A,0,BOGOTÁ D.C.,,,Activo,,,,,,J,Mortero LV 125 kg/cm2,319.0,Concretos Morteros Agregados,M,Materiales,m3,metro cubico,ACTIVO,NO,0.0,NO,NO,0.0,0.0,303221.85,19.0,360834.0015,1987.0,1003,PLANTA TRATAMIENTO A. RESIDUALES,Planta Tratamiento Aguas Residuales,1.0,986650611.0,0,,Sg,0,SI,SI,NO,NO,SI,NO,
93,PDA INFRAESTRUCTURA,02 OBRAS URBANAS,ADPRO,En ejecucion,SI,SIN PROPIETARIO,93,PDA INFRAESTRUCTURA,37.0,PDA INFRAESTRUCTURA,5031015,PDA URBANISMO,NO,Principal,GRUPOS,930013,Subcontrato CIO 0007 MANO DE OBRA MAMPOSTERIA Y ESCALERA PETAR,ACTAS QUINCENALES,2012-09-25,DIEGO BLANCO MUÑOZ,"jueves, 1 de marzo de 2012","domingo, 10 de marzo de 2013",79.93,53.0,19352.552,147.448,1033500.0,7348336.674,7404324.00096,4,19500.0,19500.0,Abierto,B,Civil Mano de Obra,PARRA RODRIGUEZ HECTOR JULIO,79121760,HECTOR JULIO PARRA RODRIGUEZ,,CR 102 125 50,6925791,P,0,BOGOTÁ D.C.,,,Activo,,,,,,N,MdO Muro Bloque Estructural e=12cm,346.0,Mano Obra Gris,O,MdeO Contratista,m2,metro cuadrado,ACTIVO,NO,3.0,NO,NO,0.0,0.0,9950.0,19.0,11840.5,4855.0,1003,PLANTA TRATAMIENTO A. RESIDUALES,Planta Tratamiento Aguas Residuales,1.0,986650611.0,0,,Sg,0,SI,SI,NO,NO,SI,NO,
93,PDA INFRAESTRUCTURA,02 OBRAS URBANAS,ADPRO,En ejecucion,SI,SIN PROPIETARIO,93,PDA INFRAESTRUCTURA,37.0,PDA INFRAESTRUCTURA,5031015,PDA URBANISMO,NO,Principal,GRUPOS,930015,Contrato CIO 0003 ESTRUCTURA PLANTA DE TRATAMIENTO,Actas de Obra Quincenales,2012-09-25,RENE ALEJANDRO MELO JIMENEZ,"miércoles, 23 de noviembre de 2011","jueves, 26 de abril de 2012",1.0,1.0,6256476.6839,43523.31606,6300000.0,163841483.1606,164981250.0,9,6300000.0,6300000.0,Abierto,B,Civil Mano de Obra,HUERFANO EDILBERTO,80469211,EDILBERTO HUERFANO,huerfano687@hotmail.com,CL 90-  84 B  17,3108838346,A,30,BOGOTÁ D.C.,,,Activo,,,,,,N,Planta Tratamiento Aguas Residuales Sg,311.0,Actividades Obra,C,Subcontratos,sg,suma global,ACTIVO,NO,0.0,NO,NO,0.0,0.0,737068965.52,19.0,877112068.9688,3863.0,1003,PLANTA TRATAMIENTO A. RESIDUALES,Planta Tratamiento Aguas Residuales,1.0,986650611.0,0,,Sg,0,SI,SI,NO,NO,SI,NO,
93,PDA INFRAESTRUCTURA,02 OBRAS URBANAS,ADPRO,En ejecucion,SI,SIN PROPIETARIO,93,PDA INFRAESTRUCTURA,37.0,PDA INFRAESTRUCTURA,5031015,PDA URBANISMO,NO,Principal,GRUPOS,930015,Contrato CIO 0003 ESTRUCTURA PLANTA DE TRATAMIENTO,Actas de Obra Quincenales,2012-09-25,RENE ALEJANDRO MELO JIMENEZ,"miércoles, 23 de noviembre de 2011","jueves, 26 de abril de 2012",1.0,1.0,7646804.8359,53195.16408,7700000.0,163841483.1606,164981250.0,7,7700000.0,7700000.0,Abierto,B,Civil Mano de Obra,HUERFANO EDILBERTO,80469211,EDILBERTO HUERFANO,huerfano687@hotmail.com,CL 90-  84 B  17,3108838346,A,30,BOGOTÁ D.C.,,,Activo,,,,,,N,Planta Tratamiento Aguas Residuales Sg,311.0,Actividades Obra,C,Subcontratos,sg,suma global,ACTIVO,NO,0.0,NO,NO,0.0,0.0,737068965.52,19.0,877112068.9688,3863.0,1003,PLANTA TRATAMIENTO A. RESIDUALES,Planta Tratamiento Aguas Residuales,1.0,986650611.0,0,,Sg,0,SI,SI,NO,NO,SI,NO,
93,PDA INFRAESTRUCTURA,02 OBRAS URBANAS,ADPRO,En ejecucion,SI,SIN PROPIETARIO,93,PDA INFRAESTRUCTURA,37.0,PDA INFRAESTRUCTURA,5031015,PDA URBANISMO,NO,Principal,GRUPOS,930015,Contrato CIO 0003 ESTRUCTURA PLANTA DE TRATAMIENTO,Actas de Obra Quincenales,2012-09-25,RENE ALEJANDRO MELO JIMENEZ,"miércoles, 23 de noviembre de 2011","jueves, 26 de abril de 2012",1.0,0.0,9732297.0639,67702.9361,0.0,163841483.1606,164981250.0,4,9800000.0,9800000.0,Abierto,B,Civil Mano de Obra,HUERFANO EDILBERTO,80469211,EDILBERTO HUERFANO,huerfano687@hotmail.com,CL 90-  84 B  17,3108838346,A,30,BOGOTÁ D.C.,,,Activo,,,,,,N,Planta Tratamiento Aguas Residuales Sg,311.0,Actividades Obra,C,Subcontratos,sg,suma global,ACTIVO,NO,0.0,NO,NO,0.0,0.0,737068965.52,19.0,877112068.9688,3863.0,1003,PLANTA TRATAMIENTO A. RESIDUALES,Planta Tratamiento Aguas Residuales,1.0,986650611.0,0,,Sg,0,SI,SI,NO,NO,SI,NO,
93,PDA INFRAESTRUCTURA,02 OBRAS URBANAS,ADPRO,En ejecucion,SI,SIN PROPIETARIO,93,PDA INFRAESTRUCTURA,37.0,PDA INFRAESTRUCTURA,5031015,PDA URBANISMO,NO,Principal,GRUPOS,930015,Contrato CIO 0003 ESTRUCTURA PLANTA DE TRATAMIENTO,Actas de Obra Quincenales,2012-09-25,RENE ALEJANDRO MELO JIMENEZ,"miércoles, 23 de noviembre de 2011","jueves, 26 de abril de 2012",93.17,93.17,3475.8204,24.17962,326095.0,163841483.1606,164981250.0,26,3500.0,3500.0,Abierto,B,Civil Mano de Obra,HUERFANO EDILBERTO,80469211,EDILBERTO HUERFANO,huerfano687@hotmail.com,CL 90-  84 B  17,3108838346,A,30,BOGOTÁ D.C.,,,Activo,,,,,,N,Planta Tratamiento Aguas Residuales Sg,311.0,Actividades Obra,C,Subcontratos,sg,suma global,ACTIVO,NO,0.0,NO,NO,0.0,0.0,737068965.52,19.0,877112068.9688,3863.0,1003,PLANTA TRATAMIENTO A. RESIDUALES,Planta Tratamiento Aguas Residuales,1.0,986650611.0,0,,Sg,0,SI,SI,NO,NO,SI,NO,
93,PDA INFRAESTRUCTURA,02 OBRAS URBANAS,ADPRO,En ejecucion,SI,SIN PROPIETARIO,93,PDA INFRAESTRUCTURA,37.0,PDA INFRAESTRUCTURA,5031015,PDA URBANISMO,NO,Principal,GRUPOS,930015,Contrato CIO 0003 ESTRUCTURA PLANTA DE TRATAMIENTO,Actas de Obra Quincenales,2012-09-25,RENE ALEJANDRO MELO JIMENEZ,"miércoles, 23 de noviembre de 2011","jueves, 26 de abril de 2012",100.29,100.29,258203.7997,1796.20035,26075400.0,163841483.1606,164981250.0,2,260000.0,260000.0,Abierto,B,Civil Mano de Obra,HUERFANO EDILBERTO,80469211,EDILBERTO HUERFANO,huerfano687@hotmail.com,CL 90-  84 B  17,3108838346,A,30,BOGOTÁ D.C.,,,Activo,,,,,,N,Planta Tratamiento Aguas Residuales Sg,311.0,Actividades Obra,C,Subcontratos,sg,suma global,ACTIVO,NO,0.0,NO,NO,0.0,0.0,737068965.52,19.0,877112068.9688,3863.0,1003,PLANTA TRATAMIENTO A. RESIDUALES,Planta Tratamiento Aguas Residuales,1.0,986650611.0,0,,Sg,0,SI,SI,NO,NO,SI,NO,
93,PDA INFRAESTRUCTURA,02 OBRAS URBANAS,ADPRO,En ejecucion,SI,SIN PROPIETARIO,93,PDA INFRAESTRUCTURA,37.0,PDA INFRAESTRUCTURA,5031015,PDA URBANISMO,NO,Principal,GRUPOS,930015,Contrato CIO 0003 ESTRUCTURA PLANTA DE TRATAMIENTO,Actas de Obra Quincenales,2012-09-25,RENE ALEJANDRO MELO JIMENEZ,"miércoles, 23 de noviembre de 2011","jueves, 26 de abril de 2012",1.0,1.0,8341968.9119,58031.08808,8400000.0,163841483.1606,164981250.0,6,8400000.0,8400000.0,Abierto,B,Civil Mano de Obra,HUERFANO EDILBERTO,80469211,EDILBERTO HUERFANO,huerfano687@hotmail.com,CL 90-  84 B  17,3108838346,A,30,BOGOTÁ D.C.,,,Activo,,,,,,N,Planta Tratamiento Aguas Residuales Sg,311.0,Actividades Obra,C,Subcontratos,sg,suma global,ACTIVO,NO,0.0,NO,NO,0.0,0.0,737068965.52,19.0,877112068.9688,3863.0,1003,PLANTA TRATAMIENTO A. RESIDUALES,Planta Tratamiento Aguas Residuales,1.0,986650611.0,0,,Sg,0,SI,SI,NO,NO,SI,NO,
93,PDA INFRAESTRUCTURA,02 OBRAS URBANAS,ADPRO,En ejecucion,SI,SIN PROPIETARIO,93,PDA INFRAESTRUCTURA,37.0,PDA INFRAESTRUCTURA,5031015,PDA URBANISMO,NO,Principal,GRUPOS,930015,Contrato CIO 0003 ESTRUCTURA PLANTA DE TRATAMIENTO,Actas de Obra Quincenales,2012-09-25,RENE ALEJANDRO MELO JIMENEZ,"miércoles, 23 de noviembre de 2011","jueves, 26 de abril de 2012",1.0,1.0,4170984.456,29015.54404,4200000.0,163841483.1606,164981250.0,14,4200000.0,4200000.0,Abierto,B,Civil Mano de Obra,HUERFANO EDILBERTO,80469211,EDILBERTO HUERFANO,huerfano687@hotmail.com,CL 90-  84 B  17,3108838346,A,30,BOGOTÁ D.C.,,,Activo,,,,,,N,Planta Tratamiento Aguas Residuales Sg,311.0,Actividades Obra,C,Subcontratos,sg,suma global,ACTIVO,NO,0.0,NO,NO,0.0,0.0,737068965.52,19.0,877112068.9688,3863.0,1003,PLANTA TRATAMIENTO A. RESIDUALES,Planta Tratamiento Aguas Residuales,1.0,986650611.0,0,,Sg,0,SI,SI,NO,NO,SI,NO,
93,PDA INFRAESTRUCTURA,02 OBRAS URBANAS,ADPRO,En ejecucion,SI,SIN PROPIETARIO,93,PDA INFRAESTRUCTURA,37.0,PDA INFRAESTRUCTURA,5031015,PDA URBANISMO,NO,Principal,GRUPOS,930015,Contrato CIO 0003 ESTRUCTURA PLANTA DE TRATAMIENTO,Actas de Obra Quincenales,2012-09-25,RENE ALEJANDRO MELO JIMENEZ,"miércoles, 23 de noviembre de 2011","jueves, 26 de abril de 2012",5.95,5.95,357512.9534,2487.04663,2142000.0,163841483.1606,164981250.0,18,360000.0,360000.0,Abierto,B,Civil Mano de Obra,HUERFANO EDILBERTO,80469211,EDILBERTO HUERFANO,huerfano687@hotmail.com,CL 90-  84 B  17,3108838346,A,30,BOGOTÁ D.C.,,,Activo,,,,,,N,Planta Tratamiento Aguas Residuales Sg,311.0,Actividades Obra,C,Subcontratos,sg,suma global,ACTIVO,NO,0.0,NO,NO,0.0,0.0,737068965.52,19.0,877112068.9688,3863.0,1003,PLANTA TRATAMIENTO A. RESIDUALES,Planta Tratamiento Aguas Residuales,1.0,986650611.0,0,,Sg,0,SI,SI,NO,NO,SI,NO,
93,PDA INFRAESTRUCTURA,02 OBRAS URBANAS,ADPRO,En ejecucion,SI,SIN PROPIETARIO,93,PDA INFRAESTRUCTURA,37.0,PDA INFRAESTRUCTURA,5031015,PDA URBANISMO,NO,Principal,GRUPOS,930015,Contrato CIO 0003 ESTRUCTURA PLANTA DE TRATAMIENTO,Actas de Obra Quincenales,2012-09-25,RENE ALEJANDRO MELO JIMENEZ,"miércoles, 23 de noviembre de 2011","jueves, 26 de abril de 2012",1.0,1.0,6951640.7599,48359.24007,7000000.0,163841483.1606,164981250.0,8,7000000.0,7000000.0,Abierto,B,Civil Mano de Obra,HUERFANO EDILBERTO,80469211,EDILBERTO HUERFANO,huerfano687@hotmail.com,CL 90-  84 B  17,3108838346,A,30,BOGOTÁ D.C.,,,Activo,,,,,,N,Planta Tratamiento Aguas Residuales Sg,311.0,Actividades Obra,C,Subcontratos,sg,suma global,ACTIVO,NO,0.0,NO,NO,0.0,0.0,737068965.52,19.0,877112068.9688,3863.0,1003,PLANTA TRATAMIENTO A. RESIDUALES,Planta Tratamiento Aguas Residuales,1.0,986650611.0,0,,Sg,0,SI,SI,NO,NO,SI,NO,
93,PDA INFRAESTRUCTURA,02 OBRAS URBANAS,ADPRO,En ejecucion,SI,SIN PROPIETARIO,93,PDA INFRAESTRUCTURA,37.0,PDA INFRAESTRUCTURA,5031015,PDA URBANISMO,NO,Principal,GRUPOS,930015,Contrato CIO 0003 ESTRUCTURA PLANTA DE TRATAMIENTO,Actas de Obra Quincenales,2012-09-25,RENE ALEJANDRO MELO JIMENEZ,"miércoles, 23 de noviembre de 2011","jueves, 26 de abril de 2012",38.17,38.17,35751.2953,248.70466,1374120.0,163841483.1606,164981250.0,20,36000.0,36000.0,Abierto,B,Civil Mano de Obra,HUERFANO EDILBERTO,80469211,EDILBERTO HUERFANO,huerfano687@hotmail.com,CL 90-  84 B  17,3108838346,A,30,BOGOTÁ D.C.,,,Activo,,,,,,N,Planta Tratamiento Aguas Residuales Sg,311.0,Actividades Obra,C,Subcontratos,sg,suma global,ACTIVO,NO,0.0,NO,NO,0.0,0.0,737068965.52,19.0,877112068.9688,3863.0,1003,PLANTA TRATAMIENTO A. RESIDUALES,Planta Tratamiento Aguas Residuales,1.0,986650611.0,0,,Sg,0,SI,SI,NO,NO,SI,NO,
93,PDA INFRAESTRUCTURA,02 OBRAS URBANAS,ADPRO,En ejecucion,SI,SIN PROPIETARIO,93,PDA INFRAESTRUCTURA,37.0,PDA INFRAESTRUCTURA,5031015,PDA URBANISMO,NO,Principal,GRUPOS,930015,Contrato CIO 0003 ESTRUCTURA PLANTA DE TRATAMIENTO,Actas de Obra Quincenales,2012-09-25,RENE ALEJANDRO MELO JIMENEZ,"miércoles, 23 de noviembre de 2011","jueves, 26 de abril de 2012",19.48,19.48,258203.7997,1796.20035,5064800.0,163841483.1606,164981250.0,11,260000.0,260000.0,Abierto,B,Civil Mano de Obra,HUERFANO EDILBERTO,80469211,EDILBERTO HUERFANO,huerfano687@hotmail.com,CL 90-  84 B  17,3108838346,A,30,BOGOTÁ D.C.,,,Activo,,,,,,N,Planta Tratamiento Aguas Residuales Sg,311.0,Actividades Obra,C,Subcontratos,sg,suma global,ACTIVO,NO,0.0,NO,NO,0.0,0.0,737068965.52,19.0,877112068.9688,3863.0,1003,PLANTA TRATAMIENTO A. RESIDUALES,Planta Tratamiento Aguas Residuales,1.0,986650611.0,0,,Sg,0,SI,SI,NO,NO,SI,NO,
93,PDA INFRAESTRUCTURA,02 OBRAS URBANAS,ADPRO,En ejecucion,SI,SIN PROPIETARIO,93,PDA INFRAESTRUCTURA,37.0,PDA INFRAESTRUCTURA,5031015,PDA URBANISMO,NO,Principal,GRUPOS,930015,Contrato CIO 0003 ESTRUCTURA PLANTA DE TRATAMIENTO,Actas de Obra Quincenales,2012-09-25,RENE ALEJANDRO MELO JIMENEZ,"miércoles, 23 de noviembre de 2011","jueves, 26 de abril de 2012",1.0,1.0,4866148.532,33851.46805,4900000.0,163841483.1606,164981250.0,13,4900000.0,4900000.0,Abierto,B,Civil Mano de Obra,HUERFANO EDILBERTO,80469211,EDILBERTO HUERFANO,huerfano687@hotmail.com,CL 90-  84 B  17,3108838346,A,30,BOGOTÁ D.C.,,,Activo,,,,,,N,Planta Tratamiento Aguas Residuales Sg,311.0,Actividades Obra,C,Subcontratos,sg,suma global,ACTIVO,NO,0.0,NO,NO,0.0,0.0,737068965.52,19.0,877112068.9688,3863.0,1003,PLANTA TRATAMIENTO A. RESIDUALES,Planta Tratamiento Aguas Residuales,1.0,986650611.0,0,,Sg,0,SI,SI,NO,NO,SI,NO,
93,PDA INFRAESTRUCTURA,02 OBRAS URBANAS,ADPRO,En ejecucion,SI,SIN PROPIETARIO,93,PDA INFRAESTRUCTURA,37.0,PDA INFRAESTRUCTURA,5031015,PDA URBANISMO,NO,Principal,GRUPOS,930015,Contrato CIO 0003 ESTRUCTURA PLANTA DE TRATAMIENTO,Actas de Obra Quincenales,2012-09-25,RENE ALEJANDRO MELO JIMENEZ,"miércoles, 23 de noviembre de 2011","jueves, 26 de abril de 2012",1.0,0.0,4965457.6857,34542.31434,0.0,163841483.1606,164981250.0,12,5000000.0,5000000.0,Abierto,B,Civil Mano de Obra,HUERFANO EDILBERTO,80469211,EDILBERTO HUERFANO,huerfano687@hotmail.com,CL 90-  84 B  17,3108838346,A,30,BOGOTÁ D.C.,,,Activo,,,,,,N,Planta Tratamiento Aguas Residuales Sg,311.0,Actividades Obra,C,Subcontratos,sg,suma global,ACTIVO,NO,0.0,NO,NO,0.0,0.0,737068965.52,19.0,877112068.9688,3863.0,1003,PLANTA TRATAMIENTO A. RESIDUALES,Planta Tratamiento Aguas Residuales,1.0,986650611.0,0,,Sg,0,SI,SI,NO,NO,SI,NO,
93,PDA INFRAESTRUCTURA,02 OBRAS URBANAS,ADPRO,En ejecucion,SI,SIN PROPIETARIO,93,PDA INFRAESTRUCTURA,37.0,PDA INFRAESTRUCTURA,5031015,PDA URBANISMO,NO,Principal,GRUPOS,930015,Contrato CIO 0003 ESTRUCTURA PLANTA DE TRATAMIENTO,Actas de Obra Quincenales,2012-09-25,RENE ALEJANDRO MELO JIMENEZ,"miércoles, 23 de noviembre de 2011","jueves, 26 de abril de 2012",1.0,1.0,9037132.9879,62867.01209,9100000.0,163841483.1606,164981250.0,5,9100000.0,9100000.0,Abierto,B,Civil Mano de Obra,HUERFANO EDILBERTO,80469211,EDILBERTO HUERFANO,huerfano687@hotmail.com,CL 90-  84 B  17,3108838346,A,30,BOGOTÁ D.C.,,,Activo,,,,,,N,Planta Tratamiento Aguas Residuales Sg,311.0,Actividades Obra,C,Subcontratos,sg,suma global,ACTIVO,NO,0.0,NO,NO,0.0,0.0,737068965.52,19.0,877112068.9688,3863.0,1003,PLANTA TRATAMIENTO A. RESIDUALES,Planta Tratamiento Aguas Residuales,1.0,986650611.0,0,,Sg,0,SI,SI,NO,NO,SI,NO,
93,PDA INFRAESTRUCTURA,02 OBRAS URBANAS,ADPRO,En ejecucion,SI,SIN PROPIETARIO,93,PDA INFRAESTRUCTURA,37.0,PDA INFRAESTRUCTURA,5031015,PDA URBANISMO,NO,Principal,GRUPOS,930015,Contrato CIO 0003 ESTRUCTURA PLANTA DE TRATAMIENTO,Actas de Obra Quincenales,2012-09-25,RENE ALEJANDRO MELO JIMENEZ,"miércoles, 23 de noviembre de 2011","jueves, 26 de abril de 2012",51.3,51.3,54620.0345,379.96546,2821500.0,163841483.1606,164981250.0,17,55000.0,55000.0,Abierto,B,Civil Mano de Obra,HUERFANO EDILBERTO,80469211,EDILBERTO HUERFANO,huerfano687@hotmail.com,CL 90-  84 B  17,3108838346,A,30,BOGOTÁ D.C.,,,Activo,,,,,,N,Planta Tratamiento Aguas Residuales Sg,311.0,Actividades Obra,C,Subcontratos,sg,suma global,ACTIVO,NO,0.0,NO,NO,0.0,0.0,737068965.52,19.0,877112068.9688,3863.0,1003,PLANTA TRATAMIENTO A. RESIDUALES,Planta Tratamiento Aguas Residuales,1.0,986650611.0,0,,Sg,0,SI,SI,NO,NO,SI,NO,
93,PDA INFRAESTRUCTURA,02 OBRAS URBANAS,ADPRO,En ejecucion,SI,SIN PROPIETARIO,93,PDA INFRAESTRUCTURA,37.0,PDA INFRAESTRUCTURA,5031015,PDA URBANISMO,NO,Principal,GRUPOS,930015,Contrato CIO 0003 ESTRUCTURA PLANTA DE TRATAMIENTO,Actas de Obra Quincenales,2012-09-25,RENE ALEJANDRO MELO JIMENEZ,"miércoles, 23 de noviembre de 2011","jueves, 26 de abril de 2012",40.0,40.0,4468.9119,31.08808,180000.0,163841483.1606,164981250.0,27,4500.0,4500.0,Abierto,B,Civil Mano de Obra,HUERFANO EDILBERTO,80469211,EDILBERTO HUERFANO,huerfano687@hotmail.com,CL 90-  84 B  17,3108838346,A,30,BOGOTÁ D.C.,,,Activo,,,,,,N,Planta Tratamiento Aguas Residuales Sg,311.0,Actividades Obra,C,Subcontratos,sg,suma global,ACTIVO,NO,0.0,NO,NO,0.0,0.0,737068965.52,19.0,877112068.9688,3863.0,1003,PLANTA TRATAMIENTO A. RESIDUALES,Planta Tratamiento Aguas Residuales,1.0,986650611.0,0,,Sg,0,SI,SI,NO,NO,SI,NO,
93,PDA INFRAESTRUCTURA,02 OBRAS URBANAS,ADPRO,En ejecucion,SI,SIN PROPIETARIO,93,PDA INFRAESTRUCTURA,37.0,PDA INFRAESTRUCTURA,5031015,PDA URBANISMO,NO,Principal,GRUPOS,930015,Contrato CIO 0003 ESTRUCTURA PLANTA DE TRATAMIENTO,Actas de Obra Quincenales,2012-09-25,RENE ALEJANDRO MELO JIMENEZ,"miércoles, 23 de noviembre de 2011","jueves, 26 de abril de 2012",219.32,219.32,3475.8204,24.17962,767620.0,163841483.1606,164981250.0,23,3500.0,3500.0,Abierto,B,Civil Mano de Obra,HUERFANO EDILBERTO,80469211,EDILBERTO HUERFANO,huerfano687@hotmail.com,CL 90-  84 B  17,3108838346,A,30,BOGOTÁ D.C.,,,Activo,,,,,,N,Planta Tratamiento Aguas Residuales Sg,311.0,Actividades Obra,C,Subcontratos,sg,suma global,ACTIVO,NO,0.0,NO,NO,0.0,0.0,737068965.52,19.0,877112068.9688,3863.0,1003,PLANTA TRATAMIENTO A. RESIDUALES,Planta Tratamiento Aguas Residuales,1.0,986650611.0,0,,Sg,0,SI,SI,NO,NO,SI,NO,
93,PDA INFRAESTRUCTURA,02 OBRAS URBANAS,ADPRO,En ejecucion,SI,SIN PROPIETARIO,93,PDA INFRAESTRUCTURA,37.0,PDA INFRAESTRUCTURA,5031015,PDA URBANISMO,NO,Principal,GRUPOS,930015,Contrato CIO 0003 ESTRUCTURA PLANTA DE TRATAMIENTO,Actas de Obra Quincenales,2012-09-25,RENE ALEJANDRO MELO JIMENEZ,"miércoles, 23 de noviembre de 2011","jueves, 26 de abril de 2012",133.33,133.33,347582.038,2417.962,46665500.0,163841483.1606,164981250.0,1,350000.0,350000.0,Abierto,B,Civil Mano de Obra,HUERFANO EDILBERTO,80469211,EDILBERTO HUERFANO,huerfano687@hotmail.com,CL 90-  84 B  17,3108838346,A,30,BOGOTÁ D.C.,,,Activo,,,,,,N,Planta Tratamiento Aguas Residuales Sg,311.0,Actividades Obra,C,Subcontratos,sg,suma global,ACTIVO,NO,0.0,NO,NO,0.0,0.0,737068965.52,19.0,877112068.9688,3863.0,1003,PLANTA TRATAMIENTO A. RESIDUALES,Planta Tratamiento Aguas Residuales,1.0,986650611.0,0,,Sg,0,SI,SI,NO,NO,SI,NO,
93,PDA INFRAESTRUCTURA,02 OBRAS URBANAS,ADPRO,En ejecucion,SI,SIN PROPIETARIO,93,PDA INFRAESTRUCTURA,37.0,PDA INFRAESTRUCTURA,5031015,PDA URBANISMO,NO,Principal,GRUPOS,930015,Contrato CIO 0003 ESTRUCTURA PLANTA DE TRATAMIENTO,Actas de Obra Quincenales,2012-09-25,RENE ALEJANDRO MELO JIMENEZ,"miércoles, 23 de noviembre de 2011","jueves, 26 de abril de 2012",1.0,1.0,3475820.38,24179.62003,3500000.0,163841483.1606,164981250.0,16,3500000.0,3500000.0,Abierto,B,Civil Mano de Obra,HUERFANO EDILBERTO,80469211,EDILBERTO HUERFANO,huerfano687@hotmail.com,CL 90-  84 B  17,3108838346,A,30,BOGOTÁ D.C.,,,Activo,,,,,,N,Planta Tratamiento Aguas Residuales Sg,311.0,Actividades Obra,C,Subcontratos,sg,suma global,ACTIVO,NO,0.0,NO,NO,0.0,0.0,737068965.52,19.0,877112068.9688,3863.0,1003,PLANTA TRATAMIENTO A. RESIDUALES,Planta Tratamiento Aguas Residuales,1.0,986650611.0,0,,Sg,0,SI,SI,NO,NO,SI,NO,
93,PDA INFRAESTRUCTURA,02 OBRAS URBANAS,ADPRO,En ejecucion,SI,SIN PROPIETARIO,93,PDA INFRAESTRUCTURA,37.0,PDA INFRAESTRUCTURA,5031015,PDA URBANISMO,NO,Principal,GRUPOS,930015,Contrato CIO 0003 ESTRUCTURA PLANTA DE TRATAMIENTO,Actas de Obra Quincenales,2012-09-25,RENE ALEJANDRO MELO JIMENEZ,"miércoles, 23 de noviembre de 2011","jueves, 26 de abril de 2012",28.5,28.5,35751.2953,248.70466,1026000.0,163841483.1606,164981250.0,21,36000.0,36000.0,Abierto,B,Civil Mano de Obra,HUERFANO EDILBERTO,80469211,EDILBERTO HUERFANO,huerfano687@hotmail.com,CL 90-  84 B  17,3108838346,A,30,BOGOTÁ D.C.,,,Activo,,,,,,N,Planta Tratamiento Aguas Residuales Sg,311.0,Actividades Obra,C,Subcontratos,sg,suma global,ACTIVO,NO,0.0,NO,NO,0.0,0.0,737068965.52,19.0,877112068.9688,3863.0,1003,PLANTA TRATAMIENTO A. RESIDUALES,Planta Tratamiento Aguas Residuales,1.0,986650611.0,0,,Sg,0,SI,SI,NO,NO,SI,NO,
93,PDA INFRAESTRUCTURA,02 OBRAS URBANAS,ADPRO,En ejecucion,SI,SIN PROPIETARIO,93,PDA INFRAESTRUCTURA,37.0,PDA INFRAESTRUCTURA,5031015,PDA URBANISMO,NO,Principal,GRUPOS,930015,Contrato CIO 0003 ESTRUCTURA PLANTA DE TRATAMIENTO,Actas de Obra Quincenales,2012-09-25,RENE ALEJANDRO MELO JIMENEZ,"miércoles, 23 de noviembre de 2011","jueves, 26 de abril de 2012",93.17,93.17,3475.8204,24.17962,326095.0,163841483.1606,164981250.0,25,3500.0,3500.0,Abierto,B,Civil Mano de Obra,HUERFANO EDILBERTO,80469211,EDILBERTO HUERFANO,huerfano687@hotmail.com,CL 90-  84 B  17,3108838346,A,30,BOGOTÁ D.C.,,,Activo,,,,,,N,Planta Tratamiento Aguas Residuales Sg,311.0,Actividades Obra,C,Subcontratos,sg,suma global,ACTIVO,NO,0.0,NO,NO,0.0,0.0,737068965.52,19.0,877112068.9688,3863.0,1003,PLANTA TRATAMIENTO A. RESIDUALES,Planta Tratamiento Aguas Residuales,1.0,986650611.0,0,,Sg,0,SI,SI,NO,NO,SI,NO,
93,PDA INFRAESTRUCTURA,02 OBRAS URBANAS,ADPRO,En ejecucion,SI,SIN PROPIETARIO,93,PDA INFRAESTRUCTURA,37.0,PDA INFRAESTRUCTURA,5031015,PDA URBANISMO,NO,Principal,GRUPOS,930015,Contrato CIO 0003 ESTRUCTURA PLANTA DE TRATAMIENTO,Actas de Obra Quincenales,2012-09-25,RENE ALEJANDRO MELO JIMENEZ,"miércoles, 23 de noviembre de 2011","jueves, 26 de abril de 2012",1.0,1.0,14598445.5959,101554.40415,14700000.0,163841483.1606,164981250.0,3,14700000.0,14700000.0,Abierto,B,Civil Mano de Obra,HUERFANO EDILBERTO,80469211,EDILBERTO HUERFANO,huerfano687@hotmail.com,CL 90-  84 B  17,3108838346,A,30,BOGOTÁ D.C.,,,Activo,,,,,,N,Planta Tratamiento Aguas Residuales Sg,311.0,Actividades Obra,C,Subcontratos,sg,suma global,ACTIVO,NO,0.0,NO,NO,0.0,0.0,737068965.52,19.0,877112068.9688,3863.0,1003,PLANTA TRATAMIENTO A. RESIDUALES,Planta Tratamiento Aguas Residuales,1.0,986650611.0,0,,Sg,0,SI,SI,NO,NO,SI,NO,
93,PDA INFRAESTRUCTURA,02 OBRAS URBANAS,ADPRO,En ejecucion,SI,SIN PROPIETARIO,93,PDA INFRAESTRUCTURA,37.0,PDA INFRAESTRUCTURA,5031015,PDA URBANISMO,NO,Principal,GRUPOS,930015,Contrato CIO 0003 ESTRUCTURA PLANTA DE TRATAMIENTO,Actas de Obra Quincenales,2012-09-25,RENE ALEJANDRO MELO JIMENEZ,"miércoles, 23 de noviembre de 2011","jueves, 26 de abril de 2012",1.0,1.0,5502223.6615,38276.33851,5540500.0,163841483.1606,164981250.0,10,5540500.0,5540500.0,Abierto,B,Civil Mano de Obra,HUERFANO EDILBERTO,80469211,EDILBERTO HUERFANO,huerfano687@hotmail.com,CL 90-  84 B  17,3108838346,A,30,BOGOTÁ D.C.,,,Activo,,,,,,N,Planta Tratamiento Aguas Residuales Sg,311.0,Actividades Obra,C,Subcontratos,sg,suma global,ACTIVO,NO,0.0,NO,NO,0.0,0.0,737068965.52,19.0,877112068.9688,3863.0,1003,PLANTA TRATAMIENTO A. RESIDUALES,Planta Tratamiento Aguas Residuales,1.0,986650611.0,0,,Sg,0,SI,SI,NO,NO,SI,NO,
93,PDA INFRAESTRUCTURA,02 OBRAS URBANAS,ADPRO,En ejecucion,SI,SIN PROPIETARIO,93,PDA INFRAESTRUCTURA,37.0,PDA INFRAESTRUCTURA,5031015,PDA URBANISMO,NO,Principal,GRUPOS,930015,Contrato CIO 0003 ESTRUCTURA PLANTA DE TRATAMIENTO,Actas de Obra Quincenales,2012-09-25,RENE ALEJANDRO MELO JIMENEZ,"miércoles, 23 de noviembre de 2011","jueves, 26 de abril de 2012",26.8,26.8,54620.0345,379.96546,1474000.0,163841483.1606,164981250.0,19,55000.0,55000.0,Abierto,B,Civil Mano de Obra,HUERFANO EDILBERTO,80469211,EDILBERTO HUERFANO,huerfano687@hotmail.com,CL 90-  84 B  17,3108838346,A,30,BOGOTÁ D.C.,,,Activo,,,,,,N,Planta Tratamiento Aguas Residuales Sg,311.0,Actividades Obra,C,Subcontratos,sg,suma global,ACTIVO,NO,0.0,NO,NO,0.0,0.0,737068965.52,19.0,877112068.9688,3863.0,1003,PLANTA TRATAMIENTO A. RESIDUALES,Planta Tratamiento Aguas Residuales,1.0,986650611.0,0,,Sg,0,SI,SI,NO,NO,SI,NO,
93,PDA INFRAESTRUCTURA,02 OBRAS URBANAS,ADPRO,En ejecucion,SI,SIN PROPIETARIO,93,PDA INFRAESTRUCTURA,37.0,PDA INFRAESTRUCTURA,5031015,PDA URBANISMO,NO,Principal,GRUPOS,930015,Contrato CIO 0003 ESTRUCTURA PLANTA DE TRATAMIENTO,Actas de Obra Quincenales,2012-09-25,RENE ALEJANDRO MELO JIMENEZ,"miércoles, 23 de noviembre de 2011","jueves, 26 de abril de 2012",160.0,160.0,4468.9119,31.08808,720000.0,163841483.1606,164981250.0,24,4500.0,4500.0,Abierto,B,Civil Mano de Obra,HUERFANO EDILBERTO,80469211,EDILBERTO HUERFANO,huerfano687@hotmail.com,CL 90-  84 B  17,3108838346,A,30,BOGOTÁ D.C.,,,Activo,,,,,,N,Planta Tratamiento Aguas Residuales Sg,311.0,Actividades Obra,C,Subcontratos,sg,suma global,ACTIVO,NO,0.0,NO,NO,0.0,0.0,737068965.52,19.0,877112068.9688,3863.0,1003,PLANTA TRATAMIENTO A. RESIDUALES,Planta Tratamiento Aguas Residuales,1.0,986650611.0,0,,Sg,0,SI,SI,NO,NO,SI,NO,
93,PDA INFRAESTRUCTURA,02 OBRAS URBANAS,ADPRO,En ejecucion,SI,SIN PROPIETARIO,93,PDA INFRAESTRUCTURA,37.0,PDA INFRAESTRUCTURA,5031015,PDA URBANISMO,NO,Principal,GRUPOS,930015,Contrato CIO 0003 ESTRUCTURA PLANTA DE TRATAMIENTO,Actas de Obra Quincenales,2012-09-25,RENE ALEJANDRO MELO JIMENEZ,"miércoles, 23 de noviembre de 2011","jueves, 26 de abril de 2012",219.32,219.32,3475.8204,24.17962,767620.0,163841483.1606,164981250.0,22,3500.0,3500.0,Abierto,B,Civil Mano de Obra,HUERFANO EDILBERTO,80469211,EDILBERTO HUERFANO,huerfano687@hotmail.com,CL 90-  84 B  17,3108838346,A,30,BOGOTÁ D.C.,,,Activo,,,,,,N,Planta Tratamiento Aguas Residuales Sg,311.0,Actividades Obra,C,Subcontratos,sg,suma global,ACTIVO,NO,0.0,NO,NO,0.0,0.0,737068965.52,19.0,877112068.9688,3863.0,1003,PLANTA TRATAMIENTO A. RESIDUALES,Planta Tratamiento Aguas Residuales,1.0,986650611.0,0,,Sg,0,SI,SI,NO,NO,SI,NO,
93,PDA INFRAESTRUCTURA,02 OBRAS URBANAS,ADPRO,En ejecucion,SI,SIN PROPIETARIO,93,PDA INFRAESTRUCTURA,37.0,PDA INFRAESTRUCTURA,5031015,PDA URBANISMO,NO,Principal,GRUPOS,930015,Contrato CIO 0003 ESTRUCTURA PLANTA DE TRATAMIENTO,Actas de Obra Quincenales,2012-09-25,RENE ALEJANDRO MELO JIMENEZ,"miércoles, 23 de noviembre de 2011","jueves, 26 de abril de 2012",46.0,46.0,84412.7807,587.21934,3910000.0,163841483.1606,164981250.0,15,85000.0,85000.0,Abierto,B,Civil Mano de Obra,HUERFANO EDILBERTO,80469211,EDILBERTO HUERFANO,huerfano687@hotmail.com,CL 90-  84 B  17,3108838346,A,30,BOGOTÁ D.C.,,,Activo,,,,,,N,Planta Tratamiento Aguas Residuales Sg,311.0,Actividades Obra,C,Subcontratos,sg,suma global,ACTIVO,NO,0.0,NO,NO,0.0,0.0,737068965.52,19.0,877112068.9688,3863.0,1003,PLANTA TRATAMIENTO A. RESIDUALES,Planta Tratamiento Aguas Residuales,1.0,986650611.0,0,,Sg,0,SI,SI,NO,NO,SI,NO,
93,PDA INFRAESTRUCTURA,02 OBRAS URBANAS,ADPRO,En ejecucion,SI,SIN PROPIETARIO,93,PDA INFRAESTRUCTURA,37.0,PDA INFRAESTRUCTURA,5031015,PDA URBANISMO,NO,Principal,GRUPOS,930008,Subcontrato CIO 0015 CONSTRUCCION PILOTES FOSO DE BOMBEO,ACTAS QUINCENALES,2012-09-25,DIEGO BLANCO MUÑOZ,"jueves, 31 de mayo de 2012","viernes, 31 de mayo de 2013",658.0,0.0,297.0,0.0,0.0,0.0,0.0,2,297.0,297.0,Abierto,B,Civil Mano de Obra,TREVIGALANTE S A,860042603,DIANA PINILLA,htorres@trevigalante.com,AV CORPAS 157A 60,6843614,A,15,BOGOTÁ D.C.,4290.0,Construcción de otras obras de ingeniería civil.,Activo,,,,,,J,Armada Canasta Pilotes,311.0,Actividades Obra,C,Subcontratos,kg,kilogramo,ACTIVO,NO,0.0,NO,NO,0.0,0.0,504.3103,19.0,600.1293,342.0,1005,ESTACION DE BOMBEO,Estacion De Bombeo Aguas Luvias,1.0,1425000000.0,0,,Sg,0,SI,SI,NO,NO,SI,NO,
174,PDA PRELIMINARES,05 OBRAS PRELIMINARES,ADPRO,En ejecucion,SI,SIN PROPIETARIO,174,PDA PRELIMINARES,25.0,PDA GENERALES NO ASIGNADOS,5032010,PDA GG NO ASIGNADOS,NO,Principal,GRUPOS,1740114,Contrato CIO 0575 INSTALACION REGULADOR DE ENERGIA AYAPEL/BARU,,2012-10-01,DIEGO BLANCO MUÑOZ,"viernes, 29 de junio de 2012","sábado, 28 de julio de 2012",1.0,1.0,134400.0,576.0,134976.0,91074088.916,91464406.44,10,134976.0,134976.0,Abierto,B,Civil Mano de Obra,TECLOGIC PROYECTO Y SOLUCIONES TECNOLOGICAS LTDA,900266642,FABIAN  CRIZON,proyectos@teclogicltda.com,AV CL 100 13 44,6467312,A,1,BOGOTÁ D.C.,,,Activo,,,,,,J,Mdo Placa Tapa Inspeccion e=6cm,345.0,Mano Obra Obras Urbanismo,O,MdeO Contratista,m2,metro cuadrado,ACTIVO,NO,3.0,NO,NO,0.0,0.0,21551.72,19.0,25646.5468,4831.0,3001,PRELIMINARES,Obras Provisionales Energia Sector E,1.013,386933187.917,0,,Sg,0,SI,SI,NO,NO,SI,NO,
93,PDA INFRAESTRUCTURA,02 OBRAS URBANAS,ADPRO,En ejecucion,SI,SIN PROPIETARIO,93,PDA INFRAESTRUCTURA,37.0,PDA INFRAESTRUCTURA,5031015,PDA URBANISMO,NO,Principal,GRUPOS,930013,Subcontrato CIO 0007 MANO DE OBRA MAMPOSTERIA Y ESCALERA PETAR,ACTAS QUINCENALES,2012-09-25,DIEGO BLANCO MUÑOZ,"jueves, 1 de marzo de 2012","domingo, 10 de marzo de 2013",69.46,48.00000001,38208.8847,291.11531,1848000.00096,7348336.674,7404324.00096,2,38500.000012,38500.0,Abierto,B,Civil Mano de Obra,PARRA RODRIGUEZ HECTOR JULIO,79121760,HECTOR JULIO PARRA RODRIGUEZ,,CR 102 125 50,6925791,P,0,BOGOTÁ D.C.,,,Activo,,,,,,N,Todo Costo o Proceso Const.,999.0,Varios,C,Subcontratos,Un,unidad,ACTIVO,NO,3.0,NO,NO,0.0,0.0,8620.69,19.0,10258.6211,4060.0,1003,PLANTA TRATAMIENTO A. RESIDUALES,Planta Tratamiento Aguas Residuales,1.0,986650611.0,0,,Sg,0,SI,SI,NO,NO,SI,NO,
174,PDA PRELIMINARES,05 OBRAS PRELIMINARES,ADPRO,En ejecucion,SI,SIN PROPIETARIO,174,PDA PRELIMINARES,25.0,PDA GENERALES NO ASIGNADOS,5032010,PDA GG NO ASIGNADOS,NO,Principal,GRUPOS,1740138,REVISION E INSTALACION FUENTES DE PODER COMPUTADORES CAMPAMENTO PDA,ACTAS DE OBRA,2012-10-30,RENE ALEJANDRO MELO JIMENEZ,"martes, 6 de noviembre de 2012","jueves, 15 de noviembre de 2012",1.0,1.0,80000.0,12800.0,92800.0,190000.0,220400.0,2,92800.0,92800.0,Abierto,H3,Servicios 4,G&L SYSTEM LTDA,900359641,DAVID BELTRAN,SOPORTE@GLSYSTEMLTDA.COM,CR 24 A 43 02 SUR,7602280,P,30,BOGOTÁ D.C.,,,Activo,,,,,,J,Computador,999.0,Varios,M,Materiales,Un,unidad,ACTIVO,NO,3.0,NO,NO,0.0,0.0,1637931.03,19.0,1949137.9257,4043.0,2003,PRELIMINARES,"Dotacion (computadores, escritorios, etc)",1.0,51828861.15,0,,Sg,0,SI,SI,NO,NO,SI,NO,
174,PDA PRELIMINARES,05 OBRAS PRELIMINARES,ADPRO,En ejecucion,SI,SIN PROPIETARIO,174,PDA PRELIMINARES,25.0,PDA GENERALES NO ASIGNADOS,5032010,PDA GG NO ASIGNADOS,NO,Principal,GRUPOS,1740138,REVISION E INSTALACION FUENTES DE PODER COMPUTADORES CAMPAMENTO PDA,ACTAS DE OBRA,2012-10-30,RENE ALEJANDRO MELO JIMENEZ,"martes, 6 de noviembre de 2012","jueves, 15 de noviembre de 2012",2.0,2.0,55000.0,8800.0,127600.0,190000.0,220400.0,1,63800.0,63800.0,Abierto,H3,Servicios 4,G&L SYSTEM LTDA,900359641,DAVID BELTRAN,SOPORTE@GLSYSTEMLTDA.COM,CR 24 A 43 02 SUR,7602280,P,30,BOGOTÁ D.C.,,,Activo,,,,,,J,Computador,999.0,Varios,M,Materiales,Un,unidad,ACTIVO,NO,3.0,NO,NO,0.0,0.0,1637931.03,19.0,1949137.9257,4043.0,2003,PRELIMINARES,"Dotacion (computadores, escritorios, etc)",1.0,51828861.15,0,,Sg,0,SI,SI,NO,NO,SI,NO,
174,PDA PRELIMINARES,05 OBRAS PRELIMINARES,ADPRO,En ejecucion,SI,SIN PROPIETARIO,174,PDA PRELIMINARES,25.0,PDA GENERALES NO ASIGNADOS,5032010,PDA GG NO ASIGNADOS,NO,Principal,GRUPOS,1740091,Contrato CIO 0024 SUMINISTRO FERRETERIA,ACTAS DE OBRA,2012-10-01,RENE ALEJANDRO MELO JIMENEZ,"martes, 11 de octubre de 2011","miércoles, 11 de enero de 2012",4.0,4.0,2700.0,432.0,12528.0,910215.5172,1055850.0,5,3132.0,3132.0,Abierto,C,Suministro,FERRETERIA Y COMERCIALIZADORA H Y D LIMITADA,830137500,FREDY GUTIERREZ,ferrehyd@hotmail.com,CR 26 11 70,2372784,P,30,BOGOTÁ D.C.,,,Activo,,,,,,J,Equipo,322.0,Equipos Dotación,M,Materiales,Un,unidad,ACTIVO,NO,3.0,NO,NO,0.0,0.0,8620.69,19.0,10258.6211,4049.0,11001,PRELIMINARES,Equipo Inicial,0.721,56838465.383,0,,Sg,0,SI,SI,NO,NO,SI,NO,
174,PDA PRELIMINARES,05 OBRAS PRELIMINARES,ADPRO,En ejecucion,SI,SIN PROPIETARIO,174,PDA PRELIMINARES,25.0,PDA GENERALES NO ASIGNADOS,5032010,PDA GG NO ASIGNADOS,NO,Principal,GRUPOS,1740091,Contrato CIO 0024 SUMINISTRO FERRETERIA,ACTAS DE OBRA,2012-10-01,RENE ALEJANDRO MELO JIMENEZ,"martes, 11 de octubre de 2011","miércoles, 11 de enero de 2012",1.0,1.0,7500.0,1200.0,8700.0,910215.5172,1055850.0,7,8700.0,8700.0,Abierto,C,Suministro,FERRETERIA Y COMERCIALIZADORA H Y D LIMITADA,830137500,FREDY GUTIERREZ,ferrehyd@hotmail.com,CR 26 11 70,2372784,P,30,BOGOTÁ D.C.,,,Activo,,,,,,J,Equipo,322.0,Equipos Dotación,M,Materiales,Un,unidad,ACTIVO,NO,3.0,NO,NO,0.0,0.0,8620.69,19.0,10258.6211,4049.0,11001,PRELIMINARES,Equipo Inicial,0.721,56838465.383,0,,Sg,0,SI,SI,NO,NO,SI,NO,
174,PDA PRELIMINARES,05 OBRAS PRELIMINARES,ADPRO,En ejecucion,SI,SIN PROPIETARIO,174,PDA PRELIMINARES,25.0,PDA GENERALES NO ASIGNADOS,5032010,PDA GG NO ASIGNADOS,NO,Principal,GRUPOS,1740091,Contrato CIO 0024 SUMINISTRO FERRETERIA,ACTAS DE OBRA,2012-10-01,RENE ALEJANDRO MELO JIMENEZ,"martes, 11 de octubre de 2011","miércoles, 11 de enero de 2012",2.0,2.0,2500.0,400.0,5800.0,910215.5172,1055850.0,10,2900.0,2900.0,Abierto,C,Suministro,FERRETERIA Y COMERCIALIZADORA H Y D LIMITADA,830137500,FREDY GUTIERREZ,ferrehyd@hotmail.com,CR 26 11 70,2372784,P,30,BOGOTÁ D.C.,,,Activo,,,,,,J,Equipo,322.0,Equipos Dotación,M,Materiales,Un,unidad,ACTIVO,NO,3.0,NO,NO,0.0,0.0,8620.69,19.0,10258.6211,4049.0,11001,PRELIMINARES,Equipo Inicial,0.721,56838465.383,0,,Sg,0,SI,SI,NO,NO,SI,NO,
174,PDA PRELIMINARES,05 OBRAS PRELIMINARES,ADPRO,En ejecucion,SI,SIN PROPIETARIO,174,PDA PRELIMINARES,25.0,PDA GENERALES NO ASIGNADOS,5032010,PDA GG NO ASIGNADOS,NO,Principal,GRUPOS,1740091,Contrato CIO 0024 SUMINISTRO FERRETERIA,ACTAS DE OBRA,2012-10-01,RENE ALEJANDRO MELO JIMENEZ,"martes, 11 de octubre de 2011","miércoles, 11 de enero de 2012",1.0,1.0,82000.0,13120.0,95120.0,910215.5172,1055850.0,3,95120.0,95120.0,Abierto,C,Suministro,FERRETERIA Y COMERCIALIZADORA H Y D LIMITADA,830137500,FREDY GUTIERREZ,ferrehyd@hotmail.com,CR 26 11 70,2372784,P,30,BOGOTÁ D.C.,,,Activo,,,,,,J,Equipo,322.0,Equipos Dotación,M,Materiales,Un,unidad,ACTIVO,NO,3.0,NO,NO,0.0,0.0,8620.69,19.0,10258.6211,4049.0,11001,PRELIMINARES,Equipo Inicial,0.721,56838465.383,0,,Sg,0,SI,SI,NO,NO,SI,NO,
174,PDA PRELIMINARES,05 OBRAS PRELIMINARES,ADPRO,En ejecucion,SI,SIN PROPIETARIO,174,PDA PRELIMINARES,25.0,PDA GENERALES NO ASIGNADOS,5032010,PDA GG NO ASIGNADOS,NO,Principal,GRUPOS,1740091,Contrato CIO 0024 SUMINISTRO FERRETERIA,ACTAS DE OBRA,2012-10-01,RENE ALEJANDRO MELO JIMENEZ,"martes, 11 de octubre de 2011","miércoles, 11 de enero de 2012",1.0,1.0,7800.0,1248.0,9048.0,910215.5172,1055850.0,6,9048.0,9048.0,Abierto,C,Suministro,FERRETERIA Y COMERCIALIZADORA H Y D LIMITADA,830137500,FREDY GUTIERREZ,ferrehyd@hotmail.com,CR 26 11 70,2372784,P,30,BOGOTÁ D.C.,,,Activo,,,,,,J,Equipo,322.0,Equipos Dotación,M,Materiales,Un,unidad,ACTIVO,NO,3.0,NO,NO,0.0,0.0,8620.69,19.0,10258.6211,4049.0,11001,PRELIMINARES,Equipo Inicial,0.721,56838465.383,0,,Sg,0,SI,SI,NO,NO,SI,NO,
174,PDA PRELIMINARES,05 OBRAS PRELIMINARES,ADPRO,En ejecucion,SI,SIN PROPIETARIO,174,PDA PRELIMINARES,25.0,PDA GENERALES NO ASIGNADOS,5032010,PDA GG NO ASIGNADOS,NO,Principal,GRUPOS,1740091,Contrato CIO 0024 SUMINISTRO FERRETERIA,ACTAS DE OBRA,2012-10-01,RENE ALEJANDRO MELO JIMENEZ,"martes, 11 de octubre de 2011","miércoles, 11 de enero de 2012",3.0,3.0,2450.0,392.0,8526.0,910215.5172,1055850.0,8,2842.0,2842.0,Abierto,C,Suministro,FERRETERIA Y COMERCIALIZADORA H Y D LIMITADA,830137500,FREDY GUTIERREZ,ferrehyd@hotmail.com,CR 26 11 70,2372784,P,30,BOGOTÁ D.C.,,,Activo,,,,,,J,Equipo,322.0,Equipos Dotación,M,Materiales,Un,unidad,ACTIVO,NO,3.0,NO,NO,0.0,0.0,8620.69,19.0,10258.6211,4049.0,11001,PRELIMINARES,Equipo Inicial,0.721,56838465.383,0,,Sg,0,SI,SI,NO,NO,SI,NO,
174,PDA PRELIMINARES,05 OBRAS PRELIMINARES,ADPRO,En ejecucion,SI,SIN PROPIETARIO,174,PDA PRELIMINARES,25.0,PDA GENERALES NO ASIGNADOS,5032010,PDA GG NO ASIGNADOS,NO,Principal,GRUPOS,1740091,Contrato CIO 0024 SUMINISTRO FERRETERIA,ACTAS DE OBRA,2012-10-01,RENE ALEJANDRO MELO JIMENEZ,"martes, 11 de octubre de 2011","miércoles, 11 de enero de 2012",1.0,1.0,6800.0,1088.0,7888.0,910215.5172,1055850.0,9,7888.0,7888.0,Abierto,C,Suministro,FERRETERIA Y COMERCIALIZADORA H Y D LIMITADA,830137500,FREDY GUTIERREZ,ferrehyd@hotmail.com,CR 26 11 70,2372784,P,30,BOGOTÁ D.C.,,,Activo,,,,,,J,Equipo,322.0,Equipos Dotación,M,Materiales,Un,unidad,ACTIVO,NO,3.0,NO,NO,0.0,0.0,8620.69,19.0,10258.6211,4049.0,11001,PRELIMINARES,Equipo Inicial,0.721,56838465.383,0,,Sg,0,SI,SI,NO,NO,SI,NO,
174,PDA PRELIMINARES,05 OBRAS PRELIMINARES,ADPRO,En ejecucion,SI,SIN PROPIETARIO,174,PDA PRELIMINARES,25.0,PDA GENERALES NO ASIGNADOS,5032010,PDA GG NO ASIGNADOS,NO,Principal,GRUPOS,1740091,Contrato CIO 0024 SUMINISTRO FERRETERIA,ACTAS DE OBRA,2012-10-01,RENE ALEJANDRO MELO JIMENEZ,"martes, 11 de octubre de 2011","miércoles, 11 de enero de 2012",2.0,2.0,2000.0,320.0,4640.0,910215.5172,1055850.0,11,2320.0,2320.0,Abierto,C,Suministro,FERRETERIA Y COMERCIALIZADORA H Y D LIMITADA,830137500,FREDY GUTIERREZ,ferrehyd@hotmail.com,CR 26 11 70,2372784,P,30,BOGOTÁ D.C.,,,Activo,,,,,,J,Equipo,322.0,Equipos Dotación,M,Materiales,Un,unidad,ACTIVO,NO,3.0,NO,NO,0.0,0.0,8620.69,19.0,10258.6211,4049.0,11001,PRELIMINARES,Equipo Inicial,0.721,56838465.383,0,,Sg,0,SI,SI,NO,NO,SI,NO,
174,PDA PRELIMINARES,05 OBRAS PRELIMINARES,ADPRO,En ejecucion,SI,SIN PROPIETARIO,174,PDA PRELIMINARES,25.0,PDA GENERALES NO ASIGNADOS,5032010,PDA GG NO ASIGNADOS,NO,Principal,GRUPOS,1740091,Contrato CIO 0024 SUMINISTRO FERRETERIA,ACTAS DE OBRA,2012-10-01,RENE ALEJANDRO MELO JIMENEZ,"martes, 11 de octubre de 2011","miércoles, 11 de enero de 2012",15.0,15.0,37931.0345,6068.9655,660000.0,910215.5172,1055850.0,1,44000.0,44000.0,Abierto,C,Suministro,FERRETERIA Y COMERCIALIZADORA H Y D LIMITADA,830137500,FREDY GUTIERREZ,ferrehyd@hotmail.com,CR 26 11 70,2372784,P,30,BOGOTÁ D.C.,,,Activo,,,,,,J,Equipo,322.0,Equipos Dotación,M,Materiales,Un,unidad,ACTIVO,NO,3.0,NO,NO,0.0,0.0,8620.69,19.0,10258.6211,4049.0,11001,PRELIMINARES,Equipo Inicial,0.721,56838465.383,0,,Sg,0,SI,SI,NO,NO,SI,NO,
174,PDA PRELIMINARES,05 OBRAS PRELIMINARES,ADPRO,En ejecucion,SI,SIN PROPIETARIO,174,PDA PRELIMINARES,25.0,PDA GENERALES NO ASIGNADOS,5032010,PDA GG NO ASIGNADOS,NO,Principal,GRUPOS,1740091,Contrato CIO 0024 SUMINISTRO FERRETERIA,ACTAS DE OBRA,2012-10-01,RENE ALEJANDRO MELO JIMENEZ,"martes, 11 de octubre de 2011","miércoles, 11 de enero de 2012",2.0,2.0,33000.0,5280.0,76560.0,910215.5172,1055850.0,4,38280.0,38280.0,Abierto,C,Suministro,FERRETERIA Y COMERCIALIZADORA H Y D LIMITADA,830137500,FREDY GUTIERREZ,ferrehyd@hotmail.com,CR 26 11 70,2372784,P,30,BOGOTÁ D.C.,,,Activo,,,,,,J,Equipo,322.0,Equipos Dotación,M,Materiales,Un,unidad,ACTIVO,NO,3.0,NO,NO,0.0,0.0,8620.69,19.0,10258.6211,4049.0,11001,PRELIMINARES,Equipo Inicial,0.721,56838465.383,0,,Sg,0,SI,SI,NO,NO,SI,NO,
174,PDA PRELIMINARES,05 OBRAS PRELIMINARES,ADPRO,En ejecucion,SI,SIN PROPIETARIO,174,PDA PRELIMINARES,25.0,PDA GENERALES NO ASIGNADOS,5032010,PDA GG NO ASIGNADOS,NO,Principal,GRUPOS,1740091,Contrato CIO 0024 SUMINISTRO FERRETERIA,ACTAS DE OBRA,2012-10-01,RENE ALEJANDRO MELO JIMENEZ,"martes, 11 de octubre de 2011","miércoles, 11 de enero de 2012",9.0,9.0,16000.0,2560.0,167040.0,910215.5172,1055850.0,2,18560.0,18560.0,Abierto,C,Suministro,FERRETERIA Y COMERCIALIZADORA H Y D LIMITADA,830137500,FREDY GUTIERREZ,ferrehyd@hotmail.com,CR 26 11 70,2372784,P,30,BOGOTÁ D.C.,,,Activo,,,,,,J,Equipo,322.0,Equipos Dotación,M,Materiales,Un,unidad,ACTIVO,NO,3.0,NO,NO,0.0,0.0,8620.69,19.0,10258.6211,4049.0,11001,PRELIMINARES,Equipo Inicial,0.721,56838465.383,0,,Sg,0,SI,SI,NO,NO,SI,NO,
174,PDA PRELIMINARES,05 OBRAS PRELIMINARES,ADPRO,En ejecucion,SI,SIN PROPIETARIO,174,PDA PRELIMINARES,25.0,PDA GENERALES NO ASIGNADOS,5032010,PDA GG NO ASIGNADOS,NO,Principal,GRUPOS,1740057,Contrato CIO 0102 RED INTERNA COMPUTADORES CAMPAMENTO,,2012-10-01,DIEGO BLANCO MUÑOZ,"lunes, 4 de junio de 2012","martes, 4 de junio de 2013",1.0,1.0,372000.0,0.0,372000.0,372000.0,372000.0,1,372000.0,372000.0,Abierto,C4,Instalacion,CASTAÑEDA RATIVA JULIE ALEXANDRA,52957137,JULIE ALEXANDRA,bitbytsystem@yahoo.es,CL 33 C 16 A 35,5755141,A,30,BOGOTÁ D.C.,,,Activo,,,,,,N,Redes Servicios,311.0,Actividades Obra,C,Subcontratos,Un,unidad,ACTIVO,NO,0.0,NO,NO,0.0,0.0,8879.31,19.0,10566.3789,2378.0,2005,PRELIMINARES,Adecuacion Campamento Ppal,1.098,134100966.744,0,,und,0,SI,SI,NO,NO,SI,NO,
174,PDA PRELIMINARES,05 OBRAS PRELIMINARES,ADPRO,En ejecucion,SI,SIN PROPIETARIO,174,PDA PRELIMINARES,25.0,PDA GENERALES NO ASIGNADOS,5032010,PDA GG NO ASIGNADOS,NO,Principal,GRUPOS,1740114,Contrato CIO 0575 INSTALACION REGULADOR DE ENERGIA AYAPEL/BARU,,2012-10-01,DIEGO BLANCO MUÑOZ,"viernes, 29 de junio de 2012","sábado, 28 de julio de 2012",1.0,1.0,504000.0,2160.0,506160.0,91074088.916,91464406.44,8,506160.0,506160.0,Abierto,B,Civil Mano de Obra,TECLOGIC PROYECTO Y SOLUCIONES TECNOLOGICAS LTDA,900266642,FABIAN  CRIZON,proyectos@teclogicltda.com,AV CL 100 13 44,6467312,A,1,BOGOTÁ D.C.,,,Activo,,,,,,J,MdO Nicho Medidor Electrico,346.0,Mano Obra Gris,O,MdeO Contratista,Un,unidad,ACTIVO,NO,0.0,NO,NO,0.0,0.0,203054.04,19.0,250684.0,4421.0,3001,PRELIMINARES,Obras Provisionales Energia Sector E,1.013,386933187.917,0,,Sg,0,SI,SI,NO,NO,SI,NO,
174,PDA PRELIMINARES,05 OBRAS PRELIMINARES,ADPRO,En ejecucion,SI,SIN PROPIETARIO,174,PDA PRELIMINARES,25.0,PDA GENERALES NO ASIGNADOS,5032010,PDA GG NO ASIGNADOS,NO,Principal,GRUPOS,1740114,Contrato CIO 0575 INSTALACION REGULADOR DE ENERGIA AYAPEL/BARU,,2012-10-01,DIEGO BLANCO MUÑOZ,"viernes, 29 de junio de 2012","sábado, 28 de julio de 2012",1.0,1.0,8383176.1024,35927.8976,8419104.0,91074088.916,91464406.44,3,8419104.0,8419104.0,Abierto,B,Civil Mano de Obra,TECLOGIC PROYECTO Y SOLUCIONES TECNOLOGICAS LTDA,900266642,FABIAN  CRIZON,proyectos@teclogicltda.com,AV CL 100 13 44,6467312,A,1,BOGOTÁ D.C.,,,Activo,,,,,,J,Transformador Trifasico 300 kVA,332.0,Internas Electricas y Comunicaciones,C,Subcontratos,Un,unidad,ACTIVO,NO,0.0,NO,NO,0.0,0.0,19600000.0,19.0,23324000.0,3017.0,3001,PRELIMINARES,Obras Provisionales Energia Sector E,1.013,386933187.917,0,,Sg,0,SI,SI,NO,NO,SI,NO,
174,PDA PRELIMINARES,05 OBRAS PRELIMINARES,ADPRO,En ejecucion,SI,SIN PROPIETARIO,174,PDA PRELIMINARES,25.0,PDA GENERALES NO ASIGNADOS,5032010,PDA GG NO ASIGNADOS,NO,Principal,GRUPOS,1740114,Contrato CIO 0575 INSTALACION REGULADOR DE ENERGIA AYAPEL/BARU,,2012-10-01,DIEGO BLANCO MUÑOZ,"viernes, 29 de junio de 2012","sábado, 28 de julio de 2012",1.0,1.0,61499955.9602,263571.2398,61763527.2,91074088.916,91464406.44,1,61763527.2,61763527.2,Abierto,B,Civil Mano de Obra,TECLOGIC PROYECTO Y SOLUCIONES TECNOLOGICAS LTDA,900266642,FABIAN  CRIZON,proyectos@teclogicltda.com,AV CL 100 13 44,6467312,A,1,BOGOTÁ D.C.,,,Activo,,,,,,J,Transformador Trifasico 300 kVA,332.0,Internas Electricas y Comunicaciones,C,Subcontratos,Un,unidad,ACTIVO,NO,0.0,NO,NO,0.0,0.0,19600000.0,19.0,23324000.0,3017.0,3001,PRELIMINARES,Obras Provisionales Energia Sector E,1.013,386933187.917,0,,Sg,0,SI,SI,NO,NO,SI,NO,
174,PDA PRELIMINARES,05 OBRAS PRELIMINARES,ADPRO,En ejecucion,SI,SIN PROPIETARIO,174,PDA PRELIMINARES,25.0,PDA GENERALES NO ASIGNADOS,5032010,PDA GG NO ASIGNADOS,NO,Principal,GRUPOS,1740114,Contrato CIO 0575 INSTALACION REGULADOR DE ENERGIA AYAPEL/BARU,,2012-10-01,DIEGO BLANCO MUÑOZ,"viernes, 29 de junio de 2012","sábado, 28 de julio de 2012",1.0,1.0,392000.0,1680.0,393680.0,91074088.916,91464406.44,9,393680.0,393680.0,Abierto,B,Civil Mano de Obra,TECLOGIC PROYECTO Y SOLUCIONES TECNOLOGICAS LTDA,900266642,FABIAN  CRIZON,proyectos@teclogicltda.com,AV CL 100 13 44,6467312,A,1,BOGOTÁ D.C.,,,Activo,,,,,,J,Sistema Puesta Tierra,332.0,Internas Electricas y Comunicaciones,C,Subcontratos,Un,unidad,ACTIVO,NO,0.0,NO,NO,0.0,0.0,170689.66,19.0,203120.6954,4136.0,3001,PRELIMINARES,Obras Provisionales Energia Sector E,1.013,386933187.917,0,,Sg,0,SI,SI,NO,NO,SI,NO,
174,PDA PRELIMINARES,05 OBRAS PRELIMINARES,ADPRO,En ejecucion,SI,SIN PROPIETARIO,174,PDA PRELIMINARES,25.0,PDA GENERALES NO ASIGNADOS,5032010,PDA GG NO ASIGNADOS,NO,Principal,GRUPOS,1740114,Contrato CIO 0575 INSTALACION REGULADOR DE ENERGIA AYAPEL/BARU,,2012-10-01,DIEGO BLANCO MUÑOZ,"viernes, 29 de junio de 2012","sábado, 28 de julio de 2012",1.0,1.0,7560000.0,32400.0,7592400.0,91074088.916,91464406.44,4,7592400.0,7592400.0,Abierto,B,Civil Mano de Obra,TECLOGIC PROYECTO Y SOLUCIONES TECNOLOGICAS LTDA,900266642,FABIAN  CRIZON,proyectos@teclogicltda.com,AV CL 100 13 44,6467312,A,1,BOGOTÁ D.C.,,,Activo,,,,,,J,Gabinete Contra Incendio,316.0,Carpinteria Metalica,C,Subcontratos,Un,unidad,ACTIVO,NO,0.0,NO,NO,0.0,0.0,500120.69,19.0,595143.6211,1535.0,3001,PRELIMINARES,Obras Provisionales Energia Sector E,1.013,386933187.917,0,,Sg,0,SI,SI,NO,NO,SI,NO,
174,PDA PRELIMINARES,05 OBRAS PRELIMINARES,ADPRO,En ejecucion,SI,SIN PROPIETARIO,174,PDA PRELIMINARES,25.0,PDA GENERALES NO ASIGNADOS,5032010,PDA GG NO ASIGNADOS,NO,Principal,GRUPOS,1740114,Contrato CIO 0575 INSTALACION REGULADOR DE ENERGIA AYAPEL/BARU,,2012-10-01,DIEGO BLANCO MUÑOZ,"viernes, 29 de junio de 2012","sábado, 28 de julio de 2012",1.0,1.0,952000.0,4080.0,956080.0,91074088.916,91464406.44,5,956080.0,956080.0,Abierto,B,Civil Mano de Obra,TECLOGIC PROYECTO Y SOLUCIONES TECNOLOGICAS LTDA,900266642,FABIAN  CRIZON,proyectos@teclogicltda.com,AV CL 100 13 44,6467312,A,1,BOGOTÁ D.C.,,,Activo,,,,,,J,Poste Concreto 12 m 1050 kg,331.0,Prefabricados,M,Materiales,Un,unidad,ACTIVO,NO,0.0,NO,NO,0.0,0.0,445500.0,19.0,530145.0,2263.0,3001,PRELIMINARES,Obras Provisionales Energia Sector E,1.013,386933187.917,0,,Sg,0,SI,SI,NO,NO,SI,NO,
174,PDA PRELIMINARES,05 OBRAS PRELIMINARES,ADPRO,En ejecucion,SI,SIN PROPIETARIO,174,PDA PRELIMINARES,25.0,PDA GENERALES NO ASIGNADOS,5032010,PDA GG NO ASIGNADOS,NO,Principal,GRUPOS,1740114,Contrato CIO 0575 INSTALACION REGULADOR DE ENERGIA AYAPEL/BARU,,2012-10-01,DIEGO BLANCO MUÑOZ,"viernes, 29 de junio de 2012","sábado, 28 de julio de 2012",1.0,1.0,543872.9957,2330.8843,546203.88,91074088.916,91464406.44,7,546203.88,546203.88,Abierto,B,Civil Mano de Obra,TECLOGIC PROYECTO Y SOLUCIONES TECNOLOGICAS LTDA,900266642,FABIAN  CRIZON,proyectos@teclogicltda.com,AV CL 100 13 44,6467312,A,1,BOGOTÁ D.C.,,,Activo,,,,,,J,Sistema Puesta Tierra,332.0,Internas Electricas y Comunicaciones,C,Subcontratos,Un,unidad,ACTIVO,NO,0.0,NO,NO,0.0,0.0,170689.66,19.0,203120.6954,4136.0,3001,PRELIMINARES,Obras Provisionales Energia Sector E,1.013,386933187.917,0,,Sg,0,SI,SI,NO,NO,SI,NO,
174,PDA PRELIMINARES,05 OBRAS PRELIMINARES,ADPRO,En ejecucion,SI,SIN PROPIETARIO,174,PDA PRELIMINARES,25.0,PDA GENERALES NO ASIGNADOS,5032010,PDA GG NO ASIGNADOS,NO,Principal,GRUPOS,1740074,Contrato CIO 0027 EXAMENES DE INGRESO,,2012-10-01,DIEGO BLANCO MUÑOZ,"martes, 1 de noviembre de 2011","miércoles, 1 de febrero de 2012",4.0,3.828,900000.0,0.0,3445200.0,3445200.0,3445200.0,1,900000.0,900000.0,Abierto,F,Honorarios 11,MARGARITA PAEZ Y CONSULTORES S A S,830092031,STELLA GALVIS,contabilidad@mpyc.co,CR 14 90 31 OF 604,6233843,A,30,BOGOTÁ D.C.,7020.0,Actividades de consultaría de gestión.,Activo,,,,,,J,Examen de Ingreso,999.0,Varios,C,Subcontratos,Un,unidad,ACTIVO,NO,3.0,NO,NO,0.0,0.0,775862.07,19.0,923275.8633,4054.0,14001,PRELIMINARES,Examen de Ingreso,40.768,35811508.096,0,,und,0,SI,SI,NO,NO,SI,NO,
174,PDA PRELIMINARES,05 OBRAS PRELIMINARES,ADPRO,En ejecucion,SI,SIN PROPIETARIO,174,PDA PRELIMINARES,25.0,PDA GENERALES NO ASIGNADOS,5032010,PDA GG NO ASIGNADOS,NO,Principal,GRUPOS,1740137,SERVICIOS MEDICOS EXAMENES DE INGRESO,Presentacion Factura,2012-10-17,RENE ALEJANDRO MELO JIMENEZ,"miércoles, 17 de octubre de 2012","lunes, 17 de diciembre de 2012",2.0,2.0,1020000.0,163200.0,2366400.0,5100000.2639,5916000.30612,2,1183200.0,1183200.0,Abierto,F,Honorarios 11,MARGARITA PAEZ Y CONSULTORES S A S,830092031,STELLA GALVIS,contabilidad@mpyc.co,CR 14 90 31 OF 604,6233843,A,30,BOGOTÁ D.C.,7020.0,Actividades de consultaría de gestión.,Activo,,,,,,J,Examen de Ingreso,999.0,Varios,C,Subcontratos,Un,unidad,ACTIVO,NO,3.0,NO,NO,0.0,0.0,775862.07,19.0,923275.8633,4054.0,14001,PRELIMINARES,Examen de Ingreso,40.768,35811508.096,0,,und,0,SI,SI,NO,NO,SI,NO,
174,PDA PRELIMINARES,05 OBRAS PRELIMINARES,ADPRO,En ejecucion,SI,SIN PROPIETARIO,174,PDA PRELIMINARES,25.0,PDA GENERALES NO ASIGNADOS,5032010,PDA GG NO ASIGNADOS,NO,Principal,GRUPOS,1740137,SERVICIOS MEDICOS EXAMENES DE INGRESO,Presentacion Factura,2012-10-17,RENE ALEJANDRO MELO JIMENEZ,"miércoles, 17 de octubre de 2012","lunes, 17 de diciembre de 2012",4.0,3.314286,923275.8621,147724.13794,3549600.30612,5100000.2639,5916000.30612,1,1071000.000036,1071000.0,Abierto,F,Honorarios 11,MARGARITA PAEZ Y CONSULTORES S A S,830092031,STELLA GALVIS,contabilidad@mpyc.co,CR 14 90 31 OF 604,6233843,A,30,BOGOTÁ D.C.,7020.0,Actividades de consultaría de gestión.,Activo,,,,,,J,Examen de Ingreso,999.0,Varios,C,Subcontratos,Un,unidad,ACTIVO,NO,3.0,NO,NO,0.0,0.0,775862.07,19.0,923275.8633,4054.0,14001,PRELIMINARES,Examen de Ingreso,40.768,35811508.096,0,,und,0,SI,SI,NO,NO,SI,NO,
174,PDA PRELIMINARES,05 OBRAS PRELIMINARES,ADPRO,En ejecucion,SI,SIN PROPIETARIO,174,PDA PRELIMINARES,25.0,PDA GENERALES NO ASIGNADOS,5032010,PDA GG NO ASIGNADOS,NO,Principal,GRUPOS,1740073,Contrato CIO 0127 SERVICIOS MEDICOS EXAMENES DE INGRESO,,2012-10-01,DIEGO BLANCO MUÑOZ,"lunes, 9 de julio de 2012","martes, 9 de octubre de 2012",1.0,0.7001183432,3380000.0,0.0,2366400.00002,2366400.0,2366400.00002,1,3380000.0,3380000.0,Abierto,F,Honorarios 11,MARGARITA PAEZ Y CONSULTORES S A S,830092031,STELLA GALVIS,contabilidad@mpyc.co,CR 14 90 31 OF 604,6233843,A,30,BOGOTÁ D.C.,7020.0,Actividades de consultaría de gestión.,Activo,,,,,,J,Examen de Ingreso,999.0,Varios,C,Subcontratos,Un,unidad,ACTIVO,NO,3.0,NO,NO,0.0,0.0,775862.07,19.0,923275.8633,4054.0,14001,PRELIMINARES,Examen de Ingreso,40.768,35811508.096,0,,und,0,SI,SI,NO,NO,SI,NO,
174,PDA PRELIMINARES,05 OBRAS PRELIMINARES,ADPRO,En ejecucion,SI,SIN PROPIETARIO,174,PDA PRELIMINARES,25.0,PDA GENERALES NO ASIGNADOS,5032010,PDA GG NO ASIGNADOS,NO,Principal,GRUPOS,1740094,Contrato CIO 0039 SUMINISTRO MATERIALES INSTALACIONES ELECTRICA,ACTAS DE OBRA,2012-10-01,RENE ALEJANDRO MELO JIMENEZ,"jueves, 24 de noviembre de 2011","viernes, 24 de febrero de 2012",1.0,1.0,15724.1379,2515.86206,18239.99996,2295900.0,2663244.0,5,18239.999964,18240.0,Abierto,C,Suministro,FERRETERIA Y COMERCIALIZADORA H Y D LIMITADA,830137500,FREDY GUTIERREZ,ferrehyd@hotmail.com,CR 26 11 70,2372784,P,30,BOGOTÁ D.C.,,,Activo,,,,,,J,MATERIALES CABLEADO ACOMETIDA,300.0,Sub-Analisis,A,Subanalisis,m,metro,INACTIVO,NO,0.0,SI,NO,0.0,0.0,1.0,0.0,1.0,4191.0,3001,PRELIMINARES,Obras Provisionales Energia Sector E,1.013,386933187.917,0,,Sg,0,SI,SI,NO,NO,SI,NO,
174,PDA PRELIMINARES,05 OBRAS PRELIMINARES,ADPRO,En ejecucion,SI,SIN PROPIETARIO,174,PDA PRELIMINARES,25.0,PDA GENERALES NO ASIGNADOS,5032010,PDA GG NO ASIGNADOS,NO,Principal,GRUPOS,1740094,Contrato CIO 0039 SUMINISTRO MATERIALES INSTALACIONES ELECTRICA,ACTAS DE OBRA,2012-10-01,RENE ALEJANDRO MELO JIMENEZ,"jueves, 24 de noviembre de 2011","viernes, 24 de febrero de 2012",1.0,1.0,47275.8621,7564.13794,54840.00004,2295900.0,2663244.0,3,54840.000036,54840.0,Abierto,C,Suministro,FERRETERIA Y COMERCIALIZADORA H Y D LIMITADA,830137500,FREDY GUTIERREZ,ferrehyd@hotmail.com,CR 26 11 70,2372784,P,30,BOGOTÁ D.C.,,,Activo,,,,,,J,MATERIALES CABLEADO ACOMETIDA,300.0,Sub-Analisis,A,Subanalisis,m,metro,INACTIVO,NO,0.0,SI,NO,0.0,0.0,1.0,0.0,1.0,4191.0,3001,PRELIMINARES,Obras Provisionales Energia Sector E,1.013,386933187.917,0,,Sg,0,SI,SI,NO,NO,SI,NO,
174,PDA PRELIMINARES,05 OBRAS PRELIMINARES,ADPRO,En ejecucion,SI,SIN PROPIETARIO,174,PDA PRELIMINARES,25.0,PDA GENERALES NO ASIGNADOS,5032010,PDA GG NO ASIGNADOS,NO,Principal,GRUPOS,1740094,Contrato CIO 0039 SUMINISTRO MATERIALES INSTALACIONES ELECTRICA,ACTAS DE OBRA,2012-10-01,RENE ALEJANDRO MELO JIMENEZ,"jueves, 24 de noviembre de 2011","viernes, 24 de febrero de 2012",100.0,100.0,14500.0,2320.0,1682000.0,2295900.0,2663244.0,1,16820.0,16820.0,Abierto,C,Suministro,FERRETERIA Y COMERCIALIZADORA H Y D LIMITADA,830137500,FREDY GUTIERREZ,ferrehyd@hotmail.com,CR 26 11 70,2372784,P,30,BOGOTÁ D.C.,,,Activo,,,,,,J,MATERIALES CABLEADO ACOMETIDA,300.0,Sub-Analisis,A,Subanalisis,m,metro,INACTIVO,NO,0.0,SI,NO,0.0,0.0,1.0,0.0,1.0,4191.0,3001,PRELIMINARES,Obras Provisionales Energia Sector E,1.013,386933187.917,0,,Sg,0,SI,SI,NO,NO,SI,NO,
174,PDA PRELIMINARES,05 OBRAS PRELIMINARES,ADPRO,En ejecucion,SI,SIN PROPIETARIO,174,PDA PRELIMINARES,25.0,PDA GENERALES NO ASIGNADOS,5032010,PDA GG NO ASIGNADOS,NO,Principal,GRUPOS,1740094,Contrato CIO 0039 SUMINISTRO MATERIALES INSTALACIONES ELECTRICA,ACTAS DE OBRA,2012-10-01,RENE ALEJANDRO MELO JIMENEZ,"jueves, 24 de noviembre de 2011","viernes, 24 de febrero de 2012",2.0,2.0,9800.0,1568.0,22736.0,2295900.0,2663244.0,4,11368.0,11368.0,Abierto,C,Suministro,FERRETERIA Y COMERCIALIZADORA H Y D LIMITADA,830137500,FREDY GUTIERREZ,ferrehyd@hotmail.com,CR 26 11 70,2372784,P,30,BOGOTÁ D.C.,,,Activo,,,,,,J,MATERIALES CABLEADO ACOMETIDA,300.0,Sub-Analisis,A,Subanalisis,m,metro,INACTIVO,NO,0.0,SI,NO,0.0,0.0,1.0,0.0,1.0,4191.0,3001,PRELIMINARES,Obras Provisionales Energia Sector E,1.013,386933187.917,0,,Sg,0,SI,SI,NO,NO,SI,NO,
174,PDA PRELIMINARES,05 OBRAS PRELIMINARES,ADPRO,En ejecucion,SI,SIN PROPIETARIO,174,PDA PRELIMINARES,25.0,PDA GENERALES NO ASIGNADOS,5032010,PDA GG NO ASIGNADOS,NO,Principal,GRUPOS,1740094,Contrato CIO 0039 SUMINISTRO MATERIALES INSTALACIONES ELECTRICA,ACTAS DE OBRA,2012-10-01,RENE ALEJANDRO MELO JIMENEZ,"jueves, 24 de noviembre de 2011","viernes, 24 de febrero de 2012",100.0,100.0,7600.0,1216.0,881600.0,2295900.0,2663244.0,2,8816.0,8816.0,Abierto,C,Suministro,FERRETERIA Y COMERCIALIZADORA H Y D LIMITADA,830137500,FREDY GUTIERREZ,ferrehyd@hotmail.com,CR 26 11 70,2372784,P,30,BOGOTÁ D.C.,,,Activo,,,,,,J,MATERIALES CABLEADO ACOMETIDA,300.0,Sub-Analisis,A,Subanalisis,m,metro,INACTIVO,NO,0.0,SI,NO,0.0,0.0,1.0,0.0,1.0,4191.0,3001,PRELIMINARES,Obras Provisionales Energia Sector E,1.013,386933187.917,0,,Sg,0,SI,SI,NO,NO,SI,NO,
174,PDA PRELIMINARES,05 OBRAS PRELIMINARES,ADPRO,En ejecucion,SI,SIN PROPIETARIO,174,PDA PRELIMINARES,25.0,PDA GENERALES NO ASIGNADOS,5032010,PDA GG NO ASIGNADOS,NO,Principal,GRUPOS,1740094,Contrato CIO 0039 SUMINISTRO MATERIALES INSTALACIONES ELECTRICA,ACTAS DE OBRA,2012-10-01,RENE ALEJANDRO MELO JIMENEZ,"jueves, 24 de noviembre de 2011","viernes, 24 de febrero de 2012",2.0,2.0,1650.0,264.0,3828.0,2295900.0,2663244.0,6,1914.0,1914.0,Abierto,C,Suministro,FERRETERIA Y COMERCIALIZADORA H Y D LIMITADA,830137500,FREDY GUTIERREZ,ferrehyd@hotmail.com,CR 26 11 70,2372784,P,30,BOGOTÁ D.C.,,,Activo,,,,,,J,MATERIALES CABLEADO ACOMETIDA,300.0,Sub-Analisis,A,Subanalisis,m,metro,INACTIVO,NO,0.0,SI,NO,0.0,0.0,1.0,0.0,1.0,4191.0,3001,PRELIMINARES,Obras Provisionales Energia Sector E,1.013,386933187.917,0,,Sg,0,SI,SI,NO,NO,SI,NO,
174,PDA PRELIMINARES,05 OBRAS PRELIMINARES,ADPRO,En ejecucion,SI,SIN PROPIETARIO,174,PDA PRELIMINARES,25.0,PDA GENERALES NO ASIGNADOS,5032010,PDA GG NO ASIGNADOS,NO,Principal,GRUPOS,1740135,Contrato CIO 0098 TRANSPORTE PUESTOS DE TRABAJO,,2012-10-01,DIEGO BLANCO MUÑOZ,"viernes, 1 de junio de 2012","sábado, 1 de junio de 2013",1.0,0.0,250000.0,0.0,0.0,0.0,0.0,1,250000.0,250000.0,Abierto,H3,Servicios 4,PRODESA S.A.S.,800141025,MARTHA CRISTINA LABRADOR,mclabrador@prodesa.com.co,CR 7  73 55 P14,3139030,A,30,BOGOTÁ D.C.,,,Activo,,,,,,J,Transporte,999.0,Varios,T,Transporte,Un,unidad,ACTIVO,NO,0.0,NO,NO,0.0,0.0,10000.0,0.0,10000.0,4006.0,2005,PRELIMINARES,Adecuacion Campamento Ppal,1.098,134100966.744,0,,und,0,SI,SI,NO,NO,SI,NO,
174,PDA PRELIMINARES,05 OBRAS PRELIMINARES,ADPRO,En ejecucion,SI,SIN PROPIETARIO,174,PDA PRELIMINARES,25.0,PDA GENERALES NO ASIGNADOS,5032010,PDA GG NO ASIGNADOS,NO,Principal,GRUPOS,1740136,Contrato CIO 0121 TRANSPORTE MESAS Y SILLAS,,2012-10-01,DIEGO BLANCO MUÑOZ,"sábado, 30 de junio de 2012","domingo, 30 de junio de 2013",1.0,0.0,270000.0,0.0,0.0,0.0,0.0,1,270000.0,270000.0,Abierto,H3,Servicios 4,PRODESA S.A.S.,800141025,MARTHA CRISTINA LABRADOR,mclabrador@prodesa.com.co,CR 7  73 55 P14,3139030,A,30,BOGOTÁ D.C.,,,Activo,,,,,,J,Transporte,999.0,Varios,T,Transporte,Un,unidad,ACTIVO,NO,0.0,NO,NO,0.0,0.0,10000.0,0.0,10000.0,4006.0,2005,PRELIMINARES,Adecuacion Campamento Ppal,1.098,134100966.744,0,,und,0,SI,SI,NO,NO,SI,NO,
