Proyecto,Nombre Proyecto,Clase Proyecto,Tipo Proyecto,Estado Proyecto,Presupuesto Fijo,Propietario,Sucursal,Sucursal Nombre,MacroProyecto,MacroProyecto Descripcion,Centro Costo,Centro Costo Descripcion,VIS,Sucursal Administrativa,Clase Contrato,No. Contrato,Descripcion,Formas de pago,Fecha de creacion,Usuario de creacion,Fecha Inicio,Fecha Fin,Cantidad Inicial,Cantidad,Valor Unitario,Valor Iva,Valor Total,Valor Contrato Sin IVA,Valor Contrato,Numero De Grupo,Valor Detalle,Valor Detalle Unitario,Descripcion Estado,Tipo Codigo,Tipo Descripcion contrato,Nombre Tercero,Nit Tercero,Contacto,Email,Direccion Tercero,Telefono,Tipo Tercero,Plazo de pago tercero,Ciudad Tercero,CIIU Cod,CIIU,Estado tercero,Especialidad,Categoria Tercero,Grupo Tercero,Calificacion,Cargo Contacto Tercero,Naturaleza,Insumo Descripcion,Agrupacion,Agrupacion Descripcion,Tipo,Tipo Descripcion,Unidad,Descripcion Unidad,Estado,Requiere Equipo,Dias Reposicion,SubAnalisis,Devolutivo,Stock Maximo,Stock Minimo,Valor Unitario Inusmo,Porcentaje IVA,Valor Neto Insumo,Codigo Insumo Id,Item No,SubCapitulo,Item Descripcion,Cantidad Item,Valor Sin IVA,Precio Venta,Codigo Cliente,Unidad Medida,Metro cuadrado,Aplica En Contratos,Aplica En Almacen,Bloqueo De Contratos Por Cantidad,Bloqueo De Contratos Por Valor,Bloqueo De Salidas Por Cantidad,Bloqueo De Salidas Por Valor,Clase Item
743,RDM D - INFRAESTRUCTURA ETAPA 3,02 OBRAS URBANAS,ADPRO,En ejecucion,SI,SIN PROPIETARIO,743,RDM D - INFRAESTRUCTURA ETAPA 3,69.0,RDM RESERVA DE MADRID,5221015,RDM URBANISMO EXTERNO ET03,NO,Principal,GRUPOS,7430008,"CONSTRUCCION CRUCE VIAL 56"" (TUNNEL LINNER)",ACTAS DE OBRA,2016-09-05,CYNDI LORENA CAMERO,01/10/2016,30/08/2017,35.0,11.0,2479599.2559,17249.38613,27465335.062,101174381.7489,101878203.535,4,2496848.642,2496848.642,Abierto,B2,Civil Proceso Constructivo,W.V.R. INGENIERIA S.A.S,900351844,,wvringenieriasas@gmail.com,KR 81B 19B 50 TO 18 AP 303,4745482,P,0,BOGOTÁ D.C.,,,Activo,,,,,,J,Tuberia PEAD Weholite D=2.15 m,334.0,Internas Hidrosanitarias,M,Materiales,Un,unidad,ACTIVO,NO,3.0,NO,NO,0.0,0.0,4827586.21,19.0,5744827.5899,8264.0,7035,CRUCES VIALES,Suministro tuberia diametro 2.10m,0.0,0.0,0,,ml,1,SI,SI,NO,NO,SI,NO,
743,RDM D - INFRAESTRUCTURA ETAPA 3,02 OBRAS URBANAS,ADPRO,En ejecucion,SI,SIN PROPIETARIO,743,RDM D - INFRAESTRUCTURA ETAPA 3,69.0,RDM RESERVA DE MADRID,5221015,RDM URBANISMO EXTERNO ET03,NO,Principal,GRUPOS,7430007,"SUMINISTRO MATERIALES CONSTRUCCION CRUCE VIAL 56"" (TUNNEL LINNER)",ACTAS DE OBRA,2016-09-05,CYNDI LORENA CAMERO,01/10/2016,30/08/2017,35.0,9.0,3154739.0,504758.24,32935475.16,28392651.0,32935475.16,1,3659497.24,3659497.24,Abierto,C,Suministro,W.V.R. INGENIERIA S.A.S,900351844,,wvringenieriasas@gmail.com,KR 81B 19B 50 TO 18 AP 303,4745482,P,0,BOGOTÁ D.C.,,,Activo,,,,,,J,Tuberia PEAD Weholite D=2.15 m,334.0,Internas Hidrosanitarias,M,Materiales,Un,unidad,ACTIVO,NO,3.0,NO,NO,0.0,0.0,4827586.21,19.0,5744827.5899,8264.0,7035,CRUCES VIALES,Suministro tuberia diametro 2.10m,0.0,0.0,0,,ml,1,SI,SI,NO,NO,SI,NO,
337,PDA LOCATIVAS,10 OBRAS EJECUCION DE GARANTIAS,ADPRO,En ejecucion,SI,SIN PROPIETARIO,337,PDA LOCATIVAS,25.0,PDA GENERALES NO ASIGNADOS,5032010,PDA GG NO ASIGNADOS,NO,Principal,GRUPOS,3370118,CAMBIO ALEROS CUBIERTA CASAS PAREADAS BARU,ACTAS DE OBRA,2016-02-08,RENE ALEJANDRO MELO JIMENEZ,08/02/2016,15/03/2016,4.0,4.0,645085.0662,4914.9338,2600000.0,2580340.2646,2600000.0,1,650000.0,650000.0,Abierto,B,Civil Mano de Obra,PINTUDRAY SAS,900720160,,carmensoler980@hotmail.com,TV 76 A  46  30,3208559390,A,60,BOGOTÁ D.C.,4330.0,Terminación y acabado de edificios y obras de ingeniería civil.,Activo,,,,,,J,Cieloraso Dry Wall (Inc Dilatacion),311.0,Actividades Obra,C,Subcontratos,m2,metro cuadrado,ACTIVO,NO,0.0,NO,NO,0.0,0.0,31226.9,19.0,37160.011,888.0,14001,PDA,Cielo raso Drywall Pareada PDA  Barú,0.0,0.0,0,,m2,0,SI,SI,NO,NO,SI,NO,
337,PDA LOCATIVAS,10 OBRAS EJECUCION DE GARANTIAS,ADPRO,En ejecucion,SI,SIN PROPIETARIO,337,PDA LOCATIVAS,25.0,PDA GENERALES NO ASIGNADOS,5032010,PDA GG NO ASIGNADOS,NO,Principal,GRUPOS,3370146,PUERTA VENTANA Y DIVISION BAÑO - LOCATIVAS JERICO,Actas de Obra Quincenales,2016-10-04,RENE ALEJANDRO MELO JIMENEZ,04/10/2016,08/12/2016,1.0,1.0,592000.0,94720.0,686720.0,1732000.0,2009120.0,1,686720.0,686720.0,Abierto,H1,Orden de T/S - 4,CARDOVIDRIOS LIMITADA,830097891,,cardovidriosltda@gmail.com,CL 74 B  120 B  19,3133938532,A,60,BOGOTÁ D.C.,4330.0,Terminación y acabado de edificios y obras de ingeniería civil.,Activo,,,,,,J,Ventaneria Locativas,384.0,Locativas,C,Subcontratos,Un,unidad,ACTIVO,NO,0.0,NO,NO,0.0,0.0,8620.69,19.0,10258.6211,4731.0,9025,PDA LOCATIVAS JERICO,Ventaneria Pareada,0.0,0.0,0,,und,0,SI,SI,NO,NO,SI,NO,
337,PDA LOCATIVAS,10 OBRAS EJECUCION DE GARANTIAS,ADPRO,En ejecucion,SI,SIN PROPIETARIO,337,PDA LOCATIVAS,25.0,PDA GENERALES NO ASIGNADOS,5032010,PDA GG NO ASIGNADOS,NO,Principal,GRUPOS,3370146,PUERTA VENTANA Y DIVISION BAÑO - LOCATIVAS JERICO,Actas de Obra Quincenales,2016-10-04,RENE ALEJANDRO MELO JIMENEZ,04/10/2016,08/12/2016,3.0,3.0,380000.0,60800.0,1322400.0,1732000.0,2009120.0,2,440800.0,440800.0,Abierto,H1,Orden de T/S - 4,CARDOVIDRIOS LIMITADA,830097891,,cardovidriosltda@gmail.com,CL 74 B  120 B  19,3133938532,A,60,BOGOTÁ D.C.,4330.0,Terminación y acabado de edificios y obras de ingeniería civil.,Activo,,,,,,J,Ventaneria Locativas,384.0,Locativas,C,Subcontratos,Un,unidad,ACTIVO,NO,0.0,NO,NO,0.0,0.0,8620.69,19.0,10258.6211,4731.0,9025,PDA LOCATIVAS JERICO,Ventaneria Pareada,0.0,0.0,0,,und,0,SI,SI,NO,NO,SI,NO,
337,PDA LOCATIVAS,10 OBRAS EJECUCION DE GARANTIAS,ADPRO,En ejecucion,SI,SIN PROPIETARIO,337,PDA LOCATIVAS,25.0,PDA GENERALES NO ASIGNADOS,5032010,PDA GG NO ASIGNADOS,NO,Principal,GRUPOS,3370121,ADICIONALES PUERTAS METALICAS BARU,Actas de Obra Quincenales,2016-04-06,RENE ALEJANDRO MELO JIMENEZ,11/04/2016,30/05/2016,1.0,1.0,400111.8534,64017.89654,464129.74994,1720171.5516,1995398.99989,4,464129.749944,464129.75,Abierto,C1,Suministro Instalacion,SOSAMET S A S,900111135,,sosamet@gmail.com,CL 158  110  45,6533570,A,1,BOGOTÁ D.C.,2511.0,Fabricación de productos metálicos para uso estructural.,Activo,,,,,,J,Puerta Metalica Persiana Vent 0.90x2.40m,316.0,Carpinteria Metalica,C,Subcontratos,Un,unidad,ACTIVO,NO,0.0,NO,NO,0.0,0.0,253189.66,19.0,301295.6954,2295.0,17001,LOCATIVAS BARU,Puerta metalica,0.0,0.0,0,,Un,0,SI,SI,NO,NO,SI,NO,
337,PDA LOCATIVAS,10 OBRAS EJECUCION DE GARANTIAS,ADPRO,En ejecucion,SI,SIN PROPIETARIO,337,PDA LOCATIVAS,25.0,PDA GENERALES NO ASIGNADOS,5032010,PDA GG NO ASIGNADOS,NO,Principal,GRUPOS,3370121,ADICIONALES PUERTAS METALICAS BARU,Actas de Obra Quincenales,2016-04-06,RENE ALEJANDRO MELO JIMENEZ,11/04/2016,30/05/2016,1.0,1.0,463120.4741,74099.2759,537219.75,1720171.5516,1995398.99989,2,537219.75,537219.75,Abierto,C1,Suministro Instalacion,SOSAMET S A S,900111135,,sosamet@gmail.com,CL 158  110  45,6533570,A,1,BOGOTÁ D.C.,2511.0,Fabricación de productos metálicos para uso estructural.,Activo,,,,,,J,Puerta Metalica Persiana Vent 0.90x2.40m,316.0,Carpinteria Metalica,C,Subcontratos,Un,unidad,ACTIVO,NO,0.0,NO,NO,0.0,0.0,253189.66,19.0,301295.6954,2295.0,17001,LOCATIVAS BARU,Puerta metalica,0.0,0.0,0,,Un,0,SI,SI,NO,NO,SI,NO,
337,PDA LOCATIVAS,10 OBRAS EJECUCION DE GARANTIAS,ADPRO,En ejecucion,SI,SIN PROPIETARIO,337,PDA LOCATIVAS,25.0,PDA GENERALES NO ASIGNADOS,5032010,PDA GG NO ASIGNADOS,NO,Principal,GRUPOS,3370121,ADICIONALES PUERTAS METALICAS BARU,Actas de Obra Quincenales,2016-04-06,RENE ALEJANDRO MELO JIMENEZ,11/04/2016,30/05/2016,1.0,1.0,400111.8534,64017.89654,464129.74994,1720171.5516,1995398.99989,3,464129.749944,464129.75,Abierto,C1,Suministro Instalacion,SOSAMET S A S,900111135,,sosamet@gmail.com,CL 158  110  45,6533570,A,1,BOGOTÁ D.C.,2511.0,Fabricación de productos metálicos para uso estructural.,Activo,,,,,,J,Puerta Metalica Persiana Vent 0.90x2.40m,316.0,Carpinteria Metalica,C,Subcontratos,Un,unidad,ACTIVO,NO,0.0,NO,NO,0.0,0.0,253189.66,19.0,301295.6954,2295.0,17001,LOCATIVAS BARU,Puerta metalica,0.0,0.0,0,,Un,0,SI,SI,NO,NO,SI,NO,
337,PDA LOCATIVAS,10 OBRAS EJECUCION DE GARANTIAS,ADPRO,En ejecucion,SI,SIN PROPIETARIO,337,PDA LOCATIVAS,25.0,PDA GENERALES NO ASIGNADOS,5032010,PDA GG NO ASIGNADOS,NO,Principal,GRUPOS,3370121,ADICIONALES PUERTAS METALICAS BARU,Actas de Obra Quincenales,2016-04-06,RENE ALEJANDRO MELO JIMENEZ,11/04/2016,30/05/2016,1.0,1.0,456827.3707,73092.37931,529919.75001,1720171.5516,1995398.99989,1,529919.750012,529919.75,Abierto,C1,Suministro Instalacion,SOSAMET S A S,900111135,,sosamet@gmail.com,CL 158  110  45,6533570,A,1,BOGOTÁ D.C.,2511.0,Fabricación de productos metálicos para uso estructural.,Activo,,,,,,J,Puerta Metalica Persiana Vent 0.90x2.40m,316.0,Carpinteria Metalica,C,Subcontratos,Un,unidad,ACTIVO,NO,0.0,NO,NO,0.0,0.0,253189.66,19.0,301295.6954,2295.0,17001,LOCATIVAS BARU,Puerta metalica,0.0,0.0,0,,Un,0,SI,SI,NO,NO,SI,NO,
133,PDA URBANISMO EXTERNO LOTE W2,03 URBANISMO EXTERNO,ADPRO,En ejecucion,SI,SIN PROPIETARIO,133,PDA URBANISMO EXTERNO LOTE W2,30.0,PDA URBANISMO EXTERNO,5031015,PDA URBANISMO,NO,Principal,GRUPOS,1330006,SUMINISTRO E INSTALACION TOTEM LAMINA METALICA EN ACCESO A OBRA,Actas de Obra Quincenales,2016-11-18,RENE ALEJANDRO MELO JIMENEZ,18/11/2016,28/02/2017,1.0,1.0,5701719.8276,1083326.76724,6785046.5948,5701719.8276,6785046.5948,1,6785046.5948,6785046.5948,Abierto,H1,Orden de T/S - 4,ARKETIPO IMAGEN CORPORATIVA LTDA,832001179,,ARKETIPOIC@GMAIL.COM,CL 129  56 B  23,9279133,A,30,BOGOTÁ D.C.,3290.0,Otras industrias manufactureras n.c.p.,Activo,,,,,,J,Totem Publicitario,342.0,Dotacion Exteriores Conjunto,C,Subcontratos,Un,unidad,ACTIVO,NO,3.0,NO,NO,0.0,0.0,957000.0,19.0,1138830.0,8195.0,15035,URBANISMO EXTERNO KATIOS,Dotación Totem Acceso,0.0,0.0,0,,Un,0,SI,SI,NO,NO,SI,NO,
419,PDA CLUB HOUSE,08 EDIFICACIONES Y DOTACION COMUN,ADPRO,En ejecucion,SI,SIN PROPIETARIO,419,PDA CLUB HOUSE,40.0,PDA EDIFICIOS Y DOTACION COMUNAL,5031015,PDA URBANISMO,NO,Principal,GRUPOS,4190016,"FABRICACION, SUMINISTRO E INSTALACION CARPINTERIA METALICA.",Actas de Obra Quincenales,2016-08-29,RENE ALEJANDRO MELO JIMENEZ,01/09/2016,31/12/2016,1.0,1.0,508000.0,96520.0,604520.0,5437840.0,6471029.6,4,604520.0,604520.0,Abierto,H1,Orden de T/S - 4,SOSAMET S A S,900111135,,sosamet@gmail.com,CL 158  110  45,6533570,A,1,BOGOTÁ D.C.,2511.0,Fabricación de productos metálicos para uso estructural.,Activo,,,,,,J,Ventana Persiana,316.0,Carpinteria Metalica,M,Materiales,Un,unidad,ACTIVO,NO,3.0,NO,NO,0.0,0.0,380000.0,19.0,452200.0,8234.0,15004,PDA CLUB HOUSE,Ventana Persiana y Rejillas Metalicas,0.0,0.0,0,,Un,0,SI,SI,NO,NO,SI,NO,
419,PDA CLUB HOUSE,08 EDIFICACIONES Y DOTACION COMUN,ADPRO,En ejecucion,SI,SIN PROPIETARIO,419,PDA CLUB HOUSE,40.0,PDA EDIFICIOS Y DOTACION COMUNAL,5031015,PDA URBANISMO,NO,Principal,GRUPOS,4190008,"INSTALACION EQUIPOS PARA PISCINA, SAUNA, TURCO Y SISTEMA DE CALEFACCION",Actas de Obra Quincenales,2016-01-15,RENE ALEJANDRO MELO JIMENEZ,25/01/2016,30/06/2017,2.0,2.0,387931.0345,73706.89656,923275.8622,72757741.3795,86581712.24155,17,461637.9311,461637.9311,Abierto,C4,Instalacion,AQUACTIVA S.A.S.,900349384,,contabilidad@aquactiva.com.co,CL 127 B BIS  46  45,8132253,A,30,BOGOTÁ D.C.,4290.0,Construcción de otras obras de ingeniería civil.,Activo,,,,,,J,Transporte Contenedor 20 pies,311.0,Actividades Obra,T,Transporte,Un,unidad,ACTIVO,NO,0.0,NO,NO,0.0,0.0,519827.59,19.0,618594.8321,3021.0,23013,PDA CLUB HOUSE,Contenedor y Residente SISO,0.0,0.0,0,,gl,0,SI,SI,NO,NO,SI,NO,
419,PDA CLUB HOUSE,08 EDIFICACIONES Y DOTACION COMUN,ADPRO,En ejecucion,SI,SIN PROPIETARIO,419,PDA CLUB HOUSE,40.0,PDA EDIFICIOS Y DOTACION COMUNAL,5031015,PDA URBANISMO,NO,Principal,GRUPOS,4190016,"FABRICACION, SUMINISTRO E INSTALACION CARPINTERIA METALICA.",Actas de Obra Quincenales,2016-08-29,RENE ALEJANDRO MELO JIMENEZ,01/09/2016,31/12/2016,1.0,1.0,2910600.0,553014.0,3463614.0,5437840.0,6471029.6,5,3463614.0,3463614.0,Abierto,H1,Orden de T/S - 4,SOSAMET S A S,900111135,,sosamet@gmail.com,CL 158  110  45,6533570,A,1,BOGOTÁ D.C.,2511.0,Fabricación de productos metálicos para uso estructural.,Activo,,,,,,J,Puerta Metalica 2.20 x 3.15m,316.0,Carpinteria Metalica,M,Materiales,Un,unidad,ACTIVO,NO,3.0,NO,NO,0.0,0.0,1780000.0,19.0,2118200.0,8231.0,15004,PDA CLUB HOUSE,Ventana Persiana y Rejillas Metalicas,0.0,0.0,0,,Un,0,SI,SI,NO,NO,SI,NO,
419,PDA CLUB HOUSE,08 EDIFICACIONES Y DOTACION COMUN,ADPRO,En ejecucion,SI,SIN PROPIETARIO,419,PDA CLUB HOUSE,40.0,PDA EDIFICIOS Y DOTACION COMUNAL,5031015,PDA URBANISMO,NO,Principal,GRUPOS,4190008,"INSTALACION EQUIPOS PARA PISCINA, SAUNA, TURCO Y SISTEMA DE CALEFACCION",Actas de Obra Quincenales,2016-01-15,RENE ALEJANDRO MELO JIMENEZ,25/01/2016,30/06/2017,1.0,1.0,144827.5862,27517.24138,172344.8276,72757741.3795,86581712.24155,6,172344.8276,172344.8276,Abierto,C4,Instalacion,AQUACTIVA S.A.S.,900349384,,contabilidad@aquactiva.com.co,CL 127 B BIS  46  45,8132253,A,30,BOGOTÁ D.C.,4290.0,Construcción de otras obras de ingeniería civil.,Activo,,,,,,J,Gancho Salvavidas,322.0,Equipos Dotación,C,Subcontratos,Un,unidad,ACTIVO,NO,3.0,NO,NO,0.0,0.0,60000.0,19.0,71400.0,6492.0,23012,PDA CLUB HOUSE,Equipos de aseo y elementos de Seguridad piscina,0.0,0.0,0,,Un,0,SI,SI,NO,NO,SI,NO,
419,PDA CLUB HOUSE,08 EDIFICACIONES Y DOTACION COMUN,ADPRO,En ejecucion,SI,SIN PROPIETARIO,419,PDA CLUB HOUSE,40.0,PDA EDIFICIOS Y DOTACION COMUNAL,5031015,PDA URBANISMO,NO,Principal,GRUPOS,4190008,"INSTALACION EQUIPOS PARA PISCINA, SAUNA, TURCO Y SISTEMA DE CALEFACCION",Actas de Obra Quincenales,2016-01-15,RENE ALEJANDRO MELO JIMENEZ,25/01/2016,30/06/2017,2.0,2.0,430500.0,81795.0,1024590.0,72757741.3795,86581712.24155,10,512295.0,512295.0,Abierto,C4,Instalacion,AQUACTIVA S.A.S.,900349384,,contabilidad@aquactiva.com.co,CL 127 B BIS  46  45,8132253,A,30,BOGOTÁ D.C.,4290.0,Construcción de otras obras de ingeniería civil.,Activo,,,,,,J,Cerradura Digital con Lector de Huella,317.0,Cerraduras Vidrios,M,Materiales,Un,unidad,ACTIVO,NO,3.0,NO,NO,0.0,0.0,1439655.17,19.0,1713189.6523,5689.0,23012,PDA CLUB HOUSE,Equipos de aseo y elementos de Seguridad piscina,0.0,0.0,0,,Un,0,SI,SI,NO,NO,SI,NO,
419,PDA CLUB HOUSE,08 EDIFICACIONES Y DOTACION COMUN,ADPRO,En ejecucion,SI,SIN PROPIETARIO,419,PDA CLUB HOUSE,40.0,PDA EDIFICIOS Y DOTACION COMUNAL,5031015,PDA URBANISMO,NO,Principal,GRUPOS,4190008,"INSTALACION EQUIPOS PARA PISCINA, SAUNA, TURCO Y SISTEMA DE CALEFACCION",Actas de Obra Quincenales,2016-01-15,RENE ALEJANDRO MELO JIMENEZ,25/01/2016,30/06/2017,2.0,2.0,150000.0,28500.0,357000.0,72757741.3795,86581712.24155,7,178500.0,178500.0,Abierto,C4,Instalacion,AQUACTIVA S.A.S.,900349384,,contabilidad@aquactiva.com.co,CL 127 B BIS  46  45,8132253,A,30,BOGOTÁ D.C.,4290.0,Construcción de otras obras de ingeniería civil.,Activo,,,,,,J,Flotador,332.0,Internas Electricas y Comunicaciones,M,Materiales,Un,unidad,ACTIVO,NO,3.0,NO,NO,0.0,0.0,34034.48,19.0,40501.0312,6037.0,23012,PDA CLUB HOUSE,Equipos de aseo y elementos de Seguridad piscina,0.0,0.0,0,,Un,0,SI,SI,NO,NO,SI,NO,
419,PDA CLUB HOUSE,08 EDIFICACIONES Y DOTACION COMUN,ADPRO,En ejecucion,SI,SIN PROPIETARIO,419,PDA CLUB HOUSE,40.0,PDA EDIFICIOS Y DOTACION COMUNAL,5031015,PDA URBANISMO,NO,Principal,GRUPOS,4190008,"INSTALACION EQUIPOS PARA PISCINA, SAUNA, TURCO Y SISTEMA DE CALEFACCION",Actas de Obra Quincenales,2016-01-15,RENE ALEJANDRO MELO JIMENEZ,25/01/2016,30/06/2017,12.0,12.0,85000.0,16150.0,1213800.0,72757741.3795,86581712.24155,8,101150.0,101150.0,Abierto,C4,Instalacion,AQUACTIVA S.A.S.,900349384,,contabilidad@aquactiva.com.co,CL 127 B BIS  46  45,8132253,A,30,BOGOTÁ D.C.,4290.0,Construcción de otras obras de ingeniería civil.,Activo,,,,,,J,Señales Areas Comunes,386.0,Nomenclatura y Señalizacion,C,Subcontratos,Un,unidad,ACTIVO,NO,3.0,NO,NO,0.0,0.0,49711.0,19.0,59156.09,6572.0,23012,PDA CLUB HOUSE,Equipos de aseo y elementos de Seguridad piscina,0.0,0.0,0,,Un,0,SI,SI,NO,NO,SI,NO,
419,PDA CLUB HOUSE,08 EDIFICACIONES Y DOTACION COMUN,ADPRO,En ejecucion,SI,SIN PROPIETARIO,419,PDA CLUB HOUSE,40.0,PDA EDIFICIOS Y DOTACION COMUNAL,5031015,PDA URBANISMO,NO,Principal,GRUPOS,4190008,"INSTALACION EQUIPOS PARA PISCINA, SAUNA, TURCO Y SISTEMA DE CALEFACCION",Actas de Obra Quincenales,2016-01-15,RENE ALEJANDRO MELO JIMENEZ,25/01/2016,30/06/2017,2.0,2.0,360000.0,68400.0,856800.0,72757741.3795,86581712.24155,9,428400.0,428400.0,Abierto,C4,Instalacion,AQUACTIVA S.A.S.,900349384,,contabilidad@aquactiva.com.co,CL 127 B BIS  46  45,8132253,A,30,BOGOTÁ D.C.,4290.0,Construcción de otras obras de ingeniería civil.,Activo,,,,,,J,Señales Areas Comunes,386.0,Nomenclatura y Señalizacion,C,Subcontratos,Un,unidad,ACTIVO,NO,3.0,NO,NO,0.0,0.0,49711.0,19.0,59156.09,6572.0,23012,PDA CLUB HOUSE,Equipos de aseo y elementos de Seguridad piscina,0.0,0.0,0,,Un,0,SI,SI,NO,NO,SI,NO,
419,PDA CLUB HOUSE,08 EDIFICACIONES Y DOTACION COMUN,ADPRO,En ejecucion,SI,SIN PROPIETARIO,419,PDA CLUB HOUSE,40.0,PDA EDIFICIOS Y DOTACION COMUNAL,5031015,PDA URBANISMO,NO,Principal,GRUPOS,4190008,"INSTALACION EQUIPOS PARA PISCINA, SAUNA, TURCO Y SISTEMA DE CALEFACCION",Actas de Obra Quincenales,2016-01-15,RENE ALEJANDRO MELO JIMENEZ,25/01/2016,30/06/2017,2.0,2.0,3330000.0,632700.0,7925400.0,72757741.3795,86581712.24155,11,3962700.0,3962700.0,Abierto,C4,Instalacion,AQUACTIVA S.A.S.,900349384,,contabilidad@aquactiva.com.co,CL 127 B BIS  46  45,8132253,A,30,BOGOTÁ D.C.,4290.0,Construcción de otras obras de ingeniería civil.,Activo,,,,,,J,Sirena Alarma,323.0,Ferreteria Herramientas,M,Materiales,Un,unidad,ACTIVO,NO,3.0,NO,NO,0.0,0.0,40000.0,19.0,47600.0,6263.0,23012,PDA CLUB HOUSE,Equipos de aseo y elementos de Seguridad piscina,0.0,0.0,0,,Un,0,SI,SI,NO,NO,SI,NO,
419,PDA CLUB HOUSE,08 EDIFICACIONES Y DOTACION COMUN,ADPRO,En ejecucion,SI,SIN PROPIETARIO,419,PDA CLUB HOUSE,40.0,PDA EDIFICIOS Y DOTACION COMUNAL,5031015,PDA URBANISMO,NO,Principal,GRUPOS,4190008,"INSTALACION EQUIPOS PARA PISCINA, SAUNA, TURCO Y SISTEMA DE CALEFACCION",Actas de Obra Quincenales,2016-01-15,RENE ALEJANDRO MELO JIMENEZ,25/01/2016,30/06/2017,1.0,1.0,480000.0,91200.0,571200.0,72757741.3795,86581712.24155,5,571200.0,571200.0,Abierto,C4,Instalacion,AQUACTIVA S.A.S.,900349384,,contabilidad@aquactiva.com.co,CL 127 B BIS  46  45,8132253,A,30,BOGOTÁ D.C.,4290.0,Construcción de otras obras de ingeniería civil.,Activo,,,,,,J,Camilla Plastica de Rescate,323.0,Ferreteria Herramientas,M,Materiales,Un,unidad,ACTIVO,NO,3.0,NO,NO,0.0,0.0,150000.0,19.0,178500.0,7665.0,23012,PDA CLUB HOUSE,Equipos de aseo y elementos de Seguridad piscina,0.0,0.0,0,,Un,0,SI,SI,NO,NO,SI,NO,
419,PDA CLUB HOUSE,08 EDIFICACIONES Y DOTACION COMUN,ADPRO,En ejecucion,SI,SIN PROPIETARIO,419,PDA CLUB HOUSE,40.0,PDA EDIFICIOS Y DOTACION COMUNAL,5031015,PDA URBANISMO,NO,Principal,GRUPOS,4190008,"INSTALACION EQUIPOS PARA PISCINA, SAUNA, TURCO Y SISTEMA DE CALEFACCION",Actas de Obra Quincenales,2016-01-15,RENE ALEJANDRO MELO JIMENEZ,25/01/2016,30/06/2017,1.0,1.0,760000.0,144400.0,904400.0,72757741.3795,86581712.24155,12,904400.0,904400.0,Abierto,C4,Instalacion,AQUACTIVA S.A.S.,900349384,,contabilidad@aquactiva.com.co,CL 127 B BIS  46  45,8132253,A,30,BOGOTÁ D.C.,4290.0,Construcción de otras obras de ingeniería civil.,Activo,,,,,,J,Oxigeno,323.0,Ferreteria Herramientas,M,Materiales,Un,unidad,ACTIVO,NO,0.0,NO,NO,0.0,0.0,426724.14,19.0,507801.7266,2080.0,23012,PDA CLUB HOUSE,Equipos de aseo y elementos de Seguridad piscina,0.0,0.0,0,,Un,0,SI,SI,NO,NO,SI,NO,
419,PDA CLUB HOUSE,08 EDIFICACIONES Y DOTACION COMUN,ADPRO,En ejecucion,SI,SIN PROPIETARIO,419,PDA CLUB HOUSE,40.0,PDA EDIFICIOS Y DOTACION COMUNAL,5031015,PDA URBANISMO,NO,Principal,GRUPOS,4190008,"INSTALACION EQUIPOS PARA PISCINA, SAUNA, TURCO Y SISTEMA DE CALEFACCION",Actas de Obra Quincenales,2016-01-15,RENE ALEJANDRO MELO JIMENEZ,25/01/2016,30/06/2017,1.0,1.0,337500.0,64125.0,401625.0,72757741.3795,86581712.24155,4,401625.0,401625.0,Abierto,C4,Instalacion,AQUACTIVA S.A.S.,900349384,,contabilidad@aquactiva.com.co,CL 127 B BIS  46  45,8132253,A,30,BOGOTÁ D.C.,4290.0,Construcción de otras obras de ingeniería civil.,Activo,,,,,,J,Botiquin Primeros Auxilios Mediano,323.0,Ferreteria Herramientas,M,Materiales,Un,unidad,ACTIVO,NO,0.0,NO,NO,0.0,0.0,174568.97,19.0,207737.0743,477.0,23012,PDA CLUB HOUSE,Equipos de aseo y elementos de Seguridad piscina,0.0,0.0,0,,Un,0,SI,SI,NO,NO,SI,NO,
337,PDA LOCATIVAS,10 OBRAS EJECUCION DE GARANTIAS,ADPRO,En ejecucion,SI,SIN PROPIETARIO,337,PDA LOCATIVAS,25.0,PDA GENERALES NO ASIGNADOS,5032010,PDA GG NO ASIGNADOS,NO,Principal,GRUPOS,3370143,"SUMINISTRO E INSTALACION VIDRIOS LOCATIVAS VENTANERIA GALERAS, IGUAQUE, FARALLONES",Actas de Obra Quincenales,2016-09-05,RENE ALEJANDRO MELO JIMENEZ,11/09/2016,20/02/2017,2.0,2.0,297928.0,56606.32,709068.64,3035472.0434,3612211.7317,7,354534.32,354534.32,Abierto,H1,Orden de T/S - 4,PRONTOALUM HNS SAS,900549349,,prontoalumhermanos@gmail.com,CL 55 A SUR 33  82,6948879,A,30,BOGOTÁ D.C.,4111.0,Construcción de edificios residenciales.,Activo,,,,,,J,Ventaneria Locativas,384.0,Locativas,C,Subcontratos,Un,unidad,ACTIVO,NO,0.0,NO,NO,0.0,0.0,8620.69,19.0,10258.6211,4731.0,9024,FIC JERICO,FIC Jerico,0.0,0.0,0,,gl,0,SI,SI,NO,NO,SI,NO,
337,PDA LOCATIVAS,10 OBRAS EJECUCION DE GARANTIAS,ADPRO,En ejecucion,SI,SIN PROPIETARIO,337,PDA LOCATIVAS,25.0,PDA GENERALES NO ASIGNADOS,5032010,PDA GG NO ASIGNADOS,NO,Principal,GRUPOS,3370143,"SUMINISTRO E INSTALACION VIDRIOS LOCATIVAS VENTANERIA GALERAS, IGUAQUE, FARALLONES",Actas de Obra Quincenales,2016-09-05,RENE ALEJANDRO MELO JIMENEZ,11/09/2016,20/02/2017,1.0,1.0,64640.4569,12281.68681,76922.1437,3035472.0434,3612211.7317,5,76922.1437,76922.1437,Abierto,H1,Orden de T/S - 4,PRONTOALUM HNS SAS,900549349,,prontoalumhermanos@gmail.com,CL 55 A SUR 33  82,6948879,A,30,BOGOTÁ D.C.,4111.0,Construcción de edificios residenciales.,Activo,,,,,,J,Ventaneria Locativas,384.0,Locativas,C,Subcontratos,Un,unidad,ACTIVO,NO,0.0,NO,NO,0.0,0.0,8620.69,19.0,10258.6211,4731.0,9024,FIC JERICO,FIC Jerico,0.0,0.0,0,,gl,0,SI,SI,NO,NO,SI,NO,
337,PDA LOCATIVAS,10 OBRAS EJECUCION DE GARANTIAS,ADPRO,En ejecucion,SI,SIN PROPIETARIO,337,PDA LOCATIVAS,25.0,PDA GENERALES NO ASIGNADOS,5032010,PDA GG NO ASIGNADOS,NO,Principal,GRUPOS,3370143,"SUMINISTRO E INSTALACION VIDRIOS LOCATIVAS VENTANERIA GALERAS, IGUAQUE, FARALLONES",Actas de Obra Quincenales,2016-09-05,RENE ALEJANDRO MELO JIMENEZ,11/09/2016,20/02/2017,2.0,2.0,48000.0,9120.0,114240.0,3035472.0434,3612211.7317,6,57120.0,57120.0,Abierto,H1,Orden de T/S - 4,PRONTOALUM HNS SAS,900549349,,prontoalumhermanos@gmail.com,CL 55 A SUR 33  82,6948879,A,30,BOGOTÁ D.C.,4111.0,Construcción de edificios residenciales.,Activo,,,,,,J,Ventaneria Locativas,384.0,Locativas,C,Subcontratos,Un,unidad,ACTIVO,NO,0.0,NO,NO,0.0,0.0,8620.69,19.0,10258.6211,4731.0,9024,FIC JERICO,FIC Jerico,0.0,0.0,0,,gl,0,SI,SI,NO,NO,SI,NO,
93,PDA INFRAESTRUCTURA,02 OBRAS URBANAS,ADPRO,En ejecucion,SI,SIN PROPIETARIO,93,PDA INFRAESTRUCTURA,37.0,PDA INFRAESTRUCTURA,5031015,PDA URBANISMO,NO,Principal,GRUPOS,930114,REUBICACION TUBERIA LINEAS DE IMPULSION PARA BOMBA DE ACHIQUE,Actas de Obra Quincenales,2016-09-02,RENE ALEJANDRO MELO JIMENEZ,05/09/2016,15/10/2016,3.0,3.0,6000000.0,960000.0,20880000.0,30360614.8014,35218313.1696,2,6960000.0,6960000.0,Abierto,B3,Civil Todo Costo,ELECTRO HIDRAULICA S.A REPRESENTACIONES,860513276,,info@electrohidraulica.com.co,CR 40 24A 35,3680055,P,0,BOGOTÁ D.C.,4290.0,Construcción de otras obras de ingeniería civil.,Activo,,,,,,J,"Codo Hierro Fundido de 24"" x 90°",334.0,Internas Hidrosanitarias,M,Materiales,Un,unidad,ACTIVO,NO,3.0,NO,NO,0.0,0.0,6000000.0,19.0,7140000.0,8266.0,1023,ESTACION DE BOMBEO,ESTACION DE BOMBEO Acabados FIC JERICO,0.0,0.0,0,,Sg,0,SI,SI,NO,NO,SI,NO,
93,PDA INFRAESTRUCTURA,02 OBRAS URBANAS,ADPRO,En ejecucion,SI,SIN PROPIETARIO,93,PDA INFRAESTRUCTURA,37.0,PDA INFRAESTRUCTURA,5031015,PDA URBANISMO,NO,Principal,GRUPOS,930114,REUBICACION TUBERIA LINEAS DE IMPULSION PARA BOMBA DE ACHIQUE,Actas de Obra Quincenales,2016-09-02,RENE ALEJANDRO MELO JIMENEZ,05/09/2016,15/10/2016,1.0,1.0,384615.0,61538.4,446153.4,30360614.8014,35218313.1696,3,446153.4,446153.4,Abierto,B3,Civil Todo Costo,ELECTRO HIDRAULICA S.A REPRESENTACIONES,860513276,,info@electrohidraulica.com.co,CR 40 24A 35,3680055,P,0,BOGOTÁ D.C.,4290.0,Construcción de otras obras de ingeniería civil.,Activo,,,,,,J,"Codo Hierro Fundido de 10"" x 90°",334.0,Internas Hidrosanitarias,M,Materiales,Un,unidad,ACTIVO,NO,3.0,NO,NO,0.0,0.0,384615.0,19.0,457691.85,8267.0,1023,ESTACION DE BOMBEO,ESTACION DE BOMBEO Acabados FIC JERICO,0.0,0.0,0,,Sg,0,SI,SI,NO,NO,SI,NO,
93,PDA INFRAESTRUCTURA,02 OBRAS URBANAS,ADPRO,En ejecucion,SI,SIN PROPIETARIO,93,PDA INFRAESTRUCTURA,37.0,PDA INFRAESTRUCTURA,5031015,PDA URBANISMO,NO,Principal,GRUPOS,930114,REUBICACION TUBERIA LINEAS DE IMPULSION PARA BOMBA DE ACHIQUE,Actas de Obra Quincenales,2016-09-02,RENE ALEJANDRO MELO JIMENEZ,05/09/2016,15/10/2016,43.18,43.18,277350.6207,44376.09931,13892159.7696,30360614.8014,35218313.1696,1,321726.72,321726.72,Abierto,B3,Civil Todo Costo,ELECTRO HIDRAULICA S.A REPRESENTACIONES,860513276,,info@electrohidraulica.com.co,CR 40 24A 35,3680055,P,0,BOGOTÁ D.C.,4290.0,Construcción de otras obras de ingeniería civil.,Activo,,,,,,J,"Instalacion Tuberia  Hierro Fundido 10""",334.0,Internas Hidrosanitarias,M,Materiales,m,metro,ACTIVO,NO,3.0,NO,NO,0.0,0.0,277350.62,19.0,330047.2378,8268.0,1023,ESTACION DE BOMBEO,ESTACION DE BOMBEO Acabados FIC JERICO,0.0,0.0,0,,Sg,0,SI,SI,NO,NO,SI,NO,
337,PDA LOCATIVAS,10 OBRAS EJECUCION DE GARANTIAS,ADPRO,En ejecucion,SI,SIN PROPIETARIO,337,PDA LOCATIVAS,25.0,PDA GENERALES NO ASIGNADOS,5032010,PDA GG NO ASIGNADOS,NO,Principal,GRUPOS,3370122,RESTAURACION FACHADAS CASAS FARALLONES,Actas de Obra Quincenales,2016-04-07,RENE ALEJANDRO MELO JIMENEZ,11/04/2016,30/12/2016,2972.43,2972.43,9943.1818,56.81818,29724300.0,49262798.2955,49544300.0,1,10000.0,10000.0,Abierto,B,Civil Mano de Obra,PROLIMZA PROFESIONALES EN ASEO PINTURA Y MANTENIMIENTO DE FACHADAS SAS,900509001,,gerencia@prolimza.com.co,CL 77  81  47,7042815,A,0,BOGOTÁ D.C.,4330.0,Terminación y acabado de edificios y obras de ingeniería civil.,Activo,,,,,,J,Restauracion Muros de Fachada,311.0,Actividades Obra,C,Subcontratos,m2,metro cuadrado,ACTIVO,NO,3.0,NO,NO,0.0,0.0,9310.34,19.0,11079.3046,7111.0,16009,PDA LOCATIVAS FARALLONES,Restauración de Fachadas y ventanería casas TH-E Farallones,0.0,0.0,0,,UD,0,SI,SI,NO,NO,SI,NO,
337,PDA LOCATIVAS,10 OBRAS EJECUCION DE GARANTIAS,ADPRO,En ejecucion,SI,SIN PROPIETARIO,337,PDA LOCATIVAS,25.0,PDA GENERALES NO ASIGNADOS,5032010,PDA GG NO ASIGNADOS,NO,Principal,GRUPOS,3370122,RESTAURACION FACHADAS CASAS FARALLONES,Actas de Obra Quincenales,2016-04-07,RENE ALEJANDRO MELO JIMENEZ,11/04/2016,30/12/2016,1982.0,1982.0,9943.1818,56.81818,19820000.0,49262798.2955,49544300.0,2,10000.0,10000.0,Abierto,B,Civil Mano de Obra,PROLIMZA PROFESIONALES EN ASEO PINTURA Y MANTENIMIENTO DE FACHADAS SAS,900509001,,gerencia@prolimza.com.co,CL 77  81  47,7042815,A,0,BOGOTÁ D.C.,4330.0,Terminación y acabado de edificios y obras de ingeniería civil.,Activo,,,,,,J,Restauracion Muros de Fachada,311.0,Actividades Obra,C,Subcontratos,m2,metro cuadrado,ACTIVO,NO,3.0,NO,NO,0.0,0.0,9310.34,19.0,11079.3046,7111.0,16010,PDA LOCATIVAS FARALLONES,Restauración de Fachadas y ventanería casas TH-M Farallones,0.0,0.0,0,,UD,0,SI,SI,NO,NO,SI,NO,
93,PDA INFRAESTRUCTURA,02 OBRAS URBANAS,ADPRO,En ejecucion,SI,SIN PROPIETARIO,93,PDA INFRAESTRUCTURA,37.0,PDA INFRAESTRUCTURA,5031015,PDA URBANISMO,NO,Principal,GRUPOS,930117,SUMINISTRO E INSTALACION PLANTA ELECTRICA 600 KVA,Actas de Obra Quincenales,2016-10-03,RENE ALEJANDRO MELO JIMENEZ,03/10/2016,30/12/2016,1.0,1.0,564603.0,107274.57,671877.57,93480947.0,111242326.93,5,671877.57,671877.57,Abierto,C1,Suministro Instalacion,"DIESELES Y ELECTROGENOS S.A.S, DIESELECTROS S.A.S.",860532188,,nidiatorres@dieselectros.com,CR 58 14 73,2606085,A,0,BOGOTÁ D.C.,2711.0,"Fabricación de motores, generadores y transformadores eléctricos.",Activo,,,,Bueno,,J,Ducto Metalico Circular,316.0,Carpinteria Metalica,C,Subcontratos,m,metro,ACTIVO,NO,3.0,NO,NO,0.0,0.0,210807.5,19.0,250860.925,8530.0,1027,SUBESTACIONES E,Suplencia y transferencia energia equipos de bombeo FIC JERICO,0.0,0.0,0,,Sg,0,SI,SI,NO,NO,SI,NO,
93,PDA INFRAESTRUCTURA,02 OBRAS URBANAS,ADPRO,En ejecucion,SI,SIN PROPIETARIO,93,PDA INFRAESTRUCTURA,37.0,PDA INFRAESTRUCTURA,5031015,PDA URBANISMO,NO,Principal,GRUPOS,930117,SUMINISTRO E INSTALACION PLANTA ELECTRICA 600 KVA,Actas de Obra Quincenales,2016-10-03,RENE ALEJANDRO MELO JIMENEZ,03/10/2016,30/12/2016,60.0,60.0,11000.0,2090.0,785400.0,93480947.0,111242326.93,7,13090.0,13090.0,Abierto,C1,Suministro Instalacion,"DIESELES Y ELECTROGENOS S.A.S, DIESELECTROS S.A.S.",860532188,,nidiatorres@dieselectros.com,CR 58 14 73,2606085,A,0,BOGOTÁ D.C.,2711.0,"Fabricación de motores, generadores y transformadores eléctricos.",Activo,,,,Bueno,,J,ACPM (Aceite Combustible Para Motor),312.0,Aditivos Quimicos Mantos Impermeabilizantes,M,Materiales,gal,galon,ACTIVO,NO,0.0,NO,NO,0.0,0.0,8318.97,19.0,9899.5743,118.0,1027,SUBESTACIONES E,Suplencia y transferencia energia equipos de bombeo FIC JERICO,0.0,0.0,0,,Sg,0,SI,SI,NO,NO,SI,NO,
93,PDA INFRAESTRUCTURA,02 OBRAS URBANAS,ADPRO,En ejecucion,SI,SIN PROPIETARIO,93,PDA INFRAESTRUCTURA,37.0,PDA INFRAESTRUCTURA,5031015,PDA URBANISMO,NO,Principal,GRUPOS,930117,SUMINISTRO E INSTALACION PLANTA ELECTRICA 600 KVA,Actas de Obra Quincenales,2016-10-03,RENE ALEJANDRO MELO JIMENEZ,03/10/2016,30/12/2016,1.0,1.0,62077485.0,11794722.15,73872207.15,93480947.0,111242326.93,1,73872207.15,73872207.15,Abierto,C1,Suministro Instalacion,"DIESELES Y ELECTROGENOS S.A.S, DIESELECTROS S.A.S.",860532188,,nidiatorres@dieselectros.com,CR 58 14 73,2606085,A,0,BOGOTÁ D.C.,2711.0,"Fabricación de motores, generadores y transformadores eléctricos.",Activo,,,,Bueno,,J,Planta Electrica 600 KVA,322.0,Equipos Dotación,M,Materiales,Un,unidad,ACTIVO,NO,3.0,NO,NO,0.0,0.0,267034482.76,19.0,317771034.4844,8345.0,1027,SUBESTACIONES E,Suplencia y transferencia energia equipos de bombeo FIC JERICO,0.0,0.0,0,,Sg,0,SI,SI,NO,NO,SI,NO,
93,PDA INFRAESTRUCTURA,02 OBRAS URBANAS,ADPRO,En ejecucion,SI,SIN PROPIETARIO,93,PDA INFRAESTRUCTURA,37.0,PDA INFRAESTRUCTURA,5031015,PDA URBANISMO,NO,Principal,GRUPOS,930117,SUMINISTRO E INSTALACION PLANTA ELECTRICA 600 KVA,Actas de Obra Quincenales,2016-10-03,RENE ALEJANDRO MELO JIMENEZ,03/10/2016,30/12/2016,1.0,1.0,12369859.0,2350273.21,14720132.21,93480947.0,111242326.93,2,14720132.21,14720132.21,Abierto,C1,Suministro Instalacion,"DIESELES Y ELECTROGENOS S.A.S, DIESELECTROS S.A.S.",860532188,,nidiatorres@dieselectros.com,CR 58 14 73,2606085,A,0,BOGOTÁ D.C.,2711.0,"Fabricación de motores, generadores y transformadores eléctricos.",Activo,,,,Bueno,,J,Transferencia Automatica,332.0,Internas Electricas y Comunicaciones,C,Subcontratos,Un,unidad,ACTIVO,NO,0.0,NO,NO,0.0,0.0,13965517.24,19.0,16618965.5156,3016.0,1027,SUBESTACIONES E,Suplencia y transferencia energia equipos de bombeo FIC JERICO,0.0,0.0,0,,Sg,0,SI,SI,NO,NO,SI,NO,
93,PDA INFRAESTRUCTURA,02 OBRAS URBANAS,ADPRO,En ejecucion,SI,SIN PROPIETARIO,93,PDA INFRAESTRUCTURA,37.0,PDA INFRAESTRUCTURA,5031015,PDA URBANISMO,NO,Principal,GRUPOS,930117,SUMINISTRO E INSTALACION PLANTA ELECTRICA 600 KVA,Actas de Obra Quincenales,2016-10-03,RENE ALEJANDRO MELO JIMENEZ,03/10/2016,30/12/2016,1.0,1.0,15999000.0,3039810.0,19038810.0,93480947.0,111242326.93,6,19038810.0,19038810.0,Abierto,C1,Suministro Instalacion,"DIESELES Y ELECTROGENOS S.A.S, DIESELECTROS S.A.S.",860532188,,nidiatorres@dieselectros.com,CR 58 14 73,2606085,A,0,BOGOTÁ D.C.,2711.0,"Fabricación de motores, generadores y transformadores eléctricos.",Activo,,,,Bueno,,J,Cabina Insonora para Planta Electrica,322.0,Equipos Dotación,C,Subcontratos,Un,unidad,ACTIVO,NO,3.0,NO,NO,0.0,0.0,13271186.21,19.0,15792711.5899,5170.0,1027,SUBESTACIONES E,Suplencia y transferencia energia equipos de bombeo FIC JERICO,0.0,0.0,0,,Sg,0,SI,SI,NO,NO,SI,NO,
93,PDA INFRAESTRUCTURA,02 OBRAS URBANAS,ADPRO,En ejecucion,SI,SIN PROPIETARIO,93,PDA INFRAESTRUCTURA,37.0,PDA INFRAESTRUCTURA,5031015,PDA URBANISMO,NO,Principal,GRUPOS,930117,SUMINISTRO E INSTALACION PLANTA ELECTRICA 600 KVA,Actas de Obra Quincenales,2016-10-03,RENE ALEJANDRO MELO JIMENEZ,03/10/2016,30/12/2016,1.0,1.0,310000.0,58900.0,368900.0,93480947.0,111242326.93,4,368900.0,368900.0,Abierto,C1,Suministro Instalacion,"DIESELES Y ELECTROGENOS S.A.S, DIESELECTROS S.A.S.",860532188,,nidiatorres@dieselectros.com,CR 58 14 73,2606085,A,0,BOGOTÁ D.C.,2711.0,"Fabricación de motores, generadores y transformadores eléctricos.",Activo,,,,Bueno,,J,Montaje de Cofre Control,332.0,Internas Electricas y Comunicaciones,C,Subcontratos,Un,unidad,ACTIVO,NO,3.0,NO,NO,0.0,0.0,116524.14,19.0,138663.7266,6812.0,1027,SUBESTACIONES E,Suplencia y transferencia energia equipos de bombeo FIC JERICO,0.0,0.0,0,,Sg,0,SI,SI,NO,NO,SI,NO,
419,PDA CLUB HOUSE,08 EDIFICACIONES Y DOTACION COMUN,ADPRO,En ejecucion,SI,SIN PROPIETARIO,419,PDA CLUB HOUSE,40.0,PDA EDIFICIOS Y DOTACION COMUNAL,5031015,PDA URBANISMO,NO,Principal,GRUPOS,4190008,"INSTALACION EQUIPOS PARA PISCINA, SAUNA, TURCO Y SISTEMA DE CALEFACCION",Actas de Obra Quincenales,2016-01-15,RENE ALEJANDRO MELO JIMENEZ,25/01/2016,30/06/2017,2.5,2.5,1508620.6897,286637.93104,4488146.55175,72757741.3795,86581712.24155,16,1795258.6207,1795258.6207,Abierto,C4,Instalacion,AQUACTIVA S.A.S.,900349384,,contabilidad@aquactiva.com.co,CL 127 B BIS  46  45,8132253,A,30,BOGOTÁ D.C.,4290.0,Construcción de otras obras de ingeniería civil.,Activo,,,,,,J,Contenedor Tipo Oficina 40 p. + Baño Movil,311.0,Actividades Obra,S,Servicios,mes,mes,ACTIVO,NO,3.0,NO,NO,0.0,0.0,925000.0,0.0,925000.0,7799.0,23013,PDA CLUB HOUSE,Contenedor y Residente SISO,0.0,0.0,0,,gl,0,SI,SI,NO,NO,SI,NO,
93,PDA INFRAESTRUCTURA,02 OBRAS URBANAS,ADPRO,En ejecucion,SI,SIN PROPIETARIO,93,PDA INFRAESTRUCTURA,37.0,PDA INFRAESTRUCTURA,5031015,PDA URBANISMO,NO,Principal,GRUPOS,930112,PAGO FIC CONTRATOS,ACTA DE OBRA,2016-06-07,RENE ALEJANDRO MELO JIMENEZ,07/06/2016,06/08/2016,1.0,1.0,762650.0,0.0,762650.0,762650.0,762650.0,1,762650.0,762650.0,Abierto,R,Pagos Sin Retenciones,SERVICIO NACIONAL DE APRENDIZAJE,899999034,,,CR 7  73  55,3139030,P,0,BOGOTÁ D.C.,,,Activo,,,,,,J,Aportes,999.0,Varios,S,Servicios,Un,unidad,ACTIVO,NO,3.0,NO,NO,0.0,0.0,10000.0,0.0,10000.0,4026.0,19011,,Contrato No.  930036 Pavimentos y Construcciones Santafe,0.0,0.0,0,,gl,0,SI,SI,NO,NO,SI,NO,
174,PDA PRELIMINARES,05 OBRAS PRELIMINARES,ADPRO,En ejecucion,SI,SIN PROPIETARIO,174,PDA PRELIMINARES,25.0,PDA GENERALES NO ASIGNADOS,5032010,PDA GG NO ASIGNADOS,NO,Principal,GRUPOS,1740266,PAGO FIC CONTRATOS,ACTA DE OBRA,2016-06-07,RENE ALEJANDRO MELO JIMENEZ,07/06/2016,06/08/2016,1.0,1.0,101942.0,0.0,101942.0,165343.0,165343.0,2,101942.0,101942.0,Abierto,R,Pagos Sin Retenciones,SERVICIO NACIONAL DE APRENDIZAJE,899999034,,,CR 7  73  55,3139030,P,0,BOGOTÁ D.C.,,,Activo,,,,,,J,Aportes,999.0,Varios,S,Servicios,Un,unidad,ACTIVO,NO,3.0,NO,NO,0.0,0.0,10000.0,0.0,10000.0,4026.0,21001,,Contrato No.  1740209 Pavimentos y Cosntrucciones Santafe,0.0,0.0,0,,gl,0,SI,SI,NO,NO,SI,NO,
174,PDA PRELIMINARES,05 OBRAS PRELIMINARES,ADPRO,En ejecucion,SI,SIN PROPIETARIO,174,PDA PRELIMINARES,25.0,PDA GENERALES NO ASIGNADOS,5032010,PDA GG NO ASIGNADOS,NO,Principal,GRUPOS,1740266,PAGO FIC CONTRATOS,ACTA DE OBRA,2016-06-07,RENE ALEJANDRO MELO JIMENEZ,07/06/2016,06/08/2016,1.0,1.0,63401.0,0.0,63401.0,165343.0,165343.0,1,63401.0,63401.0,Abierto,R,Pagos Sin Retenciones,SERVICIO NACIONAL DE APRENDIZAJE,899999034,,,CR 7  73  55,3139030,P,0,BOGOTÁ D.C.,,,Activo,,,,,,J,Aportes,999.0,Varios,S,Servicios,Un,unidad,ACTIVO,NO,3.0,NO,NO,0.0,0.0,10000.0,0.0,10000.0,4026.0,21001,,Contrato No.  1740209 Pavimentos y Cosntrucciones Santafe,0.0,0.0,0,,gl,0,SI,SI,NO,NO,SI,NO,
93,PDA INFRAESTRUCTURA,02 OBRAS URBANAS,ADPRO,En ejecucion,SI,SIN PROPIETARIO,93,PDA INFRAESTRUCTURA,37.0,PDA INFRAESTRUCTURA,5031015,PDA URBANISMO,NO,Principal,GRUPOS,930117,SUMINISTRO E INSTALACION PLANTA ELECTRICA 600 KVA,Actas de Obra Quincenales,2016-10-03,RENE ALEJANDRO MELO JIMENEZ,03/10/2016,30/12/2016,1.0,1.0,1500000.0,285000.0,1785000.0,93480947.0,111242326.93,3,1785000.0,1785000.0,Abierto,C1,Suministro Instalacion,"DIESELES Y ELECTROGENOS S.A.S, DIESELECTROS S.A.S.",860532188,,nidiatorres@dieselectros.com,CR 58 14 73,2606085,A,0,BOGOTÁ D.C.,2711.0,"Fabricación de motores, generadores y transformadores eléctricos.",Activo,,,,Bueno,,J,Transporte,999.0,Varios,T,Transporte,Un,unidad,ACTIVO,NO,0.0,NO,NO,0.0,0.0,10000.0,0.0,10000.0,4006.0,1027,SUBESTACIONES E,Suplencia y transferencia energia equipos de bombeo FIC JERICO,0.0,0.0,0,,Sg,0,SI,SI,NO,NO,SI,NO,
337,PDA LOCATIVAS,10 OBRAS EJECUCION DE GARANTIAS,ADPRO,En ejecucion,SI,SIN PROPIETARIO,337,PDA LOCATIVAS,25.0,PDA GENERALES NO ASIGNADOS,5032010,PDA GG NO ASIGNADOS,NO,Principal,GRUPOS,3370132,SUMINISTRO E INSTALACION - REPOSICION VIDRIOS CASAS 34 IGUAQUE Y 3 GALERAS,ACTA DE OBRA,2016-07-18,RENE ALEJANDRO MELO JIMENEZ,18/07/2016,20/02/2017,10.99,10.99,15000.0,2400.0,191226.0,1274122.3103,1477981.87995,6,17400.0,17400.0,Abierto,H1,Orden de T/S - 4,INDUSTRIAS DE ALUMINIO ARQUITECTONICO Y VENTANERIA S.A.S,811029147,,contabilidad@alco.com.co,CR 48 A 57 SUR 30,3174047548,A,30,SABANETA,2511.0,Fabricación de productos metálicos para uso estructural.,Activo,,,,,,J,Todo Costo o Proceso Const.,999.0,Varios,C,Subcontratos,Un,unidad,ACTIVO,NO,3.0,NO,NO,0.0,0.0,8620.69,19.0,10258.6211,4060.0,9024,FIC JERICO,FIC Jerico,0.0,0.0,0,,gl,0,SI,SI,NO,NO,SI,NO,
742,QSA QUINTAS DE SALITRE ALTO - PT,43 PROYECTOS TERMINADOS,ADPRO,En ejecucion,SI,SIN PROPIETARIO,742,QSA QUINTAS DE SALITRE ALTO - PT,65.0,PYT - PROYECTOS TERMINADOS - PT,40011509,QSA QUINTAS DE SALITRE ALTO - PT,NO,Principal,GRUPOS,7420066,REEMBOLSO CONSUMO TELEFONIA CELULAR,ACTAS DE OBRA,2016-12-06,CYNDI LORENA CAMERO,01/06/2016,01/06/2017,12.0,12.0,140000.0,0.0,1680000.0,1680000.0,1680000.0,1,140000.0,140000.0,Abierto,R,Pagos Sin Retenciones,PRODESA Y CIA SA,800200598,,info@prodesa.com.co,CR 19   90 10  P 7,3130717,A,0,BOGOTÁ D.C.,,,Activo,,,,,,J,Telefono Celular,999.0,Varios,S,Servicios,Un,unidad,ACTIVO,NO,3.0,NO,NO,0.0,0.0,10000.0,0.0,10000.0,4032.0,9009,Ppto 03 - Nivelacion Bloque 5,IMPREVISTOS ACABADOS INTERNOS,1.0,0.0,0,,Un,0,SI,SI,NO,NO,NO,NO,
337,PDA LOCATIVAS,10 OBRAS EJECUCION DE GARANTIAS,ADPRO,En ejecucion,SI,SIN PROPIETARIO,337,PDA LOCATIVAS,25.0,PDA GENERALES NO ASIGNADOS,5032010,PDA GG NO ASIGNADOS,NO,Principal,GRUPOS,3370119,RESTAURACION FACHADAS BURBUJAS BARU Y CHINGAZA,Actas de Obra Quincenales,2016-03-03,RENE ALEJANDRO MELO JIMENEZ,03/03/2016,30/08/2016,165.2,165.2,1660.5114,9.4886,275884.0,20241422.7272,20357088.0,5,1670.0,1670.0,Abierto,B,Civil Mano de Obra,PROLIMZA PROFESIONALES EN ASEO PINTURA Y MANTENIMIENTO DE FACHADAS SAS,900509001,,gerencia@prolimza.com.co,CL 77  81  47,7042815,A,0,BOGOTÁ D.C.,4330.0,Terminación y acabado de edificios y obras de ingeniería civil.,Activo,,,,,,J,Restauracion Muros de Fachada,311.0,Actividades Obra,C,Subcontratos,m2,metro cuadrado,ACTIVO,NO,3.0,NO,NO,0.0,0.0,9310.34,19.0,11079.3046,7111.0,16005,PDA LOCATIVAS BARU,Restauración de Fachadas y ventanería casas PR Baru,1.0,0.0,0,,UD,0,SI,SI,NO,NO,SI,NO,
337,PDA LOCATIVAS,10 OBRAS EJECUCION DE GARANTIAS,ADPRO,En ejecucion,SI,SIN PROPIETARIO,337,PDA LOCATIVAS,25.0,PDA GENERALES NO ASIGNADOS,5032010,PDA GG NO ASIGNADOS,NO,Principal,GRUPOS,3370119,RESTAURACION FACHADAS BURBUJAS BARU Y CHINGAZA,Actas de Obra Quincenales,2016-03-03,RENE ALEJANDRO MELO JIMENEZ,03/03/2016,30/08/2016,47.5,47.5,10738.6364,61.3636,513000.0,20241422.7272,20357088.0,3,10800.0,10800.0,Abierto,B,Civil Mano de Obra,PROLIMZA PROFESIONALES EN ASEO PINTURA Y MANTENIMIENTO DE FACHADAS SAS,900509001,,gerencia@prolimza.com.co,CL 77  81  47,7042815,A,0,BOGOTÁ D.C.,4330.0,Terminación y acabado de edificios y obras de ingeniería civil.,Activo,,,,,,J,Restauracion Muros de Fachada,311.0,Actividades Obra,C,Subcontratos,m2,metro cuadrado,ACTIVO,NO,3.0,NO,NO,0.0,0.0,9310.34,19.0,11079.3046,7111.0,16005,PDA LOCATIVAS BARU,Restauración de Fachadas y ventanería casas PR Baru,1.0,0.0,0,,UD,0,SI,SI,NO,NO,SI,NO,
337,PDA LOCATIVAS,10 OBRAS EJECUCION DE GARANTIAS,ADPRO,En ejecucion,SI,SIN PROPIETARIO,337,PDA LOCATIVAS,25.0,PDA GENERALES NO ASIGNADOS,5032010,PDA GG NO ASIGNADOS,NO,Principal,GRUPOS,3370119,RESTAURACION FACHADAS BURBUJAS BARU Y CHINGAZA,Actas de Obra Quincenales,2016-03-03,RENE ALEJANDRO MELO JIMENEZ,03/03/2016,30/08/2016,1416.0,1416.0,1660.5114,9.4886,2364720.0,20241422.7272,20357088.0,4,1670.0,1670.0,Abierto,B,Civil Mano de Obra,PROLIMZA PROFESIONALES EN ASEO PINTURA Y MANTENIMIENTO DE FACHADAS SAS,900509001,,gerencia@prolimza.com.co,CL 77  81  47,7042815,A,0,BOGOTÁ D.C.,4330.0,Terminación y acabado de edificios y obras de ingeniería civil.,Activo,,,,,,J,Restauracion Muros de Fachada,311.0,Actividades Obra,C,Subcontratos,m2,metro cuadrado,ACTIVO,NO,3.0,NO,NO,0.0,0.0,9310.34,19.0,11079.3046,7111.0,16005,PDA LOCATIVAS BARU,Restauración de Fachadas y ventanería casas PR Baru,1.0,0.0,0,,UD,0,SI,SI,NO,NO,SI,NO,
337,PDA LOCATIVAS,10 OBRAS EJECUCION DE GARANTIAS,ADPRO,En ejecucion,SI,SIN PROPIETARIO,337,PDA LOCATIVAS,25.0,PDA GENERALES NO ASIGNADOS,5032010,PDA GG NO ASIGNADOS,NO,Principal,GRUPOS,3370119,RESTAURACION FACHADAS BURBUJAS BARU Y CHINGAZA,Actas de Obra Quincenales,2016-03-03,RENE ALEJANDRO MELO JIMENEZ,03/03/2016,30/08/2016,944.0,944.0,10738.6364,61.3636,10195200.0,20241422.7272,20357088.0,1,10800.0,10800.0,Abierto,B,Civil Mano de Obra,PROLIMZA PROFESIONALES EN ASEO PINTURA Y MANTENIMIENTO DE FACHADAS SAS,900509001,,gerencia@prolimza.com.co,CL 77  81  47,7042815,A,0,BOGOTÁ D.C.,4330.0,Terminación y acabado de edificios y obras de ingeniería civil.,Activo,,,,,,J,Restauracion Muros de Fachada,311.0,Actividades Obra,C,Subcontratos,m2,metro cuadrado,ACTIVO,NO,3.0,NO,NO,0.0,0.0,9310.34,19.0,11079.3046,7111.0,16005,PDA LOCATIVAS BARU,Restauración de Fachadas y ventanería casas PR Baru,1.0,0.0,0,,UD,0,SI,SI,NO,NO,SI,NO,
337,PDA LOCATIVAS,10 OBRAS EJECUCION DE GARANTIAS,ADPRO,En ejecucion,SI,SIN PROPIETARIO,337,PDA LOCATIVAS,25.0,PDA GENERALES NO ASIGNADOS,5032010,PDA GG NO ASIGNADOS,NO,Principal,GRUPOS,3370119,RESTAURACION FACHADAS BURBUJAS BARU Y CHINGAZA,Actas de Obra Quincenales,2016-03-03,RENE ALEJANDRO MELO JIMENEZ,03/03/2016,30/08/2016,472.0,472.0,1660.5114,9.4886,788240.0,20241422.7272,20357088.0,6,1670.0,1670.0,Abierto,B,Civil Mano de Obra,PROLIMZA PROFESIONALES EN ASEO PINTURA Y MANTENIMIENTO DE FACHADAS SAS,900509001,,gerencia@prolimza.com.co,CL 77  81  47,7042815,A,0,BOGOTÁ D.C.,4330.0,Terminación y acabado de edificios y obras de ingeniería civil.,Activo,,,,,,J,Restauracion Muros de Fachada,311.0,Actividades Obra,C,Subcontratos,m2,metro cuadrado,ACTIVO,NO,3.0,NO,NO,0.0,0.0,9310.34,19.0,11079.3046,7111.0,16005,PDA LOCATIVAS BARU,Restauración de Fachadas y ventanería casas PR Baru,1.0,0.0,0,,UD,0,SI,SI,NO,NO,SI,NO,
337,PDA LOCATIVAS,10 OBRAS EJECUCION DE GARANTIAS,ADPRO,En ejecucion,SI,SIN PROPIETARIO,337,PDA LOCATIVAS,25.0,PDA GENERALES NO ASIGNADOS,5032010,PDA GG NO ASIGNADOS,NO,Principal,GRUPOS,3370119,RESTAURACION FACHADAS BURBUJAS BARU Y CHINGAZA,Actas de Obra Quincenales,2016-03-03,RENE ALEJANDRO MELO JIMENEZ,03/03/2016,30/08/2016,236.0,236.0,10738.6364,61.3636,2548800.0,20241422.7272,20357088.0,2,10800.0,10800.0,Abierto,B,Civil Mano de Obra,PROLIMZA PROFESIONALES EN ASEO PINTURA Y MANTENIMIENTO DE FACHADAS SAS,900509001,,gerencia@prolimza.com.co,CL 77  81  47,7042815,A,0,BOGOTÁ D.C.,4330.0,Terminación y acabado de edificios y obras de ingeniería civil.,Activo,,,,,,J,Restauracion Muros de Fachada,311.0,Actividades Obra,C,Subcontratos,m2,metro cuadrado,ACTIVO,NO,3.0,NO,NO,0.0,0.0,9310.34,19.0,11079.3046,7111.0,16005,PDA LOCATIVAS BARU,Restauración de Fachadas y ventanería casas PR Baru,1.0,0.0,0,,UD,0,SI,SI,NO,NO,SI,NO,
337,PDA LOCATIVAS,10 OBRAS EJECUCION DE GARANTIAS,ADPRO,En ejecucion,SI,SIN PROPIETARIO,337,PDA LOCATIVAS,25.0,PDA GENERALES NO ASIGNADOS,5032010,PDA GG NO ASIGNADOS,NO,Principal,GRUPOS,3370119,RESTAURACION FACHADAS BURBUJAS BARU Y CHINGAZA,Actas de Obra Quincenales,2016-03-03,RENE ALEJANDRO MELO JIMENEZ,03/03/2016,30/08/2016,339.93,339.93,10738.6364,61.3636,3671244.0,20241422.7272,20357088.0,7,10800.0,10800.0,Abierto,B,Civil Mano de Obra,PROLIMZA PROFESIONALES EN ASEO PINTURA Y MANTENIMIENTO DE FACHADAS SAS,900509001,,gerencia@prolimza.com.co,CL 77  81  47,7042815,A,0,BOGOTÁ D.C.,4330.0,Terminación y acabado de edificios y obras de ingeniería civil.,Activo,,,,,,J,Restauracion Muros de Fachada,311.0,Actividades Obra,C,Subcontratos,m2,metro cuadrado,ACTIVO,NO,3.0,NO,NO,0.0,0.0,9310.34,19.0,11079.3046,7111.0,16006,PDA LOCATIVAS CHINGAZA,Restauración de Fachadas y ventanería casas AI Chingaza,1.0,0.0,0,,UD,0,SI,SI,NO,NO,SI,NO,
93,PDA INFRAESTRUCTURA,02 OBRAS URBANAS,ADPRO,En ejecucion,SI,SIN PROPIETARIO,93,PDA INFRAESTRUCTURA,37.0,PDA INFRAESTRUCTURA,5031015,PDA URBANISMO,NO,Principal,GRUPOS,930111,PISO Y DESAGUES BOX CULVERT POR CAMBIO DE DISEÑO - CANAL CETIME,Actas de Obra Quincenales,2016-05-27,RENE ALEJANDRO MELO JIMENEZ,27/05/2016,30/07/2016,74.0,74.0,40083.25,278.84,2986794.66,3882802.5,3909813.3,2,40362.09,40362.09,Abierto,B,Civil Mano de Obra,FV CONSTRUCCIONES INTEGRALES S.A.S,900725297,,fvconstruccionesintegrales@gmail.com,CL 13 02 43 IN  9 AP 204,3134002768,A,60,FUNZA,4290.0,Construcción de otras obras de ingeniería civil.,Activo,,,,,,J,Concreto Contech Placa 3000,319.0,Concretos Morteros Agregados,M,Materiales,m3,metro cubico,ACTIVO,NO,0.0,NO,NO,0.0,0.0,246324.1379,19.0,293125.7241,1095.0,19006,CANAL CETIME,Actividades Box Coulvert por cambio de diseño (FIV JERICO),1.0,0.0,0,,gl,0,SI,SI,NO,NO,SI,NO,
93,PDA INFRAESTRUCTURA,02 OBRAS URBANAS,ADPRO,En ejecucion,SI,SIN PROPIETARIO,93,PDA INFRAESTRUCTURA,37.0,PDA INFRAESTRUCTURA,5031015,PDA URBANISMO,NO,Principal,GRUPOS,930111,PISO Y DESAGUES BOX CULVERT POR CAMBIO DE DISEÑO - CANAL CETIME,Actas de Obra Quincenales,2016-05-27,RENE ALEJANDRO MELO JIMENEZ,27/05/2016,30/07/2016,24.0,24.0,19026.75,132.36,459818.64,3882802.5,3909813.3,1,19159.11,19159.11,Abierto,B,Civil Mano de Obra,FV CONSTRUCCIONES INTEGRALES S.A.S,900725297,,fvconstruccionesintegrales@gmail.com,CL 13 02 43 IN  9 AP 204,3134002768,A,60,FUNZA,4290.0,Construcción de otras obras de ingeniería civil.,Activo,,,,,,J,"Tuberia PVCS Lluvias 4""",334.0,Internas Hidrosanitarias,C,Subcontratos,m,metro,ACTIVO,NO,0.0,NO,NO,0.0,0.0,20812.07,19.0,24766.3633,3047.0,19006,CANAL CETIME,Actividades Box Coulvert por cambio de diseño (FIV JERICO),1.0,0.0,0,,gl,0,SI,SI,NO,NO,SI,NO,
93,PDA INFRAESTRUCTURA,02 OBRAS URBANAS,ADPRO,En ejecucion,SI,SIN PROPIETARIO,93,PDA INFRAESTRUCTURA,37.0,PDA INFRAESTRUCTURA,5031015,PDA URBANISMO,NO,Principal,GRUPOS,930111,PISO Y DESAGUES BOX CULVERT POR CAMBIO DE DISEÑO - CANAL CETIME,Actas de Obra Quincenales,2016-05-27,RENE ALEJANDRO MELO JIMENEZ,27/05/2016,30/07/2016,15.0,15.0,30666.6667,213.3333,463200.0,3882802.5,3909813.3,3,30880.0,30880.0,Abierto,B,Civil Mano de Obra,FV CONSTRUCCIONES INTEGRALES S.A.S,900725297,,fvconstruccionesintegrales@gmail.com,CL 13 02 43 IN  9 AP 204,3134002768,A,60,FUNZA,4290.0,Construcción de otras obras de ingeniería civil.,Activo,,,,,,J,Canal AG Cal 22 d=0.70m,334.0,Internas Hidrosanitarias,C,Subcontratos,m,metro,ACTIVO,NO,0.0,NO,NO,0.0,0.0,65310.9244,19.0,77720.0,695.0,19006,CANAL CETIME,Actividades Box Coulvert por cambio de diseño (FIV JERICO),1.0,0.0,0,,gl,0,SI,SI,NO,NO,SI,NO,
93,PDA INFRAESTRUCTURA,02 OBRAS URBANAS,ADPRO,En ejecucion,SI,SIN PROPIETARIO,93,PDA INFRAESTRUCTURA,37.0,PDA INFRAESTRUCTURA,5031015,PDA URBANISMO,NO,Principal,GRUPOS,930107,CONSTRUCCION DADOS EN CONCRETO PARA ESTACION DE BOMBEO,Actas de Obra Quincenales,2016-03-29,RENE ALEJANDRO MELO JIMENEZ,29/03/2016,19/08/2016,210.0,277.0,4945.0,34.4,1379293.8,58332293.1347,58738083.0,6,4979.4,4979.4,Abierto,B,Civil Mano de Obra,FV CONSTRUCCIONES INTEGRALES S.A.S,900725297,,fvconstruccionesintegrales@gmail.com,CL 13 02 43 IN  9 AP 204,3134002768,A,60,FUNZA,4290.0,Construcción de otras obras de ingeniería civil.,Activo,,,,,,J,Formaleta Metalica Vigas,328.0,Maquinaria Equipos,E,Equipos,m2,metro cuadrado,ACTIVO,NO,0.0,NO,NO,0.0,0.0,6517.2414,19.0,7755.5173,1531.0,19002,ESTACION DE BOMBEO,Estructura de entrega al rio bogota ALL (FIV JERICO),1.0,0.0,0,,gl,0,SI,SI,NO,NO,SI,NO,
93,PDA INFRAESTRUCTURA,02 OBRAS URBANAS,ADPRO,En ejecucion,SI,SIN PROPIETARIO,93,PDA INFRAESTRUCTURA,37.0,PDA INFRAESTRUCTURA,5031015,PDA URBANISMO,NO,Principal,GRUPOS,930107,CONSTRUCCION DADOS EN CONCRETO PARA ESTACION DE BOMBEO,Actas de Obra Quincenales,2016-03-29,RENE ALEJANDRO MELO JIMENEZ,29/03/2016,19/08/2016,287.75,344.75,43700.0,304.0,15170379.0,58332293.1347,58738083.0,5,44004.0,44004.0,Abierto,B,Civil Mano de Obra,FV CONSTRUCCIONES INTEGRALES S.A.S,900725297,,fvconstruccionesintegrales@gmail.com,CL 13 02 43 IN  9 AP 204,3134002768,A,60,FUNZA,4290.0,Construcción de otras obras de ingeniería civil.,Activo,,,,,,J,Retiro Interno Material Excavacion,311.0,Actividades Obra,C,Subcontratos,m3,metro cubico,ACTIVO,NO,0.0,NO,NO,0.0,0.0,2773.28,19.0,3300.2032,4497.0,19002,ESTACION DE BOMBEO,Estructura de entrega al rio bogota ALL (FIV JERICO),1.0,0.0,0,,gl,0,SI,SI,NO,NO,SI,NO,
93,PDA INFRAESTRUCTURA,02 OBRAS URBANAS,ADPRO,En ejecucion,SI,SIN PROPIETARIO,93,PDA INFRAESTRUCTURA,37.0,PDA INFRAESTRUCTURA,5031015,PDA URBANISMO,NO,Principal,GRUPOS,930107,CONSTRUCCION DADOS EN CONCRETO PARA ESTACION DE BOMBEO,Actas de Obra Quincenales,2016-03-29,RENE ALEJANDRO MELO JIMENEZ,29/03/2016,19/08/2016,153.0,220.0,4945.0,34.4,1095468.0,58332293.1347,58738083.0,7,4979.4,4979.4,Abierto,B,Civil Mano de Obra,FV CONSTRUCCIONES INTEGRALES S.A.S,900725297,,fvconstruccionesintegrales@gmail.com,CL 13 02 43 IN  9 AP 204,3134002768,A,60,FUNZA,4290.0,Construcción de otras obras de ingeniería civil.,Activo,,,,,,J,Entibado T-3 Metalico,999.0,Varios,C,Subcontratos,m2,metro cuadrado,ACTIVO,NO,0.0,NO,NO,0.0,0.0,28599.3,19.0,34033.167,1444.0,19002,ESTACION DE BOMBEO,Estructura de entrega al rio bogota ALL (FIV JERICO),1.0,0.0,0,,gl,0,SI,SI,NO,NO,SI,NO,
93,PDA INFRAESTRUCTURA,02 OBRAS URBANAS,ADPRO,En ejecucion,SI,SIN PROPIETARIO,93,PDA INFRAESTRUCTURA,37.0,PDA INFRAESTRUCTURA,5031015,PDA URBANISMO,NO,Principal,GRUPOS,930107,CONSTRUCCION DADOS EN CONCRETO PARA ESTACION DE BOMBEO,Actas de Obra Quincenales,2016-03-29,RENE ALEJANDRO MELO JIMENEZ,29/03/2016,19/08/2016,287.75,391.35,43700.0,304.0,17220965.4,58332293.1347,58738083.0,1,44004.0,44004.0,Abierto,B,Civil Mano de Obra,FV CONSTRUCCIONES INTEGRALES S.A.S,900725297,,fvconstruccionesintegrales@gmail.com,CL 13 02 43 IN  9 AP 204,3134002768,A,60,FUNZA,4290.0,Construcción de otras obras de ingeniería civil.,Activo,,,,,,J,Excavacion Manual Compacta Zanja 0a50cm,345.0,Mano Obra Obras Urbanismo,O,MdeO Contratista,m3,metro cubico,ACTIVO,NO,3.0,NO,NO,0.0,0.0,24300.0,19.0,30000.0,4395.0,19002,ESTACION DE BOMBEO,Estructura de entrega al rio bogota ALL (FIV JERICO),1.0,0.0,0,,gl,0,SI,SI,NO,NO,SI,NO,
93,PDA INFRAESTRUCTURA,02 OBRAS URBANAS,ADPRO,En ejecucion,SI,SIN PROPIETARIO,93,PDA INFRAESTRUCTURA,37.0,PDA INFRAESTRUCTURA,5031015,PDA URBANISMO,NO,Principal,GRUPOS,930107,CONSTRUCCION DADOS EN CONCRETO PARA ESTACION DE BOMBEO,Actas de Obra Quincenales,2016-03-29,RENE ALEJANDRO MELO JIMENEZ,29/03/2016,19/08/2016,9.9,51.9,69000.0,480.0,3606012.0,58332293.1347,58738083.0,4,69480.0,69480.0,Abierto,B,Civil Mano de Obra,FV CONSTRUCCIONES INTEGRALES S.A.S,900725297,,fvconstruccionesintegrales@gmail.com,CL 13 02 43 IN  9 AP 204,3134002768,A,60,FUNZA,4290.0,Construcción de otras obras de ingeniería civil.,Activo,,,,,,J,Recebo Comun B-200 Zanjas,319.0,Concretos Morteros Agregados,C,Subcontratos,m3,metro cubico,ACTIVO,NO,0.0,NO,NO,0.0,0.0,31764.7059,19.0,37800.0,2371.0,19002,ESTACION DE BOMBEO,Estructura de entrega al rio bogota ALL (FIV JERICO),1.0,0.0,0,,gl,0,SI,SI,NO,NO,SI,NO,
93,PDA INFRAESTRUCTURA,02 OBRAS URBANAS,ADPRO,En ejecucion,SI,SIN PROPIETARIO,93,PDA INFRAESTRUCTURA,37.0,PDA INFRAESTRUCTURA,5031015,PDA URBANISMO,NO,Principal,GRUPOS,930107,CONSTRUCCION DADOS EN CONCRETO PARA ESTACION DE BOMBEO,Actas de Obra Quincenales,2016-03-29,RENE ALEJANDRO MELO JIMENEZ,29/03/2016,19/08/2016,62.32,80.0,178756.4767,1243.5233,14400000.0,58332293.1347,58738083.0,2,180000.0,180000.0,Abierto,B,Civil Mano de Obra,FV CONSTRUCCIONES INTEGRALES S.A.S,900725297,,fvconstruccionesintegrales@gmail.com,CL 13 02 43 IN  9 AP 204,3134002768,A,60,FUNZA,4290.0,Construcción de otras obras de ingeniería civil.,Activo,,,,,,J,MdO Dado en Concreto,311.0,Actividades Obra,O,MdeO Contratista,m3,metro cubico,ACTIVO,NO,3.0,NO,NO,0.0,0.0,106916.45,19.0,127230.5755,4296.0,19002,ESTACION DE BOMBEO,Estructura de entrega al rio bogota ALL (FIV JERICO),1.0,0.0,0,,gl,0,SI,SI,NO,NO,SI,NO,
93,PDA INFRAESTRUCTURA,02 OBRAS URBANAS,ADPRO,En ejecucion,SI,SIN PROPIETARIO,93,PDA INFRAESTRUCTURA,37.0,PDA INFRAESTRUCTURA,5031015,PDA URBANISMO,NO,Principal,GRUPOS,930107,CONSTRUCCION DADOS EN CONCRETO PARA ESTACION DE BOMBEO,Actas de Obra Quincenales,2016-03-29,RENE ALEJANDRO MELO JIMENEZ,29/03/2016,19/08/2016,21.32,63.32,92000.0,640.0,5865964.8,58332293.1347,58738083.0,3,92640.0,92640.0,Abierto,B,Civil Mano de Obra,FV CONSTRUCCIONES INTEGRALES S.A.S,900725297,,fvconstruccionesintegrales@gmail.com,CL 13 02 43 IN  9 AP 204,3134002768,A,60,FUNZA,4290.0,Construcción de otras obras de ingeniería civil.,Activo,,,,,,J,Relleno Cielo Ab Rajon,999.0,Varios,O,MdeO Contratista,m3,metro cubico,ACTIVO,NO,0.0,NO,NO,0.0,0.0,56034.48,19.0,66681.0312,2469.0,19002,ESTACION DE BOMBEO,Estructura de entrega al rio bogota ALL (FIV JERICO),1.0,0.0,0,,gl,0,SI,SI,NO,NO,SI,NO,
93,PDA INFRAESTRUCTURA,02 OBRAS URBANAS,ADPRO,En ejecucion,SI,SIN PROPIETARIO,93,PDA INFRAESTRUCTURA,37.0,PDA INFRAESTRUCTURA,5031015,PDA URBANISMO,NO,Principal,GRUPOS,930120,"ESTACION BOMBEO A.R.- EQUIPO DE PRESION, SISTEMA DE IZAJE, CRIBADO, CARPINTERIA METALICA","Anticipo 30% , saldo en actas de bra quincenales",2016-11-02,RENE ALEJANDRO MELO JIMENEZ,02/11/2016,08/07/2018,1.0,1.0,2400000.0,456000.0,2856000.0,46150000.0,54918500.0,7,2856000.0,2856000.0,Abierto,C1,Suministro Instalacion,CAMPOMOTOR PINZON INGENIEROS LTDA,900075642,,administracion@campomotor.com.co,CL 69 A  90 36  PI 2,2513447,A,30,BOGOTÁ D.C.,4659.0,Comercio al por mayor de otros tipos de maquinaria y equipo n.c.p.,Activo,,,,,,J,Escalera Gato,316.0,Carpinteria Metalica,C,Subcontratos,m,metro,ACTIVO,NO,0.0,NO,NO,0.0,0.0,97676.4706,19.0,116235.0,1461.0,19001,ESTACION DE BOMBEO,Construcción Estación Eyectora Aguas Residuales (FIV JERICO),1.0,0.0,0,,gl,0,SI,SI,NO,NO,SI,NO,
93,PDA INFRAESTRUCTURA,02 OBRAS URBANAS,ADPRO,En ejecucion,SI,SIN PROPIETARIO,93,PDA INFRAESTRUCTURA,37.0,PDA INFRAESTRUCTURA,5031015,PDA URBANISMO,NO,Principal,GRUPOS,930120,"ESTACION BOMBEO A.R.- EQUIPO DE PRESION, SISTEMA DE IZAJE, CRIBADO, CARPINTERIA METALICA","Anticipo 30% , saldo en actas de bra quincenales",2016-11-02,RENE ALEJANDRO MELO JIMENEZ,02/11/2016,08/07/2018,1.0,1.0,600000.0,114000.0,714000.0,46150000.0,54918500.0,5,714000.0,714000.0,Abierto,C1,Suministro Instalacion,CAMPOMOTOR PINZON INGENIEROS LTDA,900075642,,administracion@campomotor.com.co,CL 69 A  90 36  PI 2,2513447,A,30,BOGOTÁ D.C.,4659.0,Comercio al por mayor de otros tipos de maquinaria y equipo n.c.p.,Activo,,,,,,J,Tapa en Lamina Alfajor,332.0,Internas Electricas y Comunicaciones,C,Subcontratos,Un,unidad,ACTIVO,NO,3.0,NO,NO,0.0,0.0,632068.97,19.0,752162.0743,6056.0,19001,ESTACION DE BOMBEO,Construcción Estación Eyectora Aguas Residuales (FIV JERICO),1.0,0.0,0,,gl,0,SI,SI,NO,NO,SI,NO,
93,PDA INFRAESTRUCTURA,02 OBRAS URBANAS,ADPRO,En ejecucion,SI,SIN PROPIETARIO,93,PDA INFRAESTRUCTURA,37.0,PDA INFRAESTRUCTURA,5031015,PDA URBANISMO,NO,Principal,GRUPOS,930120,"ESTACION BOMBEO A.R.- EQUIPO DE PRESION, SISTEMA DE IZAJE, CRIBADO, CARPINTERIA METALICA","Anticipo 30% , saldo en actas de bra quincenales",2016-11-02,RENE ALEJANDRO MELO JIMENEZ,02/11/2016,08/07/2018,1.0,1.0,12200000.0,2318000.0,14518000.0,46150000.0,54918500.0,2,14518000.0,14518000.0,Abierto,C1,Suministro Instalacion,CAMPOMOTOR PINZON INGENIEROS LTDA,900075642,,administracion@campomotor.com.co,CL 69 A  90 36  PI 2,2513447,A,30,BOGOTÁ D.C.,4659.0,Comercio al por mayor de otros tipos de maquinaria y equipo n.c.p.,Activo,,,,,,J,Instalacion Equipo,322.0,Equipos Dotación,C,Subcontratos,Un,unidad,ACTIVO,NO,3.0,NO,NO,0.0,0.0,20587000.0,19.0,24498530.0,5005.0,19001,ESTACION DE BOMBEO,Construcción Estación Eyectora Aguas Residuales (FIV JERICO),1.0,0.0,0,,gl,0,SI,SI,NO,NO,SI,NO,
93,PDA INFRAESTRUCTURA,02 OBRAS URBANAS,ADPRO,En ejecucion,SI,SIN PROPIETARIO,93,PDA INFRAESTRUCTURA,37.0,PDA INFRAESTRUCTURA,5031015,PDA URBANISMO,NO,Principal,GRUPOS,930120,"ESTACION BOMBEO A.R.- EQUIPO DE PRESION, SISTEMA DE IZAJE, CRIBADO, CARPINTERIA METALICA","Anticipo 30% , saldo en actas de bra quincenales",2016-11-02,RENE ALEJANDRO MELO JIMENEZ,02/11/2016,08/07/2018,1.0,1.0,4400000.0,836000.0,5236000.0,46150000.0,54918500.0,4,5236000.0,5236000.0,Abierto,C1,Suministro Instalacion,CAMPOMOTOR PINZON INGENIEROS LTDA,900075642,,administracion@campomotor.com.co,CL 69 A  90 36  PI 2,2513447,A,30,BOGOTÁ D.C.,4659.0,Comercio al por mayor de otros tipos de maquinaria y equipo n.c.p.,Activo,,,,,,J,Sistema de Izaje Compuerta,334.0,Internas Hidrosanitarias,M,Materiales,Un,unidad,ACTIVO,NO,3.0,NO,NO,0.0,0.0,4500000.0,19.0,5355000.0,8413.0,19001,ESTACION DE BOMBEO,Construcción Estación Eyectora Aguas Residuales (FIV JERICO),1.0,0.0,0,,gl,0,SI,SI,NO,NO,SI,NO,
93,PDA INFRAESTRUCTURA,02 OBRAS URBANAS,ADPRO,En ejecucion,SI,SIN PROPIETARIO,93,PDA INFRAESTRUCTURA,37.0,PDA INFRAESTRUCTURA,5031015,PDA URBANISMO,NO,Principal,GRUPOS,930109,"REPARACION BOMBA DIESEL 10HP DE 4 X 4"" ESTACION DE BOMBEO",ACTA DE OBRA,2016-04-15,RENE ALEJANDRO MELO JIMENEZ,15/04/2016,08/07/2016,1.0,1.0,1750000.0,280000.0,2030000.0,1750000.0,2030000.0,1,2030000.0,2030000.0,Abierto,H3,Servicios 4,TURBINOBOMBAS LTDA,800152935,,turbinobombas@gmail.com,CR 70 3A 45,3124793524,A,30,BOGOTÁ D.C.,4690.0,Comercio al por mayor no especializado.,Activo,,,,,,J,Montaje de Bombas Centrifugas,334.0,Internas Hidrosanitarias,C,Subcontratos,Un,unidad,ACTIVO,NO,3.0,NO,NO,0.0,0.0,133614.66,19.0,159001.4454,5628.0,19007,ESTACION DE BOMBEO,Estructura de entrega al rio bogota AR (FIV JERICO),1.0,0.0,0,,gl,0,SI,SI,NO,NO,SI,NO,
93,PDA INFRAESTRUCTURA,02 OBRAS URBANAS,ADPRO,En ejecucion,SI,SIN PROPIETARIO,93,PDA INFRAESTRUCTURA,37.0,PDA INFRAESTRUCTURA,5031015,PDA URBANISMO,NO,Principal,GRUPOS,930120,"ESTACION BOMBEO A.R.- EQUIPO DE PRESION, SISTEMA DE IZAJE, CRIBADO, CARPINTERIA METALICA","Anticipo 30% , saldo en actas de bra quincenales",2016-11-02,RENE ALEJANDRO MELO JIMENEZ,02/11/2016,08/07/2018,1.0,1.0,13250000.0,2517500.0,15767500.0,46150000.0,54918500.0,1,15767500.0,15767500.0,Abierto,C1,Suministro Instalacion,CAMPOMOTOR PINZON INGENIEROS LTDA,900075642,,administracion@campomotor.com.co,CL 69 A  90 36  PI 2,2513447,A,30,BOGOTÁ D.C.,4659.0,Comercio al por mayor de otros tipos de maquinaria y equipo n.c.p.,Activo,,,,,,J,Equipo Presion Eyector,322.0,Equipos Dotación,C,Subcontratos,Un,unidad,ACTIVO,NO,0.0,NO,NO,0.0,0.0,3520000.0,19.0,4188800.0,1457.0,19001,ESTACION DE BOMBEO,Construcción Estación Eyectora Aguas Residuales (FIV JERICO),1.0,0.0,0,,gl,0,SI,SI,NO,NO,SI,NO,
93,PDA INFRAESTRUCTURA,02 OBRAS URBANAS,ADPRO,En ejecucion,SI,SIN PROPIETARIO,93,PDA INFRAESTRUCTURA,37.0,PDA INFRAESTRUCTURA,5031015,PDA URBANISMO,NO,Principal,GRUPOS,930120,"ESTACION BOMBEO A.R.- EQUIPO DE PRESION, SISTEMA DE IZAJE, CRIBADO, CARPINTERIA METALICA","Anticipo 30% , saldo en actas de bra quincenales",2016-11-02,RENE ALEJANDRO MELO JIMENEZ,02/11/2016,08/07/2018,1.0,1.0,6600000.0,1254000.0,7854000.0,46150000.0,54918500.0,3,7854000.0,7854000.0,Abierto,C1,Suministro Instalacion,CAMPOMOTOR PINZON INGENIEROS LTDA,900075642,,administracion@campomotor.com.co,CL 69 A  90 36  PI 2,2513447,A,30,BOGOTÁ D.C.,4659.0,Comercio al por mayor de otros tipos de maquinaria y equipo n.c.p.,Activo,,,,,,J,"Valvula Compuerta 24""",334.0,Internas Hidrosanitarias,M,Materiales,Un,unidad,ACTIVO,NO,3.0,NO,NO,0.0,0.0,6800000.0,19.0,8092000.0,8412.0,19001,ESTACION DE BOMBEO,Construcción Estación Eyectora Aguas Residuales (FIV JERICO),1.0,0.0,0,,gl,0,SI,SI,NO,NO,SI,NO,
93,PDA INFRAESTRUCTURA,02 OBRAS URBANAS,ADPRO,En ejecucion,SI,SIN PROPIETARIO,93,PDA INFRAESTRUCTURA,37.0,PDA INFRAESTRUCTURA,5031015,PDA URBANISMO,NO,Principal,GRUPOS,930120,"ESTACION BOMBEO A.R.- EQUIPO DE PRESION, SISTEMA DE IZAJE, CRIBADO, CARPINTERIA METALICA","Anticipo 30% , saldo en actas de bra quincenales",2016-11-02,RENE ALEJANDRO MELO JIMENEZ,02/11/2016,08/07/2018,1.0,1.0,6300000.0,1197000.0,7497000.0,46150000.0,54918500.0,8,7497000.0,7497000.0,Abierto,C1,Suministro Instalacion,CAMPOMOTOR PINZON INGENIEROS LTDA,900075642,,administracion@campomotor.com.co,CL 69 A  90 36  PI 2,2513447,A,30,BOGOTÁ D.C.,4659.0,Comercio al por mayor de otros tipos de maquinaria y equipo n.c.p.,Activo,,,,,,J,Sistema de Cribado,332.0,Internas Electricas y Comunicaciones,M,Materiales,Un,unidad,ACTIVO,NO,3.0,NO,NO,0.0,0.0,6500000.0,19.0,7735000.0,8414.0,19001,ESTACION DE BOMBEO,Construcción Estación Eyectora Aguas Residuales (FIV JERICO),1.0,0.0,0,,gl,0,SI,SI,NO,NO,SI,NO,
93,PDA INFRAESTRUCTURA,02 OBRAS URBANAS,ADPRO,En ejecucion,SI,SIN PROPIETARIO,93,PDA INFRAESTRUCTURA,37.0,PDA INFRAESTRUCTURA,5031015,PDA URBANISMO,NO,Principal,GRUPOS,930120,"ESTACION BOMBEO A.R.- EQUIPO DE PRESION, SISTEMA DE IZAJE, CRIBADO, CARPINTERIA METALICA","Anticipo 30% , saldo en actas de bra quincenales",2016-11-02,RENE ALEJANDRO MELO JIMENEZ,02/11/2016,08/07/2018,1.0,1.0,400000.0,76000.0,476000.0,46150000.0,54918500.0,6,476000.0,476000.0,Abierto,C1,Suministro Instalacion,CAMPOMOTOR PINZON INGENIEROS LTDA,900075642,,administracion@campomotor.com.co,CL 69 A  90 36  PI 2,2513447,A,30,BOGOTÁ D.C.,4659.0,Comercio al por mayor de otros tipos de maquinaria y equipo n.c.p.,Activo,,,,,,J,Tapa en Lamina Alfajor,332.0,Internas Electricas y Comunicaciones,C,Subcontratos,Un,unidad,ACTIVO,NO,3.0,NO,NO,0.0,0.0,632068.97,19.0,752162.0743,6056.0,19001,ESTACION DE BOMBEO,Construcción Estación Eyectora Aguas Residuales (FIV JERICO),1.0,0.0,0,,gl,0,SI,SI,NO,NO,SI,NO,
1329,CDS D - URBANISMO EXTERNO ETAPA 1,03 URBANISMO EXTERNO,ADPRO,En ejecucion,NO,SIN PROPIETARIO,1329,CDS D - URBANISMO EXTERNO ETAPA 1,86.0,CDS - CIUDAD DE LOS SUENOS,10151015,CDS- URBANISMO EXTERNO ET1,NO,Principal,GRUPOS,13290002,MOVIMIENTO DE TIERRAS URBANISMO EXTERNO 62 CASAS,ACTA DE OBRA,2016-07-08,BLANCA ZORAIDA FRANCO CAICEDO,10/07/2016,10/10/2016,14900.0,14900.0,870.9098,5.09025,13052400.0,435688990.0726,438235482.8,2,876.0,876.0,Abierto,B2,Civil Proceso Constructivo,ASOINCON S.A.S,800216198,,asoincon@hotmail.com,CR CORDI.  KM 1  VIA GALAPA,3194732,P,0,BARRANQUILLA,4312.0,Preparación del terreno.,Activo,,,,,,J,Localizacion Replanteo,999.0,Varios,C,Subcontratos,m2,metro cuadrado,ACTIVO,NO,0.0,NO,NO,0.0,0.0,2300.0,0.0,2300.0,1817.0,13001,MOV. TIERRAS,"Descapote, localizacion y Replanteo",42625.0,0.0,0,,m2,0,SI,SI,NO,NO,SI,NO,
1329,CDS D - URBANISMO EXTERNO ETAPA 1,03 URBANISMO EXTERNO,ADPRO,En ejecucion,NO,SIN PROPIETARIO,1329,CDS D - URBANISMO EXTERNO ETAPA 1,86.0,CDS - CIUDAD DE LOS SUENOS,10151015,CDS- URBANISMO EXTERNO ET1,NO,Principal,GRUPOS,13290003,CONSTRUCCION VIA CDS TRAMO K+339.92 A K+612.55,ACTA DE OBRA,2016-07-12,BLANCA ZORAIDA FRANCO CAICEDO,12/07/2016,09/10/2016,2562.72,2562.72,538.0316,2.96845,1386431.52,291738968.9486,293348563.26,4,541.0,541.0,Abierto,B2,Civil Proceso Constructivo,SERVICIOS LOGISTICOS AVANZADOS S.A.S,900360029,,elmarago2000@hotmail.com,CL 77  59 58  P 2 OF 2,3604783,A,0,BARRANQUILLA,4290.0,Construcción de otras obras de ingeniería civil.,Activo,,,,,,J,Localizacion Replanteo,999.0,Varios,C,Subcontratos,m2,metro cuadrado,ACTIVO,NO,0.0,NO,NO,0.0,0.0,2300.0,0.0,2300.0,1817.0,8004,VIA,"Descapote, localizacion y Replanteo",16429.99,0.0,0,,m2,0,SI,SI,NO,NO,SI,NO,
1329,CDS D - URBANISMO EXTERNO ETAPA 1,03 URBANISMO EXTERNO,ADPRO,En ejecucion,NO,SIN PROPIETARIO,1329,CDS D - URBANISMO EXTERNO ETAPA 1,86.0,CDS - CIUDAD DE LOS SUENOS,10151015,CDS- URBANISMO EXTERNO ET1,NO,Principal,GRUPOS,13290002,MOVIMIENTO DE TIERRAS URBANISMO EXTERNO 62 CASAS,ACTA DE OBRA,2016-07-08,BLANCA ZORAIDA FRANCO CAICEDO,10/07/2016,10/10/2016,11508.0,11508.0,25874.3708,151.2292,299502604.8,435688990.0726,438235482.8,4,26025.6,26025.6,Abierto,B2,Civil Proceso Constructivo,ASOINCON S.A.S,800216198,,asoincon@hotmail.com,CR CORDI.  KM 1  VIA GALAPA,3194732,P,0,BARRANQUILLA,4312.0,Preparación del terreno.,Activo,,,,,,J,Recebo Comun,319.0,Concretos Morteros Agregados,M,Materiales,m3,metro cubico,ACTIVO,NO,0.0,NO,NO,0.0,0.0,33349.2689,19.0,39685.63,2368.0,13003,MOV. TIERRAS,Relleno y Compatación Material Seleccionado,56853.0,0.0,0,,m3,0,SI,SI,NO,NO,SI,NO,
1320,PDA CERRAMIENTO ETAPA 5,08 EDIFICACIONES Y DOTACION COMUN,ADPRO,En ejecucion,SI,SIN PROPIETARIO,1320,PDA CERRAMIENTO ETAPA 5,40.0,PDA EDIFICIOS Y DOTACION COMUNAL,5031015,PDA URBANISMO,NO,Principal,GRUPOS,13200001,CONSTRUCCION CERRAMIENTO DEFINITIVO KATIOS,Actas de Obra Quincenales,2016-01-06,RENE ALEJANDRO MELO JIMENEZ,06/01/2016,30/03/2016,855.0,855.0,216025.0,34564.0,214253595.0,197410375.0,228996035.0,1,250589.0,250589.0,Abierto,B3,Civil Todo Costo,INDUSTRIAS METALICAS RUIZBER S.A.S,900538388,,ruizbersas@hotmail.com,CR 91 91 15,4612662,P,0,BOGOTÁ D.C.,,,Activo,,,,,,J,Cerramiento Perimetral,311.0,Actividades Obra,M,Materiales,m,metro,ACTIVO,NO,3.0,NO,NO,0.0,0.0,51724.14,19.0,61551.7266,3996.0,2002,CERRAMIENTO W-2,Cerramiento en Tubo con Detalles Hojas,913.0,0.0,0,,ml,0,SI,SI,NO,NO,SI,NO,
1329,CDS D - URBANISMO EXTERNO ETAPA 1,03 URBANISMO EXTERNO,ADPRO,En ejecucion,NO,SIN PROPIETARIO,1329,CDS D - URBANISMO EXTERNO ETAPA 1,86.0,CDS - CIUDAD DE LOS SUENOS,10151015,CDS- URBANISMO EXTERNO ET1,NO,Principal,GRUPOS,13290003,CONSTRUCCION VIA CDS TRAMO K+339.92 A K+612.55,ACTA DE OBRA,2016-07-12,BLANCA ZORAIDA FRANCO CAICEDO,12/07/2016,09/10/2016,858.78,897.78,10026.6804,55.31962,9051417.96,291738968.9486,293348563.26,8,10082.0,10082.0,Abierto,B2,Civil Proceso Constructivo,SERVICIOS LOGISTICOS AVANZADOS S.A.S,900360029,,elmarago2000@hotmail.com,CL 77  59 58  P 2 OF 2,3604783,A,0,BARRANQUILLA,4290.0,Construcción de otras obras de ingeniería civil.,Activo,,,,,,J,Sello Impermeable Expansible Juntas Frías,312.0,Aditivos Quimicos Mantos Impermeabilizantes,M,Materiales,m,metro,ACTIVO,NO,3.0,NO,NO,0.0,0.0,10862.07,19.0,12925.8633,7976.0,8009,VIA,Sello de Junta de Dilatacion,3423.48,0.0,0,,ml,0,SI,SI,NO,NO,SI,NO,
1329,CDS D - URBANISMO EXTERNO ETAPA 1,03 URBANISMO EXTERNO,ADPRO,En ejecucion,NO,SIN PROPIETARIO,1329,CDS D - URBANISMO EXTERNO ETAPA 1,86.0,CDS - CIUDAD DE LOS SUENOS,10151015,CDS- URBANISMO EXTERNO ET1,NO,Principal,GRUPOS,13290003,CONSTRUCCION VIA CDS TRAMO K+339.92 A K+612.55,ACTA DE OBRA,2016-07-12,BLANCA ZORAIDA FRANCO CAICEDO,12/07/2016,09/10/2016,545.26,559.0,25511.2483,140.75171,14339468.0,291738968.9486,293348563.26,11,25652.0,25652.0,Abierto,B2,Civil Proceso Constructivo,SERVICIOS LOGISTICOS AVANZADOS S.A.S,900360029,,elmarago2000@hotmail.com,CL 77  59 58  P 2 OF 2,3604783,A,0,BARRANQUILLA,4290.0,Construcción de otras obras de ingeniería civil.,Activo,,,,,,J,MdO Bordillo Confinamiento,345.0,Mano Obra Obras Urbanismo,O,MdeO Contratista,m,metro,ACTIVO,NO,3.0,NO,NO,0.0,0.0,9051.72,19.0,10771.5468,4830.0,9002,VIA,Bordillo de Confinamiento  ,1400.16,0.0,0,,ml,0,SI,SI,NO,NO,SI,NO,
1329,CDS D - URBANISMO EXTERNO ETAPA 1,03 URBANISMO EXTERNO,ADPRO,En ejecucion,NO,SIN PROPIETARIO,1329,CDS D - URBANISMO EXTERNO ETAPA 1,86.0,CDS - CIUDAD DE LOS SUENOS,10151015,CDS- URBANISMO EXTERNO ET1,NO,Principal,GRUPOS,13290003,CONSTRUCCION VIA CDS TRAMO K+339.92 A K+612.55,ACTA DE OBRA,2016-07-12,BLANCA ZORAIDA FRANCO CAICEDO,12/07/2016,09/10/2016,3185.0,3185.0,708.0933,3.90672,2267720.0,291738968.9486,293348563.26,1,712.0,712.0,Abierto,B2,Civil Proceso Constructivo,SERVICIOS LOGISTICOS AVANZADOS S.A.S,900360029,,elmarago2000@hotmail.com,CL 77  59 58  P 2 OF 2,3604783,A,0,BARRANQUILLA,4290.0,Construcción de otras obras de ingeniería civil.,Activo,,,,,,J,MdO Acero Refuerzo Figurado,346.0,Mano Obra Gris,O,MdeO Contratista,kg,kilogramo,ACTIVO,NO,0.0,NO,NO,0.0,0.0,304.31,19.0,362.1289,4409.0,8001,VIA,Acero de Refuerzo,12238.834,0.0,0,,kg,0,SI,SI,NO,NO,SI,NO,
1329,CDS D - URBANISMO EXTERNO ETAPA 1,03 URBANISMO EXTERNO,ADPRO,En ejecucion,NO,SIN PROPIETARIO,1329,CDS D - URBANISMO EXTERNO ETAPA 1,86.0,CDS - CIUDAD DE LOS SUENOS,10151015,CDS- URBANISMO EXTERNO ET1,NO,Principal,GRUPOS,13290003,CONSTRUCCION VIA CDS TRAMO K+339.92 A K+612.55,ACTA DE OBRA,2016-07-12,BLANCA ZORAIDA FRANCO CAICEDO,12/07/2016,09/10/2016,552.6,973.88,100162.38,552.62003,98084324.2,291738968.9486,293348563.26,12,100715.0,100715.0,Abierto,B2,Civil Proceso Constructivo,SERVICIOS LOGISTICOS AVANZADOS S.A.S,900360029,,elmarago2000@hotmail.com,CL 77  59 58  P 2 OF 2,3604783,A,0,BARRANQUILLA,4290.0,Construcción de otras obras de ingeniería civil.,Activo,,,,,,J,Relleno Cielo Ab Rajon,999.0,Varios,O,MdeO Contratista,m3,metro cubico,ACTIVO,NO,0.0,NO,NO,0.0,0.0,56034.48,19.0,66681.0312,2469.0,8007,VIA,Relleno y Compatación Recebo B-200,5748.75,0.0,0,,m3,0,SI,SI,NO,NO,SI,NO,
1329,CDS D - URBANISMO EXTERNO ETAPA 1,03 URBANISMO EXTERNO,ADPRO,En ejecucion,NO,SIN PROPIETARIO,1329,CDS D - URBANISMO EXTERNO ETAPA 1,86.0,CDS - CIUDAD DE LOS SUENOS,10151015,CDS- URBANISMO EXTERNO ET1,NO,Principal,GRUPOS,13290003,CONSTRUCCION VIA CDS TRAMO K+339.92 A K+612.55,ACTA DE OBRA,2016-07-12,BLANCA ZORAIDA FRANCO CAICEDO,12/07/2016,09/10/2016,2290.09,2452.09,16965.3978,93.60219,41830203.31,291738968.9486,293348563.26,2,17059.0,17059.0,Abierto,B2,Civil Proceso Constructivo,SERVICIOS LOGISTICOS AVANZADOS S.A.S,900360029,,elmarago2000@hotmail.com,CL 77  59 58  P 2 OF 2,3604783,A,0,BARRANQUILLA,4290.0,Construcción de otras obras de ingeniería civil.,Activo,,,,,,J,MdO Placa Contrapiso Concreto e=20cm,346.0,Mano Obra Gris,O,MdeO Contratista,m2,metro cuadrado,ACTIVO,NO,3.0,NO,NO,0.0,0.0,25862.07,19.0,30775.8633,6460.0,8003,VIA,Concreto Hidraulico e=0.20m,1370.02,0.0,0,,m3,0,SI,SI,NO,NO,SI,NO,
1329,CDS D - URBANISMO EXTERNO ETAPA 1,03 URBANISMO EXTERNO,ADPRO,En ejecucion,NO,SIN PROPIETARIO,1329,CDS D - URBANISMO EXTERNO ETAPA 1,86.0,CDS - CIUDAD DE LOS SUENOS,10151015,CDS- URBANISMO EXTERNO ET1,NO,Principal,GRUPOS,13290003,CONSTRUCCION VIA CDS TRAMO K+339.92 A K+612.55,ACTA DE OBRA,2016-07-12,BLANCA ZORAIDA FRANCO CAICEDO,12/07/2016,09/10/2016,858.78,897.78,6271.3992,34.60082,5661400.68,291738968.9486,293348563.26,5,6306.0,6306.0,Abierto,B2,Civil Proceso Constructivo,SERVICIOS LOGISTICOS AVANZADOS S.A.S,900360029,,elmarago2000@hotmail.com,CL 77  59 58  P 2 OF 2,3604783,A,0,BARRANQUILLA,4290.0,Construcción de otras obras de ingeniería civil.,Activo,,,,,,J,Mdo Junta de Dilatación con Disco de 25mm,345.0,Mano Obra Obras Urbanismo,O,MdeO Contratista,ml,metro lineal,ACTIVO,NO,3.0,NO,NO,0.0,0.0,2408.62,19.0,2866.2578,5645.0,8006,VIA,Junta de Dilatacion,3382.59,0.0,0,,ml,0,SI,SI,NO,NO,SI,NO,
1329,CDS D - URBANISMO EXTERNO ETAPA 1,03 URBANISMO EXTERNO,ADPRO,En ejecucion,NO,SIN PROPIETARIO,1329,CDS D - URBANISMO EXTERNO ETAPA 1,86.0,CDS - CIUDAD DE LOS SUENOS,10151015,CDS- URBANISMO EXTERNO ET1,NO,Principal,GRUPOS,13290006,DESCAPOTE CARRETEABLES Y CAMPAMENTO,ACTA DE OBRA,2016-12-17,OSCAR ANDRES DASILVA BARON,17/11/2016,10/12/2016,6231.0,6231.0,1764.6859,10.31415,11060025.0,10995757.5586,11060025.0,1,1775.0,1775.0,Abierto,B,Civil Mano de Obra,ASOINCON S.A.S,800216198,,asoincon@hotmail.com,CR CORDI.  KM 1  VIA GALAPA,3194732,P,0,BARRANQUILLA,4312.0,Preparación del terreno.,Activo,,,,,,J,Descapote,311.0,Actividades Obra,C,Subcontratos,m2,metro cuadrado,ACTIVO,NO,0.0,NO,NO,0.0,0.0,4456.9,19.0,5303.711,4172.0,13001,MOV. TIERRAS,"Descapote, localizacion y Replanteo",42625.0,0.0,0,,m2,0,SI,SI,NO,NO,SI,NO,
1329,CDS D - URBANISMO EXTERNO ETAPA 1,03 URBANISMO EXTERNO,ADPRO,En ejecucion,NO,SIN PROPIETARIO,1329,CDS D - URBANISMO EXTERNO ETAPA 1,86.0,CDS - CIUDAD DE LOS SUENOS,10151015,CDS- URBANISMO EXTERNO ET1,NO,Principal,GRUPOS,13290002,MOVIMIENTO DE TIERRAS URBANISMO EXTERNO 62 CASAS,ACTA DE OBRA,2016-07-08,BLANCA ZORAIDA FRANCO CAICEDO,10/07/2016,10/10/2016,14900.0,14900.0,1764.6859,10.31415,26447500.0,435688990.0726,438235482.8,1,1775.0,1775.0,Abierto,B2,Civil Proceso Constructivo,ASOINCON S.A.S,800216198,,asoincon@hotmail.com,CR CORDI.  KM 1  VIA GALAPA,3194732,P,0,BARRANQUILLA,4312.0,Preparación del terreno.,Activo,,,,,,J,Descapote,311.0,Actividades Obra,C,Subcontratos,m2,metro cuadrado,ACTIVO,NO,0.0,NO,NO,0.0,0.0,4456.9,19.0,5303.711,4172.0,13001,MOV. TIERRAS,"Descapote, localizacion y Replanteo",42625.0,0.0,0,,m2,0,SI,SI,NO,NO,SI,NO,
1320,PDA CERRAMIENTO ETAPA 5,08 EDIFICACIONES Y DOTACION COMUN,ADPRO,En ejecucion,SI,SIN PROPIETARIO,1320,PDA CERRAMIENTO ETAPA 5,40.0,PDA EDIFICIOS Y DOTACION COMUNAL,5031015,PDA URBANISMO,NO,Principal,GRUPOS,13200002,DESMONTAJE Y MONTAJE CERRAMIENTO DEFINITIVO JARILLON KATIOS,Actas de Obra Quincenales,2016-12-20,RENE ALEJANDRO MELO JIMENEZ,26/12/2016,25/04/2017,233.0,233.0,84525.0,837.9,19889555.7,19694325.0,19889555.7,1,85362.9,85362.9,Abierto,B,Civil Mano de Obra,INDUSTRIAS METALICAS RUIZBER S.A.S,900538388,,ruizbersas@hotmail.com,CR 91 91 15,4612662,P,0,BOGOTÁ D.C.,,,Activo,,,,,,J,Cerramiento en Tubo,311.0,Actividades Obra,C,Subcontratos,m,metro,ACTIVO,NO,0.0,NO,NO,0.0,0.0,216025.0,19.0,257069.75,3961.0,2002,CERRAMIENTO W-2,Cerramiento en Tubo con Detalles Hojas,913.0,0.0,0,,ml,0,SI,SI,NO,NO,SI,NO,
1329,CDS D - URBANISMO EXTERNO ETAPA 1,03 URBANISMO EXTERNO,ADPRO,En ejecucion,NO,SIN PROPIETARIO,1329,CDS D - URBANISMO EXTERNO ETAPA 1,86.0,CDS - CIUDAD DE LOS SUENOS,10151015,CDS- URBANISMO EXTERNO ET1,NO,Principal,GRUPOS,13290002,MOVIMIENTO DE TIERRAS URBANISMO EXTERNO 62 CASAS,ACTA DE OBRA,2016-07-08,BLANCA ZORAIDA FRANCO CAICEDO,10/07/2016,10/10/2016,9022.0,9022.0,10935.0872,63.91284,99232978.0,435688990.0726,438235482.8,3,10999.0,10999.0,Abierto,B2,Civil Proceso Constructivo,ASOINCON S.A.S,800216198,,asoincon@hotmail.com,CR CORDI.  KM 1  VIA GALAPA,3194732,P,0,BARRANQUILLA,4312.0,Preparación del terreno.,Activo,,,,,,J,Relleno Material Excavacion,311.0,Actividades Obra,C,Subcontratos,m3,metro cubico,ACTIVO,NO,0.0,NO,NO,0.0,0.0,7959.6639,19.0,9472.0,2472.0,13002,MOV. TIERRAS,Relleno y Compactación con Material de Sitio,9022.0,0.0,0,,m3,0,SI,SI,NO,NO,SI,NO,
1320,PDA CERRAMIENTO ETAPA 5,08 EDIFICACIONES Y DOTACION COMUN,ADPRO,En ejecucion,SI,SIN PROPIETARIO,1320,PDA CERRAMIENTO ETAPA 5,40.0,PDA EDIFICIOS Y DOTACION COMUNAL,5031015,PDA URBANISMO,NO,Principal,GRUPOS,13200001,CONSTRUCCION CERRAMIENTO DEFINITIVO KATIOS,Actas de Obra Quincenales,2016-01-06,RENE ALEJANDRO MELO JIMENEZ,06/01/2016,30/03/2016,358.0,358.0,35500.0,5680.0,14742440.0,197410375.0,228996035.0,2,41180.0,41180.0,Abierto,B3,Civil Todo Costo,INDUSTRIAS METALICAS RUIZBER S.A.S,900538388,,ruizbersas@hotmail.com,CR 91 91 15,4612662,P,0,BOGOTÁ D.C.,,,Activo,,,,,,J,Construccion Dados (Todo Costo),311.0,Actividades Obra,C,Subcontratos,Un,unidad,ACTIVO,NO,3.0,NO,NO,0.0,0.0,379420.69,19.0,451510.6211,5581.0,2003,CERRAMIENTO W-2,Dados en Concreto,688.0,0.0,0,,und,0,SI,SI,NO,NO,SI,NO,
1329,CDS D - URBANISMO EXTERNO ETAPA 1,03 URBANISMO EXTERNO,ADPRO,En ejecucion,NO,SIN PROPIETARIO,1329,CDS D - URBANISMO EXTERNO ETAPA 1,86.0,CDS - CIUDAD DE LOS SUENOS,10151015,CDS- URBANISMO EXTERNO ET1,NO,Principal,GRUPOS,13290003,CONSTRUCCION VIA CDS TRAMO K+339.92 A K+612.55,ACTA DE OBRA,2016-07-12,BLANCA ZORAIDA FRANCO CAICEDO,12/07/2016,09/10/2016,2562.72,2562.72,994.513,5.48697,2562720.0,291738968.9486,293348563.26,3,1000.0,1000.0,Abierto,B2,Civil Proceso Constructivo,SERVICIOS LOGISTICOS AVANZADOS S.A.S,900360029,,elmarago2000@hotmail.com,CL 77  59 58  P 2 OF 2,3604783,A,0,BARRANQUILLA,4290.0,Construcción de otras obras de ingeniería civil.,Activo,,,,,,J,Descapote,311.0,Actividades Obra,C,Subcontratos,m2,metro cuadrado,ACTIVO,NO,0.0,NO,NO,0.0,0.0,4456.9,19.0,5303.711,4172.0,8004,VIA,"Descapote, localizacion y Replanteo",16429.99,0.0,0,,m2,0,SI,SI,NO,NO,SI,NO,
1329,CDS D - URBANISMO EXTERNO ETAPA 1,03 URBANISMO EXTERNO,ADPRO,En ejecucion,NO,SIN PROPIETARIO,1329,CDS D - URBANISMO EXTERNO ETAPA 1,86.0,CDS - CIUDAD DE LOS SUENOS,10151015,CDS- URBANISMO EXTERNO ET1,NO,Principal,GRUPOS,13290003,CONSTRUCCION VIA CDS TRAMO K+339.92 A K+612.55,ACTA DE OBRA,2016-07-12,BLANCA ZORAIDA FRANCO CAICEDO,12/07/2016,09/10/2016,1832.07,2771.29,4059.6022,22.39781,11312405.78,291738968.9486,293348563.26,10,4082.0,4082.0,Abierto,B2,Civil Proceso Constructivo,SERVICIOS LOGISTICOS AVANZADOS S.A.S,900360029,,elmarago2000@hotmail.com,CL 77  59 58  P 2 OF 2,3604783,A,0,BARRANQUILLA,4290.0,Construcción de otras obras de ingeniería civil.,Activo,,,,,,J,Excavacion a Maquina,999.0,Varios,C,Subcontratos,m3,metro cubico,ACTIVO,NO,0.0,NO,NO,0.0,0.0,17415.52,19.0,20724.4688,1507.0,8011,VIA,Excavacion Caja ET1,9022.49,0.0,0,,m3,0,SI,SI,NO,NO,SI,NO,
1329,CDS D - URBANISMO EXTERNO ETAPA 1,03 URBANISMO EXTERNO,ADPRO,En ejecucion,NO,SIN PROPIETARIO,1329,CDS D - URBANISMO EXTERNO ETAPA 1,86.0,CDS - CIUDAD DE LOS SUENOS,10151015,CDS- URBANISMO EXTERNO ET1,NO,Principal,GRUPOS,13290003,CONSTRUCCION VIA CDS TRAMO K+339.92 A K+612.55,ACTA DE OBRA,2016-07-12,BLANCA ZORAIDA FRANCO CAICEDO,12/07/2016,09/10/2016,1030.54,1186.8,47379.5953,261.40466,56540338.8,291738968.9486,293348563.26,6,47641.0,47641.0,Abierto,B2,Civil Proceso Constructivo,SERVICIOS LOGISTICOS AVANZADOS S.A.S,900360029,,elmarago2000@hotmail.com,CL 77  59 58  P 2 OF 2,3604783,A,0,BARRANQUILLA,4290.0,Construcción de otras obras de ingeniería civil.,Activo,,,,,,J,Recebo Comun B-200,319.0,Concretos Morteros Agregados,C,Subcontratos,m3,metro cubico,ACTIVO,NO,0.0,NO,NO,0.0,0.0,30103.3613,19.0,35823.0,2369.0,8007,VIA,Relleno y Compatación Recebo B-200,5748.75,0.0,0,,m3,0,SI,SI,NO,NO,SI,NO,
1329,CDS D - URBANISMO EXTERNO ETAPA 1,03 URBANISMO EXTERNO,ADPRO,En ejecucion,NO,SIN PROPIETARIO,1329,CDS D - URBANISMO EXTERNO ETAPA 1,86.0,CDS - CIUDAD DE LOS SUENOS,10151015,CDS- URBANISMO EXTERNO ET1,NO,Principal,GRUPOS,13290003,CONSTRUCCION VIA CDS TRAMO K+339.92 A K+612.55,ACTA DE OBRA,2016-07-12,BLANCA ZORAIDA FRANCO CAICEDO,12/07/2016,09/10/2016,229.01,281.58,84193.4842,464.51577,23837999.64,291738968.9486,293348563.26,9,84658.0,84658.0,Abierto,B2,Civil Proceso Constructivo,SERVICIOS LOGISTICOS AVANZADOS S.A.S,900360029,,elmarago2000@hotmail.com,CL 77  59 58  P 2 OF 2,3604783,A,0,BARRANQUILLA,4290.0,Construcción de otras obras de ingeniería civil.,Activo,,,,,,J,Suministro y Colocacion Relleno con Sub Base Granular Tipo IDU SBG-C,319.0,Concretos Morteros Agregados,C,Subcontratos,m3,metro cubico,ACTIVO,NO,3.0,NO,NO,0.0,0.0,91401.72,19.0,108768.0468,6721.0,8010,VIA,Sub Base Suelo cemento 2.1 Mpa,681.0,0.0,0,,m3,0,SI,SI,NO,NO,SI,NO,
1329,CDS D - URBANISMO EXTERNO ETAPA 1,03 URBANISMO EXTERNO,ADPRO,En ejecucion,NO,SIN PROPIETARIO,1329,CDS D - URBANISMO EXTERNO ETAPA 1,86.0,CDS - CIUDAD DE LOS SUENOS,10151015,CDS- URBANISMO EXTERNO ET1,NO,Principal,GRUPOS,13290003,CONSTRUCCION VIA CDS TRAMO K+339.92 A K+612.55,ACTA DE OBRA,2016-07-12,BLANCA ZORAIDA FRANCO CAICEDO,12/07/2016,09/10/2016,274.81,2771.29,9500.583,52.41701,26474133.37,291738968.9486,293348563.26,7,9553.0,9553.0,Abierto,B2,Civil Proceso Constructivo,SERVICIOS LOGISTICOS AVANZADOS S.A.S,900360029,,elmarago2000@hotmail.com,CL 77  59 58  P 2 OF 2,3604783,A,0,BARRANQUILLA,4290.0,Construcción de otras obras de ingeniería civil.,Activo,,,,,,J,Retiro Material Excavacion,311.0,Actividades Obra,C,Subcontratos,m3,metro cubico,ACTIVO,NO,3.0,NO,NO,0.0,0.0,15948.28,19.0,18978.4532,5478.0,8008,VIA,Retiro Materiales Excavación a Botadero  ,2500.0,0.0,0,,m3,0,SI,SI,NO,NO,SI,NO,
742,QSA QUINTAS DE SALITRE ALTO - PT,43 PROYECTOS TERMINADOS,ADPRO,En ejecucion,SI,SIN PROPIETARIO,742,QSA QUINTAS DE SALITRE ALTO - PT,65.0,PYT - PROYECTOS TERMINADOS - PT,40011509,QSA QUINTAS DE SALITRE ALTO - PT,NO,Principal,GRUPOS,7420068,IMNUNIZACION Y DENSIFICACION DE TANQUES,ACTAS DE OBRA,2016-12-09,CYNDI LORENA CAMERO,28/11/2016,28/01/2017,57600.0,57600.0,502.6976,4.30237,29203200.0,28955383.6534,29203200.0,1,507.0,507.0,Abierto,H1,Orden de T/S - 4,FABRICA DE IMPERMEABILIZANTES Y PINTURAS H.S.L. S.A.S.,900604832,,henrysochaleon@hotmail.com,CL 12 A 1B E 85 MZ 13 IN 6 CA 26,3202303424,A,30,MOSQUERA,4112.0,Construcción de edificios no residenciales.,Activo,,,,,,J,Proyectos Terminados,311.0,Actividades Obra,C,Subcontratos,Un,unidad,ACTIVO,NO,3.0,NO,NO,0.0,0.0,8620.69,19.0,10258.6211,6646.0,8011,Ppto 03 - Nivelacion Bloque 5,EXCAVACION MANUAL,44.55,0.0,0,,m3,0,SI,SI,NO,NO,NO,NO,
742,QSA QUINTAS DE SALITRE ALTO - PT,43 PROYECTOS TERMINADOS,ADPRO,En ejecucion,SI,SIN PROPIETARIO,742,QSA QUINTAS DE SALITRE ALTO - PT,65.0,PYT - PROYECTOS TERMINADOS - PT,40011509,QSA QUINTAS DE SALITRE ALTO - PT,NO,Principal,GRUPOS,7420055,REEMBOLSOS SERVICIOS PUBLICOS Y TRASLADO PARQUEADEROS,ACTAS DE OBRA,2016-08-05,CYNDI LORENA CAMERO,28/07/2016,30/06/2017,8.0,8.0,300000.0,0.0,2400000.0,15600000.0,15600000.0,1,300000.0,300000.0,Abierto,R,Pagos Sin Retenciones,CONJUNTO RESIDENCIAL QUINTAS DE SALITRE ALTO - PROPIEDAD HORIZONTAL,900148367,,quintasdesalitrealto@gmail.com,CRA  63 22-31,3167596590,A,0,BOGOTÁ D.C.,6820.0,Actividades inmobiliarias realizadas a cambio de una retribución o por contrata.,Activo,,,,,,J,Proyectos Terminados,311.0,Actividades Obra,C,Subcontratos,Un,unidad,ACTIVO,NO,3.0,NO,NO,0.0,0.0,8620.69,19.0,10258.6211,6646.0,8021,Ppto 03 - Nivelacion Bloque 5,REEMBOLSO SERVICIOS PUBLICOS,16.0,0.0,0,,mes,0,SI,SI,NO,NO,NO,NO,
742,QSA QUINTAS DE SALITRE ALTO - PT,43 PROYECTOS TERMINADOS,ADPRO,En ejecucion,SI,SIN PROPIETARIO,742,QSA QUINTAS DE SALITRE ALTO - PT,65.0,PYT - PROYECTOS TERMINADOS - PT,40011509,QSA QUINTAS DE SALITRE ALTO - PT,NO,Principal,GRUPOS,7420055,REEMBOLSOS SERVICIOS PUBLICOS Y TRASLADO PARQUEADEROS,ACTAS DE OBRA,2016-08-05,CYNDI LORENA CAMERO,28/07/2016,30/06/2017,82.5,82.5,160000.0,0.0,13200000.0,15600000.0,15600000.0,2,160000.0,160000.0,Abierto,R,Pagos Sin Retenciones,CONJUNTO RESIDENCIAL QUINTAS DE SALITRE ALTO - PROPIEDAD HORIZONTAL,900148367,,quintasdesalitrealto@gmail.com,CRA  63 22-31,3167596590,A,0,BOGOTÁ D.C.,6820.0,Actividades inmobiliarias realizadas a cambio de una retribución o por contrata.,Activo,,,,,,J,Proyectos Terminados,311.0,Actividades Obra,C,Subcontratos,Un,unidad,ACTIVO,NO,3.0,NO,NO,0.0,0.0,8620.69,19.0,10258.6211,6646.0,10001,Ppto 03 - Nivelacion Bloque 5,REEMBOLSO TRASLADO DE PARQUEADEROS ($200.000*6 meses),22.0,0.0,0,,Un,0,SI,SI,NO,NO,NO,NO,
742,QSA QUINTAS DE SALITRE ALTO - PT,43 PROYECTOS TERMINADOS,ADPRO,En ejecucion,SI,SIN PROPIETARIO,742,QSA QUINTAS DE SALITRE ALTO - PT,65.0,PYT - PROYECTOS TERMINADOS - PT,40011509,QSA QUINTAS DE SALITRE ALTO - PT,NO,Principal,GRUPOS,7420057,SUMINISTRO E INSTALACION SOPORTE DE TANQUES,ACTAS DE OBRA,2016-08-05,CYNDI LORENA CAMERO,01/08/2016,10/06/2017,24.0,24.0,300000.0,48000.0,8352000.0,7200000.0,8352000.0,1,348000.0,348000.0,Abierto,C1,Suministro Instalacion,INDUMETALICAS VILLAREAL LTDA,900724185,,industriasvillarreal@hotmail.com,CR 103 C  139  68,4639596,A,30,BOGOTÁ D.C.,2511.0,Fabricación de productos metálicos para uso estructural.,Activo,,,,,,J,Proyectos Terminados,311.0,Actividades Obra,C,Subcontratos,Un,unidad,ACTIVO,NO,3.0,NO,NO,0.0,0.0,8620.69,19.0,10258.6211,6646.0,8016,Ppto 03 - Nivelacion Bloque 5,SUMINISTRO E INSTALACION DE ESTRUCTURA METALICA PARA SOPORTE TANQUE,30.0,0.0,0,,Un,0,SI,SI,NO,NO,NO,NO,
174,PDA PRELIMINARES,05 OBRAS PRELIMINARES,ADPRO,En ejecucion,SI,SIN PROPIETARIO,174,PDA PRELIMINARES,25.0,PDA GENERALES NO ASIGNADOS,5032010,PDA GG NO ASIGNADOS,NO,Principal,GRUPOS,1740263,"CONSTRUCCION CAMPAMENTOS PARA ALAMCEN, BAÑOS, ENFERMERIA, CASINO Y CASETA VIGILANCIA",ACTAS QUINCENALES,2016-04-13,NATHALIA CAROLINA MORENO ORDOÑEZ,15/04/2016,30/12/2016,230.0,230.0,10182.4138,1629.18621,2716668.00184,54948156.3738,63739861.39363,40,11811.600008,11811.6,Abierto,C1,Suministro Instalacion,FV CONSTRUCCIONES INTEGRALES S.A.S,900725297,,fvconstruccionesintegrales@gmail.com,CL 13 02 43 IN  9 AP 204,3134002768,A,60,FUNZA,4290.0,Construcción de otras obras de ingeniería civil.,Activo,,,,,,J,Instalacion Teja Ondulada,346.0,Mano Obra Gris,C,Subcontratos,Un,unidad,ACTIVO,NO,0.0,NO,NO,0.0,0.0,44578.0,0.0,44578.0,4352.0,2008,PRELIMINARES,Construccion Casino Lote W,1.222,10998000.0,0,,Sg,0,SI,SI,NO,NO,SI,NO,
174,PDA PRELIMINARES,05 OBRAS PRELIMINARES,ADPRO,En ejecucion,SI,SIN PROPIETARIO,174,PDA PRELIMINARES,25.0,PDA GENERALES NO ASIGNADOS,5032010,PDA GG NO ASIGNADOS,NO,Principal,GRUPOS,1740263,"CONSTRUCCION CAMPAMENTOS PARA ALAMCEN, BAÑOS, ENFERMERIA, CASINO Y CASETA VIGILANCIA",ACTAS QUINCENALES,2016-04-13,NATHALIA CAROLINA MORENO ORDOÑEZ,15/04/2016,30/12/2016,50.44,50.44,39126.4224,6260.22758,2289302.62519,54948156.3738,63739861.39363,29,45386.649984,45386.65,Abierto,C1,Suministro Instalacion,FV CONSTRUCCIONES INTEGRALES S.A.S,900725297,,fvconstruccionesintegrales@gmail.com,CL 13 02 43 IN  9 AP 204,3134002768,A,60,FUNZA,4290.0,Construcción de otras obras de ingeniería civil.,Activo,,,,,,J,Campamento (Construccion),311.0,Actividades Obra,C,Subcontratos,Un,unidad,ACTIVO,NO,3.0,NO,NO,0.0,0.0,10000.0,0.0,10000.0,3997.0,2008,PRELIMINARES,Construccion Casino Lote W,1.222,10998000.0,0,,Sg,0,SI,SI,NO,NO,SI,NO,
174,PDA PRELIMINARES,05 OBRAS PRELIMINARES,ADPRO,En ejecucion,SI,SIN PROPIETARIO,174,PDA PRELIMINARES,25.0,PDA GENERALES NO ASIGNADOS,5032010,PDA GG NO ASIGNADOS,NO,Principal,GRUPOS,1740263,"CONSTRUCCION CAMPAMENTOS PARA ALAMCEN, BAÑOS, ENFERMERIA, CASINO Y CASETA VIGILANCIA",ACTAS QUINCENALES,2016-04-13,NATHALIA CAROLINA MORENO ORDOÑEZ,15/04/2016,30/12/2016,8.0,8.0,10182.4138,1629.18621,94492.80006,54948156.3738,63739861.39363,61,11811.600008,11811.6,Abierto,C1,Suministro Instalacion,FV CONSTRUCCIONES INTEGRALES S.A.S,900725297,,fvconstruccionesintegrales@gmail.com,CL 13 02 43 IN  9 AP 204,3134002768,A,60,FUNZA,4290.0,Construcción de otras obras de ingeniería civil.,Activo,,,,,,J,Instalacion Teja Ondulada,346.0,Mano Obra Gris,C,Subcontratos,Un,unidad,ACTIVO,NO,0.0,NO,NO,0.0,0.0,44578.0,0.0,44578.0,4352.0,2007,PRELIMINARES,Obra Civil Campamento Lote W,476.59,40510150.0,0,,m,0,SI,SI,NO,NO,SI,NO,
174,PDA PRELIMINARES,05 OBRAS PRELIMINARES,ADPRO,En ejecucion,SI,SIN PROPIETARIO,174,PDA PRELIMINARES,25.0,PDA GENERALES NO ASIGNADOS,5032010,PDA GG NO ASIGNADOS,NO,Principal,GRUPOS,1740263,"CONSTRUCCION CAMPAMENTOS PARA ALAMCEN, BAÑOS, ENFERMERIA, CASINO Y CASETA VIGILANCIA",ACTAS QUINCENALES,2016-04-13,NATHALIA CAROLINA MORENO ORDOÑEZ,15/04/2016,30/12/2016,199.0,199.0,10182.4138,1629.18621,2350508.40159,54948156.3738,63739861.39363,9,11811.600008,11811.6,Abierto,C1,Suministro Instalacion,FV CONSTRUCCIONES INTEGRALES S.A.S,900725297,,fvconstruccionesintegrales@gmail.com,CL 13 02 43 IN  9 AP 204,3134002768,A,60,FUNZA,4290.0,Construcción de otras obras de ingeniería civil.,Activo,,,,,,J,Instalacion Teja Ondulada,346.0,Mano Obra Gris,C,Subcontratos,Un,unidad,ACTIVO,NO,0.0,NO,NO,0.0,0.0,44578.0,0.0,44578.0,4352.0,2007,PRELIMINARES,Obra Civil Campamento Lote W,476.59,40510150.0,0,,m,0,SI,SI,NO,NO,SI,NO,
174,PDA PRELIMINARES,05 OBRAS PRELIMINARES,ADPRO,En ejecucion,SI,SIN PROPIETARIO,174,PDA PRELIMINARES,25.0,PDA GENERALES NO ASIGNADOS,5032010,PDA GG NO ASIGNADOS,NO,Principal,GRUPOS,1740263,"CONSTRUCCION CAMPAMENTOS PARA ALAMCEN, BAÑOS, ENFERMERIA, CASINO Y CASETA VIGILANCIA",ACTAS QUINCENALES,2016-04-13,NATHALIA CAROLINA MORENO ORDOÑEZ,15/04/2016,30/12/2016,10.0,10.0,10182.4138,1629.18621,118116.00008,54948156.3738,63739861.39363,54,11811.600008,11811.6,Abierto,C1,Suministro Instalacion,FV CONSTRUCCIONES INTEGRALES S.A.S,900725297,,fvconstruccionesintegrales@gmail.com,CL 13 02 43 IN  9 AP 204,3134002768,A,60,FUNZA,4290.0,Construcción de otras obras de ingeniería civil.,Activo,,,,,,J,Instalacion Teja Ondulada,346.0,Mano Obra Gris,C,Subcontratos,Un,unidad,ACTIVO,NO,0.0,NO,NO,0.0,0.0,44578.0,0.0,44578.0,4352.0,2007,PRELIMINARES,Obra Civil Campamento Lote W,476.59,40510150.0,0,,m,0,SI,SI,NO,NO,SI,NO,
174,PDA PRELIMINARES,05 OBRAS PRELIMINARES,ADPRO,En ejecucion,SI,SIN PROPIETARIO,174,PDA PRELIMINARES,25.0,PDA GENERALES NO ASIGNADOS,5032010,PDA GG NO ASIGNADOS,NO,Principal,GRUPOS,1740263,"CONSTRUCCION CAMPAMENTOS PARA ALAMCEN, BAÑOS, ENFERMERIA, CASINO Y CASETA VIGILANCIA",ACTAS QUINCENALES,2016-04-13,NATHALIA CAROLINA MORENO ORDOÑEZ,15/04/2016,30/12/2016,10.0,10.0,11879.4828,1900.71725,137802.00048,54948156.3738,63739861.39363,20,13780.200048,13780.2,Abierto,C1,Suministro Instalacion,FV CONSTRUCCIONES INTEGRALES S.A.S,900725297,,fvconstruccionesintegrales@gmail.com,CL 13 02 43 IN  9 AP 204,3134002768,A,60,FUNZA,4290.0,Construcción de otras obras de ingeniería civil.,Activo,,,,,,J,Instalacion Teja Ondulada,346.0,Mano Obra Gris,C,Subcontratos,Un,unidad,ACTIVO,NO,0.0,NO,NO,0.0,0.0,44578.0,0.0,44578.0,4352.0,2007,PRELIMINARES,Obra Civil Campamento Lote W,476.59,40510150.0,0,,m,0,SI,SI,NO,NO,SI,NO,
337,PDA LOCATIVAS,10 OBRAS EJECUCION DE GARANTIAS,ADPRO,En ejecucion,SI,SIN PROPIETARIO,337,PDA LOCATIVAS,25.0,PDA GENERALES NO ASIGNADOS,5032010,PDA GG NO ASIGNADOS,NO,Principal,GRUPOS,3370126,ADECUACION Y PINTURA EN TECHOS DE CASAS 21-22 ESTORAQUES Y 15 BARU,Actas de Obra Quincenales,2016-05-27,RENE ALEJANDRO MELO JIMENEZ,27/05/2016,25/07/2016,2.0,2.0,483000.0,3360.0,972720.0,3036000.0,3057120.0,1,486360.0,486360.0,Abierto,B3,Civil Todo Costo,FV CONSTRUCCIONES INTEGRALES S.A.S,900725297,,fvconstruccionesintegrales@gmail.com,CL 13 02 43 IN  9 AP 204,3134002768,A,60,FUNZA,4290.0,Construcción de otras obras de ingeniería civil.,Activo,,,,,,J,Pintura Locativas,384.0,Locativas,C,Subcontratos,Un,unidad,ACTIVO,NO,0.0,NO,NO,0.0,0.0,8620.69,19.0,10258.6211,4732.0,10002,PDA LOCATIVAS AYAPEL,Pintura Town House Medianera,80.0,58370724.0,0,,und,0,SI,SI,NO,NO,SI,NO,
337,PDA LOCATIVAS,10 OBRAS EJECUCION DE GARANTIAS,ADPRO,En ejecucion,SI,SIN PROPIETARIO,337,PDA LOCATIVAS,25.0,PDA GENERALES NO ASIGNADOS,5032010,PDA GG NO ASIGNADOS,NO,Principal,GRUPOS,3370126,ADECUACION Y PINTURA EN TECHOS DE CASAS 21-22 ESTORAQUES Y 15 BARU,Actas de Obra Quincenales,2016-05-27,RENE ALEJANDRO MELO JIMENEZ,27/05/2016,25/07/2016,1.0,1.0,2070000.0,14400.0,2084400.0,3036000.0,3057120.0,2,2084400.0,2084400.0,Abierto,B3,Civil Todo Costo,FV CONSTRUCCIONES INTEGRALES S.A.S,900725297,,fvconstruccionesintegrales@gmail.com,CL 13 02 43 IN  9 AP 204,3134002768,A,60,FUNZA,4290.0,Construcción de otras obras de ingeniería civil.,Activo,,,,,,J,Pintura Locativas,384.0,Locativas,C,Subcontratos,Un,unidad,ACTIVO,NO,0.0,NO,NO,0.0,0.0,8620.69,19.0,10258.6211,4732.0,10002,PDA LOCATIVAS AYAPEL,Pintura Town House Medianera,80.0,58370724.0,0,,und,0,SI,SI,NO,NO,SI,NO,
337,PDA LOCATIVAS,10 OBRAS EJECUCION DE GARANTIAS,ADPRO,En ejecucion,SI,SIN PROPIETARIO,337,PDA LOCATIVAS,25.0,PDA GENERALES NO ASIGNADOS,5032010,PDA GG NO ASIGNADOS,NO,Principal,GRUPOS,3370144,REEMBOLSO A PROPIETARIO CASA 8 BARU,ACTA DE OBRA,2016-09-20,RENE ALEJANDRO MELO JIMENEZ,20/09/2016,30/10/2016,1.0,1.0,869900.0,0.0,869900.0,869900.0,869900.0,1,869900.0,869900.0,Abierto,R,Pagos Sin Retenciones,LA ROTTA GARCIA SAÚL,6754907,,,Calle 10 No. 3 - A - 10 Cota,8766231,A,30,COTA,10.0,Asalariados,Activo,,,,,,N,Todo Costo o Proceso Const.,999.0,Varios,C,Subcontratos,Un,unidad,ACTIVO,NO,3.0,NO,NO,0.0,0.0,8620.69,19.0,10258.6211,4060.0,11006,PDA LOCATIVAS ESTORAQUES,Electrodomesticos Town House Medianera,24.0,662880.0,0,,und,0,SI,SI,NO,NO,SI,NO,
337,PDA LOCATIVAS,10 OBRAS EJECUCION DE GARANTIAS,ADPRO,En ejecucion,SI,SIN PROPIETARIO,337,PDA LOCATIVAS,25.0,PDA GENERALES NO ASIGNADOS,5032010,PDA GG NO ASIGNADOS,NO,Principal,GRUPOS,3370147,REEMBOLSO A PROPIETARIO CASA 8 BARU - INSTALACION CALENTADOR,ACTA DE OBRA,2016-10-11,RENE ALEJANDRO MELO JIMENEZ,11/10/2016,30/12/2016,1.0,1.0,200000.0,0.0,200000.0,200000.0,200000.0,1,200000.0,200000.0,Abierto,R,Pagos Sin Retenciones,LA ROTTA GARCIA SAÚL,6754907,,,Calle 10 No. 3 - A - 10 Cota,8766231,A,30,COTA,10.0,Asalariados,Activo,,,,,,N,Electrodomesticos Locativas,384.0,Locativas,C,Subcontratos,Un,unidad,ACTIVO,NO,0.0,NO,NO,0.0,0.0,8620.69,19.0,10258.6211,4733.0,11006,PDA LOCATIVAS ESTORAQUES,Electrodomesticos Town House Medianera,24.0,662880.0,0,,und,0,SI,SI,NO,NO,SI,NO,
337,PDA LOCATIVAS,10 OBRAS EJECUCION DE GARANTIAS,ADPRO,En ejecucion,SI,SIN PROPIETARIO,337,PDA LOCATIVAS,25.0,PDA GENERALES NO ASIGNADOS,5032010,PDA GG NO ASIGNADOS,NO,Principal,GRUPOS,3370124,RESTAURACION POR FILTRACIONES FACHADAS CASAS BARU Y AYAPEL,Actas de Obra Quincenales,2016-05-23,RENE ALEJANDRO MELO JIMENEZ,23/05/2016,30/07/2016,369.0,369.0,10178.8536,70.8094,3782125.647,7115018.655,7164514.437,1,10249.663,10249.6630081301,Abierto,B,Civil Mano de Obra,FV CONSTRUCCIONES INTEGRALES S.A.S,900725297,,fvconstruccionesintegrales@gmail.com,CL 13 02 43 IN  9 AP 204,3134002768,A,60,FUNZA,4290.0,Construcción de otras obras de ingeniería civil.,Activo,,,,,,J,Humedades Locativas,384.0,Locativas,C,Subcontratos,Un,unidad,ACTIVO,NO,0.0,NO,NO,0.0,0.0,86206.9,19.0,102586.211,4730.0,8007,PDA LOCATIVAS DARIEN,Humedades Pareada,66.0,6378884.16,0,,und,0,SI,SI,NO,NO,SI,NO,
337,PDA LOCATIVAS,10 OBRAS EJECUCION DE GARANTIAS,ADPRO,En ejecucion,SI,SIN PROPIETARIO,337,PDA LOCATIVAS,25.0,PDA GENERALES NO ASIGNADOS,5032010,PDA GG NO ASIGNADOS,NO,Principal,GRUPOS,3370124,RESTAURACION POR FILTRACIONES FACHADAS CASAS BARU Y AYAPEL,Actas de Obra Quincenales,2016-05-23,RENE ALEJANDRO MELO JIMENEZ,23/05/2016,30/07/2016,330.0,330.0,10178.8536,70.8094,3382388.79,7115018.655,7164514.437,2,10249.663,10249.6630081301,Abierto,B,Civil Mano de Obra,FV CONSTRUCCIONES INTEGRALES S.A.S,900725297,,fvconstruccionesintegrales@gmail.com,CL 13 02 43 IN  9 AP 204,3134002768,A,60,FUNZA,4290.0,Construcción de otras obras de ingeniería civil.,Activo,,,,,,J,Humedades Locativas,384.0,Locativas,C,Subcontratos,Un,unidad,ACTIVO,NO,0.0,NO,NO,0.0,0.0,86206.9,19.0,102586.211,4730.0,8007,PDA LOCATIVAS DARIEN,Humedades Pareada,66.0,6378884.16,0,,und,0,SI,SI,NO,NO,SI,NO,
337,PDA LOCATIVAS,10 OBRAS EJECUCION DE GARANTIAS,ADPRO,En ejecucion,SI,SIN PROPIETARIO,337,PDA LOCATIVAS,25.0,PDA GENERALES NO ASIGNADOS,5032010,PDA GG NO ASIGNADOS,NO,Principal,GRUPOS,3370132,SUMINISTRO E INSTALACION - REPOSICION VIDRIOS CASAS 34 IGUAQUE Y 3 GALERAS,ACTA DE OBRA,2016-07-18,RENE ALEJANDRO MELO JIMENEZ,18/07/2016,20/02/2017,1.0,1.0,46777.0,7484.32,54261.32,1274122.3103,1477981.87995,2,54261.32,54261.32,Abierto,H1,Orden de T/S - 4,INDUSTRIAS DE ALUMINIO ARQUITECTONICO Y VENTANERIA S.A.S,811029147,,contabilidad@alco.com.co,CR 48 A 57 SUR 30,3174047548,A,30,SABANETA,2511.0,Fabricación de productos metálicos para uso estructural.,Activo,,,,,,J,Ventaneria Locativas,384.0,Locativas,C,Subcontratos,Un,unidad,ACTIVO,NO,0.0,NO,NO,0.0,0.0,8620.69,19.0,10258.6211,4731.0,9008,PDA LOCATIVAS GALERAS,Ventaneria Pareada,60.0,1280254.8,0,,und,0,SI,SI,NO,NO,SI,NO,
337,PDA LOCATIVAS,10 OBRAS EJECUCION DE GARANTIAS,ADPRO,En ejecucion,SI,SIN PROPIETARIO,337,PDA LOCATIVAS,25.0,PDA GENERALES NO ASIGNADOS,5032010,PDA GG NO ASIGNADOS,NO,Principal,GRUPOS,3370132,SUMINISTRO E INSTALACION - REPOSICION VIDRIOS CASAS 34 IGUAQUE Y 3 GALERAS,ACTA DE OBRA,2016-07-18,RENE ALEJANDRO MELO JIMENEZ,18/07/2016,20/02/2017,1.0,1.0,275796.0,44127.36,319923.36,1274122.3103,1477981.87995,1,319923.36,319923.36,Abierto,H1,Orden de T/S - 4,INDUSTRIAS DE ALUMINIO ARQUITECTONICO Y VENTANERIA S.A.S,811029147,,contabilidad@alco.com.co,CR 48 A 57 SUR 30,3174047548,A,30,SABANETA,2511.0,Fabricación de productos metálicos para uso estructural.,Activo,,,,,,J,Ventaneria Locativas,384.0,Locativas,C,Subcontratos,Un,unidad,ACTIVO,NO,0.0,NO,NO,0.0,0.0,8620.69,19.0,10258.6211,4731.0,9008,PDA LOCATIVAS GALERAS,Ventaneria Pareada,60.0,1280254.8,0,,und,0,SI,SI,NO,NO,SI,NO,
337,PDA LOCATIVAS,10 OBRAS EJECUCION DE GARANTIAS,ADPRO,En ejecucion,SI,SIN PROPIETARIO,337,PDA LOCATIVAS,25.0,PDA GENERALES NO ASIGNADOS,5032010,PDA GG NO ASIGNADOS,NO,Principal,GRUPOS,3370125,"ADECUACION TERRAZAS Y PARQUEADEROS CASAS BARU, DARIEN Y FARALLONES",Actas de Obra Quincenales,2016-05-23,RENE ALEJANDRO MELO JIMENEZ,23/05/2016,30/07/2016,22.0,22.0,87608.5492,609.4508,1940796.0,6889049.1796,6936973.0,2,88218.0,88218.0,Abierto,B,Civil Mano de Obra,FV CONSTRUCCIONES INTEGRALES S.A.S,900725297,,fvconstruccionesintegrales@gmail.com,CL 13 02 43 IN  9 AP 204,3134002768,A,60,FUNZA,4290.0,Construcción de otras obras de ingeniería civil.,Activo,,,,,,J,Enchape Locativas,384.0,Locativas,C,Subcontratos,Un,unidad,ACTIVO,NO,0.0,NO,NO,0.0,0.0,8620.69,19.0,10258.6211,4729.0,7009,PDA LOCATIVAS FARALLONES,Enchape Town House Esquinera,36.0,837216.0,0,,und,0,SI,SI,NO,NO,SI,NO,
337,PDA LOCATIVAS,10 OBRAS EJECUCION DE GARANTIAS,ADPRO,En ejecucion,SI,SIN PROPIETARIO,337,PDA LOCATIVAS,25.0,PDA GENERALES NO ASIGNADOS,5032010,PDA GG NO ASIGNADOS,NO,Principal,GRUPOS,3370132,SUMINISTRO E INSTALACION - REPOSICION VIDRIOS CASAS 34 IGUAQUE Y 3 GALERAS,ACTA DE OBRA,2016-07-18,RENE ALEJANDRO MELO JIMENEZ,18/07/2016,20/02/2017,1.0,1.0,193190.0,30910.4,224100.4,1274122.3103,1477981.87995,5,224100.4,224100.4,Abierto,H1,Orden de T/S - 4,INDUSTRIAS DE ALUMINIO ARQUITECTONICO Y VENTANERIA S.A.S,811029147,,contabilidad@alco.com.co,CR 48 A 57 SUR 30,3174047548,A,30,SABANETA,2511.0,Fabricación de productos metálicos para uso estructural.,Activo,,,,,,J,Ventaneria Locativas,384.0,Locativas,C,Subcontratos,Un,unidad,ACTIVO,NO,0.0,NO,NO,0.0,0.0,8620.69,19.0,10258.6211,4731.0,9013,PDA LOCATIVAS IGUAQUE,Ventaneria Aislada,25.0,851325.0,0,,und,0,SI,SI,NO,NO,SI,NO,
337,PDA LOCATIVAS,10 OBRAS EJECUCION DE GARANTIAS,ADPRO,En ejecucion,SI,SIN PROPIETARIO,337,PDA LOCATIVAS,25.0,PDA GENERALES NO ASIGNADOS,5032010,PDA GG NO ASIGNADOS,NO,Principal,GRUPOS,3370132,SUMINISTRO E INSTALACION - REPOSICION VIDRIOS CASAS 34 IGUAQUE Y 3 GALERAS,ACTA DE OBRA,2016-07-18,RENE ALEJANDRO MELO JIMENEZ,18/07/2016,20/02/2017,1.0,1.0,263305.3103,42128.84965,305434.15995,1274122.3103,1477981.87995,4,305434.159948,305434.16,Abierto,H1,Orden de T/S - 4,INDUSTRIAS DE ALUMINIO ARQUITECTONICO Y VENTANERIA S.A.S,811029147,,contabilidad@alco.com.co,CR 48 A 57 SUR 30,3174047548,A,30,SABANETA,2511.0,Fabricación de productos metálicos para uso estructural.,Activo,,,,,,J,Ventaneria Locativas,384.0,Locativas,C,Subcontratos,Un,unidad,ACTIVO,NO,0.0,NO,NO,0.0,0.0,8620.69,19.0,10258.6211,4731.0,9013,PDA LOCATIVAS IGUAQUE,Ventaneria Aislada,25.0,851325.0,0,,und,0,SI,SI,NO,NO,SI,NO,
337,PDA LOCATIVAS,10 OBRAS EJECUCION DE GARANTIAS,ADPRO,En ejecucion,SI,SIN PROPIETARIO,337,PDA LOCATIVAS,25.0,PDA GENERALES NO ASIGNADOS,5032010,PDA GG NO ASIGNADOS,NO,Principal,GRUPOS,3370132,SUMINISTRO E INSTALACION - REPOSICION VIDRIOS CASAS 34 IGUAQUE Y 3 GALERAS,ACTA DE OBRA,2016-07-18,RENE ALEJANDRO MELO JIMENEZ,18/07/2016,20/02/2017,1.0,1.0,330204.0,52832.64,383036.64,1274122.3103,1477981.87995,3,383036.64,383036.64,Abierto,H1,Orden de T/S - 4,INDUSTRIAS DE ALUMINIO ARQUITECTONICO Y VENTANERIA S.A.S,811029147,,contabilidad@alco.com.co,CR 48 A 57 SUR 30,3174047548,A,30,SABANETA,2511.0,Fabricación de productos metálicos para uso estructural.,Activo,,,,,,J,Ventaneria Locativas,384.0,Locativas,C,Subcontratos,Un,unidad,ACTIVO,NO,0.0,NO,NO,0.0,0.0,8620.69,19.0,10258.6211,4731.0,9013,PDA LOCATIVAS IGUAQUE,Ventaneria Aislada,25.0,851325.0,0,,und,0,SI,SI,NO,NO,SI,NO,
337,PDA LOCATIVAS,10 OBRAS EJECUCION DE GARANTIAS,ADPRO,En ejecucion,SI,SIN PROPIETARIO,337,PDA LOCATIVAS,25.0,PDA GENERALES NO ASIGNADOS,5032010,PDA GG NO ASIGNADOS,NO,Principal,GRUPOS,3370149,"LOCATIVAS ENCHAPES, MAMPOSTERIA, IMPERMEABILIZACION CASAS 03-30-53 GALERAS",Actas de Obra Quincenales,2016-10-19,RENE ALEJANDRO MELO JIMENEZ,13/10/2016,01/12/2016,22.0,22.0,78335.0604,544.93955,1735360.0,8969479.5108,9031875.89,1,78880.0,78880.0,Abierto,B,Civil Mano de Obra,FV CONSTRUCCIONES INTEGRALES S.A.S,900725297,,fvconstruccionesintegrales@gmail.com,CL 13 02 43 IN  9 AP 204,3134002768,A,60,FUNZA,4290.0,Construcción de otras obras de ingeniería civil.,Activo,,,,,,J,Demolicion,311.0,Actividades Obra,C,Subcontratos,sg,suma global,ACTIVO,NO,3.0,NO,NO,0.0,0.0,6034482.76,19.0,7181034.4844,4440.0,7008,PDA LOCATIVAS GALERAS,Enchape Pareada,60.0,1728011.4,0,,und,0,SI,SI,NO,NO,SI,NO,
337,PDA LOCATIVAS,10 OBRAS EJECUCION DE GARANTIAS,ADPRO,En ejecucion,SI,SIN PROPIETARIO,337,PDA LOCATIVAS,25.0,PDA GENERALES NO ASIGNADOS,5032010,PDA GG NO ASIGNADOS,NO,Principal,GRUPOS,3370149,"LOCATIVAS ENCHAPES, MAMPOSTERIA, IMPERMEABILIZACION CASAS 03-30-53 GALERAS",Actas de Obra Quincenales,2016-10-19,RENE ALEJANDRO MELO JIMENEZ,13/10/2016,01/12/2016,1.0,1.0,345595.8549,2404.14508,348000.0,8969479.5108,9031875.89,6,348000.0,348000.0,Abierto,B,Civil Mano de Obra,FV CONSTRUCCIONES INTEGRALES S.A.S,900725297,,fvconstruccionesintegrales@gmail.com,CL 13 02 43 IN  9 AP 204,3134002768,A,60,FUNZA,4290.0,Construcción de otras obras de ingeniería civil.,Activo,,,,,,J,Aseo Entrega Casa,311.0,Actividades Obra,C,Subcontratos,Un,unidad,ACTIVO,NO,0.0,NO,NO,0.0,0.0,991379.31,19.0,1179741.3789,353.0,7008,PDA LOCATIVAS GALERAS,Enchape Pareada,60.0,1728011.4,0,,und,0,SI,SI,NO,NO,SI,NO,
337,PDA LOCATIVAS,10 OBRAS EJECUCION DE GARANTIAS,ADPRO,En ejecucion,SI,SIN PROPIETARIO,337,PDA LOCATIVAS,25.0,PDA GENERALES NO ASIGNADOS,5032010,PDA GG NO ASIGNADOS,NO,Principal,GRUPOS,3370149,"LOCATIVAS ENCHAPES, MAMPOSTERIA, IMPERMEABILIZACION CASAS 03-30-53 GALERAS",Actas de Obra Quincenales,2016-10-19,RENE ALEJANDRO MELO JIMENEZ,13/10/2016,01/12/2016,1.0,1.0,460794.4732,3205.52677,464000.0,8969479.5108,9031875.89,8,464000.0,464000.0,Abierto,B,Civil Mano de Obra,FV CONSTRUCCIONES INTEGRALES S.A.S,900725297,,fvconstruccionesintegrales@gmail.com,CL 13 02 43 IN  9 AP 204,3134002768,A,60,FUNZA,4290.0,Construcción de otras obras de ingeniería civil.,Activo,,,,,,J,Mortero Impermeable Emboquillar (Ceramicos),312.0,Aditivos Quimicos Mantos Impermeabilizantes,M,Materiales,kg,kilogramo,ACTIVO,NO,0.0,NO,NO,0.0,0.0,2656.8,19.0,3280.0,1986.0,7008,PDA LOCATIVAS GALERAS,Enchape Pareada,60.0,1728011.4,0,,und,0,SI,SI,NO,NO,SI,NO,
337,PDA LOCATIVAS,10 OBRAS EJECUCION DE GARANTIAS,ADPRO,En ejecucion,SI,SIN PROPIETARIO,337,PDA LOCATIVAS,25.0,PDA GENERALES NO ASIGNADOS,5032010,PDA GG NO ASIGNADOS,NO,Principal,GRUPOS,3370149,"LOCATIVAS ENCHAPES, MAMPOSTERIA, IMPERMEABILIZACION CASAS 03-30-53 GALERAS",Actas de Obra Quincenales,2016-10-19,RENE ALEJANDRO MELO JIMENEZ,13/10/2016,01/12/2016,22.0,22.0,55295.3368,384.66321,1224960.0,8969479.5108,9031875.89,2,55680.0,55680.0,Abierto,B,Civil Mano de Obra,FV CONSTRUCCIONES INTEGRALES S.A.S,900725297,,fvconstruccionesintegrales@gmail.com,CL 13 02 43 IN  9 AP 204,3134002768,A,60,FUNZA,4290.0,Construcción de otras obras de ingeniería civil.,Activo,,,,,,J,MdO Alistado Impermeable pisos e=4cm,346.0,Mano Obra Gris,O,MdeO Contratista,m2,metro cuadrado,ACTIVO,NO,0.0,NO,NO,0.0,0.0,6950.59,19.0,8271.2021,4428.0,7008,PDA LOCATIVAS GALERAS,Enchape Pareada,60.0,1728011.4,0,,und,0,SI,SI,NO,NO,SI,NO,
337,PDA LOCATIVAS,10 OBRAS EJECUCION DE GARANTIAS,ADPRO,En ejecucion,SI,SIN PROPIETARIO,337,PDA LOCATIVAS,25.0,PDA GENERALES NO ASIGNADOS,5032010,PDA GG NO ASIGNADOS,NO,Principal,GRUPOS,3370149,"LOCATIVAS ENCHAPES, MAMPOSTERIA, IMPERMEABILIZACION CASAS 03-30-53 GALERAS",Actas de Obra Quincenales,2016-10-19,RENE ALEJANDRO MELO JIMENEZ,13/10/2016,01/12/2016,2.0,2.0,460794.4732,3205.52677,928000.0,8969479.5108,9031875.89,4,464000.0,464000.0,Abierto,B,Civil Mano de Obra,FV CONSTRUCCIONES INTEGRALES S.A.S,900725297,,fvconstruccionesintegrales@gmail.com,CL 13 02 43 IN  9 AP 204,3134002768,A,60,FUNZA,4290.0,Construcción de otras obras de ingeniería civil.,Activo,,,,,,J,MdO Muro Ladrillo Estructural e=9cm (lineal),346.0,Mano Obra Gris,O,MdeO Contratista,m,metro,ACTIVO,NO,3.0,NO,NO,0.0,0.0,9051.72,19.0,10771.5468,4968.0,7008,PDA LOCATIVAS GALERAS,Enchape Pareada,60.0,1728011.4,0,,und,0,SI,SI,NO,NO,SI,NO,
337,PDA LOCATIVAS,10 OBRAS EJECUCION DE GARANTIAS,ADPRO,En ejecucion,SI,SIN PROPIETARIO,337,PDA LOCATIVAS,25.0,PDA GENERALES NO ASIGNADOS,5032010,PDA GG NO ASIGNADOS,NO,Principal,GRUPOS,3370149,"LOCATIVAS ENCHAPES, MAMPOSTERIA, IMPERMEABILIZACION CASAS 03-30-53 GALERAS",Actas de Obra Quincenales,2016-10-19,RENE ALEJANDRO MELO JIMENEZ,13/10/2016,01/12/2016,137.0,137.0,11821.7319,82.23813,1630843.89,8969479.5108,9031875.89,9,11903.97,11903.97,Abierto,B,Civil Mano de Obra,FV CONSTRUCCIONES INTEGRALES S.A.S,900725297,,fvconstruccionesintegrales@gmail.com,CL 13 02 43 IN  9 AP 204,3134002768,A,60,FUNZA,4290.0,Construcción de otras obras de ingeniería civil.,Activo,,,,,,J,Impermeabilizacion Muros Fachada,311.0,Actividades Obra,C,Subcontratos,m2,metro cuadrado,ACTIVO,NO,0.0,NO,NO,0.0,0.0,2831.76,19.0,3496.0,1624.0,7008,PDA LOCATIVAS GALERAS,Enchape Pareada,60.0,1728011.4,0,,und,0,SI,SI,NO,NO,SI,NO,
337,PDA LOCATIVAS,10 OBRAS EJECUCION DE GARANTIAS,ADPRO,En ejecucion,SI,SIN PROPIETARIO,337,PDA LOCATIVAS,25.0,PDA GENERALES NO ASIGNADOS,5032010,PDA GG NO ASIGNADOS,NO,Principal,GRUPOS,3370149,"LOCATIVAS ENCHAPES, MAMPOSTERIA, IMPERMEABILIZACION CASAS 03-30-53 GALERAS",Actas de Obra Quincenales,2016-10-19,RENE ALEJANDRO MELO JIMENEZ,13/10/2016,01/12/2016,22.0,22.0,72575.1295,504.87047,1607760.0,8969479.5108,9031875.89,3,73080.0,73080.0,Abierto,B,Civil Mano de Obra,FV CONSTRUCCIONES INTEGRALES S.A.S,900725297,,fvconstruccionesintegrales@gmail.com,CL 13 02 43 IN  9 AP 204,3134002768,A,60,FUNZA,4290.0,Construcción de otras obras de ingeniería civil.,Activo,,,,,,J,Tableta Gres 1/4x26,321.0,Enchapes Pisos,M,Materiales,m2,metro cuadrado,ACTIVO,NO,0.0,NO,NO,0.0,0.0,23471.55,19.0,27931.1445,2712.0,7008,PDA LOCATIVAS GALERAS,Enchape Pareada,60.0,1728011.4,0,,und,0,SI,SI,NO,NO,SI,NO,
337,PDA LOCATIVAS,10 OBRAS EJECUCION DE GARANTIAS,ADPRO,En ejecucion,SI,SIN PROPIETARIO,337,PDA LOCATIVAS,25.0,PDA GENERALES NO ASIGNADOS,5032010,PDA GG NO ASIGNADOS,NO,Principal,GRUPOS,3370149,"LOCATIVAS ENCHAPES, MAMPOSTERIA, IMPERMEABILIZACION CASAS 03-30-53 GALERAS",Actas de Obra Quincenales,2016-10-19,RENE ALEJANDRO MELO JIMENEZ,13/10/2016,01/12/2016,6.0,6.0,138238.342,961.65803,835200.0,8969479.5108,9031875.89,7,139200.0,139200.0,Abierto,B,Civil Mano de Obra,FV CONSTRUCCIONES INTEGRALES S.A.S,900725297,,fvconstruccionesintegrales@gmail.com,CL 13 02 43 IN  9 AP 204,3134002768,A,60,FUNZA,4290.0,Construcción de otras obras de ingeniería civil.,Activo,,,,,,J,MdO Muro Ladrillo Estructural e=9cm (lineal),346.0,Mano Obra Gris,O,MdeO Contratista,m,metro,ACTIVO,NO,3.0,NO,NO,0.0,0.0,9051.72,19.0,10771.5468,4968.0,7008,PDA LOCATIVAS GALERAS,Enchape Pareada,60.0,1728011.4,0,,und,0,SI,SI,NO,NO,SI,NO,
337,PDA LOCATIVAS,10 OBRAS EJECUCION DE GARANTIAS,ADPRO,En ejecucion,SI,SIN PROPIETARIO,337,PDA LOCATIVAS,25.0,PDA GENERALES NO ASIGNADOS,5032010,PDA GG NO ASIGNADOS,NO,Principal,GRUPOS,3370149,"LOCATIVAS ENCHAPES, MAMPOSTERIA, IMPERMEABILIZACION CASAS 03-30-53 GALERAS",Actas de Obra Quincenales,2016-10-19,RENE ALEJANDRO MELO JIMENEZ,13/10/2016,01/12/2016,22.0,22.0,11635.0604,80.93955,257752.0,8969479.5108,9031875.89,5,11716.0,11716.0,Abierto,B,Civil Mano de Obra,FV CONSTRUCCIONES INTEGRALES S.A.S,900725297,,fvconstruccionesintegrales@gmail.com,CL 13 02 43 IN  9 AP 204,3134002768,A,60,FUNZA,4290.0,Construcción de otras obras de ingeniería civil.,Activo,,,,,,J,MdO Guardaescoba Gravilla Pisos,346.0,Mano Obra Gris,O,MdeO Contratista,m,metro,ACTIVO,NO,0.0,NO,NO,0.0,0.0,11227.41,19.0,13861.0,4438.0,7008,PDA LOCATIVAS GALERAS,Enchape Pareada,60.0,1728011.4,0,,und,0,SI,SI,NO,NO,SI,NO,
337,PDA LOCATIVAS,10 OBRAS EJECUCION DE GARANTIAS,ADPRO,En ejecucion,SI,SIN PROPIETARIO,337,PDA LOCATIVAS,25.0,PDA GENERALES NO ASIGNADOS,5032010,PDA GG NO ASIGNADOS,NO,Principal,GRUPOS,3370125,"ADECUACION TERRAZAS Y PARQUEADEROS CASAS BARU, DARIEN Y FARALLONES",Actas de Obra Quincenales,2016-05-23,RENE ALEJANDRO MELO JIMENEZ,23/05/2016,30/07/2016,20.0,20.0,56953.7997,396.2003,1147000.0,6889049.1796,6936973.0,1,57350.0,57350.0,Abierto,B,Civil Mano de Obra,FV CONSTRUCCIONES INTEGRALES S.A.S,900725297,,fvconstruccionesintegrales@gmail.com,CL 13 02 43 IN  9 AP 204,3134002768,A,60,FUNZA,4290.0,Construcción de otras obras de ingeniería civil.,Activo,,,,,,J,Enchape Locativas,384.0,Locativas,C,Subcontratos,Un,unidad,ACTIVO,NO,0.0,NO,NO,0.0,0.0,8620.69,19.0,10258.6211,4729.0,7007,PDA LOCATIVAS DARIEN,Enchape Pareada,66.0,1900812.54,0,,und,0,SI,SI,NO,NO,SI,NO,
337,PDA LOCATIVAS,10 OBRAS EJECUCION DE GARANTIAS,ADPRO,En ejecucion,SI,SIN PROPIETARIO,337,PDA LOCATIVAS,25.0,PDA GENERALES NO ASIGNADOS,5032010,PDA GG NO ASIGNADOS,NO,Principal,GRUPOS,3370125,"ADECUACION TERRAZAS Y PARQUEADEROS CASAS BARU, DARIEN Y FARALLONES",Actas de Obra Quincenales,2016-05-23,RENE ALEJANDRO MELO JIMENEZ,23/05/2016,30/07/2016,50.0,50.0,46448.5,323.12,2338581.0,6889049.1796,6936973.0,3,46771.62,46771.62,Abierto,B,Civil Mano de Obra,FV CONSTRUCCIONES INTEGRALES S.A.S,900725297,,fvconstruccionesintegrales@gmail.com,CL 13 02 43 IN  9 AP 204,3134002768,A,60,FUNZA,4290.0,Construcción de otras obras de ingeniería civil.,Activo,,,,,,J,Enchape Locativas,384.0,Locativas,C,Subcontratos,Un,unidad,ACTIVO,NO,0.0,NO,NO,0.0,0.0,8620.69,19.0,10258.6211,4729.0,7010,PDA LOCATIVAS FARALLONES,Enchape Town House Merdianera,50.0,1162800.0,0,,und,0,SI,SI,NO,NO,SI,NO,
337,PDA LOCATIVAS,10 OBRAS EJECUCION DE GARANTIAS,ADPRO,En ejecucion,SI,SIN PROPIETARIO,337,PDA LOCATIVAS,25.0,PDA GENERALES NO ASIGNADOS,5032010,PDA GG NO ASIGNADOS,NO,Principal,GRUPOS,3370125,"ADECUACION TERRAZAS Y PARQUEADEROS CASAS BARU, DARIEN Y FARALLONES",Actas de Obra Quincenales,2016-05-23,RENE ALEJANDRO MELO JIMENEZ,23/05/2016,30/07/2016,36.0,36.0,13749.3523,95.6477,498420.0,6889049.1796,6936973.0,5,13845.0,13845.0,Abierto,B,Civil Mano de Obra,FV CONSTRUCCIONES INTEGRALES S.A.S,900725297,,fvconstruccionesintegrales@gmail.com,CL 13 02 43 IN  9 AP 204,3134002768,A,60,FUNZA,4290.0,Construcción de otras obras de ingeniería civil.,Activo,,,,,,J,Humedades Locativas,384.0,Locativas,C,Subcontratos,Un,unidad,ACTIVO,NO,0.0,NO,NO,0.0,0.0,86206.9,19.0,102586.211,4730.0,7010,PDA LOCATIVAS FARALLONES,Enchape Town House Merdianera,50.0,1162800.0,0,,und,0,SI,SI,NO,NO,SI,NO,
337,PDA LOCATIVAS,10 OBRAS EJECUCION DE GARANTIAS,ADPRO,En ejecucion,SI,SIN PROPIETARIO,337,PDA LOCATIVAS,25.0,PDA GENERALES NO ASIGNADOS,5032010,PDA GG NO ASIGNADOS,NO,Principal,GRUPOS,3370125,"ADECUACION TERRAZAS Y PARQUEADEROS CASAS BARU, DARIEN Y FARALLONES",Actas de Obra Quincenales,2016-05-23,RENE ALEJANDRO MELO JIMENEZ,23/05/2016,30/07/2016,36.0,36.0,27921.7617,194.2383,1012176.0,6889049.1796,6936973.0,4,28116.0,28116.0,Abierto,B,Civil Mano de Obra,FV CONSTRUCCIONES INTEGRALES S.A.S,900725297,,fvconstruccionesintegrales@gmail.com,CL 13 02 43 IN  9 AP 204,3134002768,A,60,FUNZA,4290.0,Construcción de otras obras de ingeniería civil.,Activo,,,,,,J,Humedades Locativas,384.0,Locativas,C,Subcontratos,Un,unidad,ACTIVO,NO,0.0,NO,NO,0.0,0.0,86206.9,19.0,102586.211,4730.0,7010,PDA LOCATIVAS FARALLONES,Enchape Town House Merdianera,50.0,1162800.0,0,,und,0,SI,SI,NO,NO,SI,NO,
174,PDA PRELIMINARES,05 OBRAS PRELIMINARES,ADPRO,En ejecucion,SI,SIN PROPIETARIO,174,PDA PRELIMINARES,25.0,PDA GENERALES NO ASIGNADOS,5032010,PDA GG NO ASIGNADOS,NO,Principal,GRUPOS,1740272,CONSTRUCCION RED PROVISIONAL ENERGIA VIVIENDAS GALERAS - DARIEN,ACTA DE OBRA,2016-09-20,RENE ALEJANDRO MELO JIMENEZ,20/09/2016,16/11/2016,18.0,18.0,280000.0,1900.0,5074200.0,22288000.0,22439240.0,2,281900.0,281900.0,Abierto,B3,Civil Todo Costo,INSTALACIONES ELECTRICAS HCR SAS,900151513,,hcr900@gmail.com,CL 2  17  93 OF 243,8934459,A,60,MOSQUERA,4321.0,Instalaciones eléctricas.,Activo,,,,,,J,Poste Madera Inmunizada 10 m,331.0,Prefabricados,M,Materiales,Un,unidad,ACTIVO,NO,0.0,NO,NO,0.0,0.0,271710.34,19.0,323335.3046,2267.0,3001,PRELIMINARES,Obras Provisionales Energia Sector E,1.013,386933187.917,0,,Sg,0,SI,SI,NO,NO,SI,NO,
174,PDA PRELIMINARES,05 OBRAS PRELIMINARES,ADPRO,En ejecucion,SI,SIN PROPIETARIO,174,PDA PRELIMINARES,25.0,PDA GENERALES NO ASIGNADOS,5032010,PDA GG NO ASIGNADOS,NO,Principal,GRUPOS,1740272,CONSTRUCCION RED PROVISIONAL ENERGIA VIVIENDAS GALERAS - DARIEN,ACTA DE OBRA,2016-09-20,RENE ALEJANDRO MELO JIMENEZ,20/09/2016,16/11/2016,700.0,700.0,24640.0,167.2,17365040.0,22288000.0,22439240.0,1,24807.2,24807.2,Abierto,B3,Civil Todo Costo,INSTALACIONES ELECTRICAS HCR SAS,900151513,,hcr900@gmail.com,CL 2  17  93 OF 243,8934459,A,60,MOSQUERA,4321.0,Instalaciones eléctricas.,Activo,,,,,,J,Acometida 3x4/0 + 1x2/0,332.0,Internas Electricas y Comunicaciones,C,Subcontratos,m,metro,ACTIVO,NO,0.0,NO,NO,0.0,0.0,103085.55,19.0,122671.8045,4720.0,3001,PRELIMINARES,Obras Provisionales Energia Sector E,1.013,386933187.917,0,,Sg,0,SI,SI,NO,NO,SI,NO,
174,PDA PRELIMINARES,05 OBRAS PRELIMINARES,ADPRO,En ejecucion,SI,SIN PROPIETARIO,174,PDA PRELIMINARES,25.0,PDA GENERALES NO ASIGNADOS,5032010,PDA GG NO ASIGNADOS,NO,Principal,GRUPOS,1740263,"CONSTRUCCION CAMPAMENTOS PARA ALAMCEN, BAÑOS, ENFERMERIA, CASINO Y CASETA VIGILANCIA",ACTAS QUINCENALES,2016-04-13,NATHALIA CAROLINA MORENO ORDOÑEZ,15/04/2016,30/12/2016,67.0,67.0,9326.8879,1492.30206,724885.72759,54948156.3738,63739861.39363,34,10819.189964,10819.19,Abierto,C1,Suministro Instalacion,FV CONSTRUCCIONES INTEGRALES S.A.S,900725297,,fvconstruccionesintegrales@gmail.com,CL 13 02 43 IN  9 AP 204,3134002768,A,60,FUNZA,4290.0,Construcción de otras obras de ingeniería civil.,Activo,,,,,,J,Mdo Viga Amarre Rectangular Concreto,311.0,Actividades Obra,O,MdeO Contratista,m3,metro cubico,ACTIVO,NO,3.0,NO,NO,0.0,0.0,229480.29,19.0,283309.0,4394.0,2008,PRELIMINARES,Construccion Casino Lote W,1.222,10998000.0,0,,Sg,0,SI,SI,NO,NO,SI,NO,
174,PDA PRELIMINARES,05 OBRAS PRELIMINARES,ADPRO,En ejecucion,SI,SIN PROPIETARIO,174,PDA PRELIMINARES,25.0,PDA GENERALES NO ASIGNADOS,5032010,PDA GG NO ASIGNADOS,NO,Principal,GRUPOS,1740263,"CONSTRUCCION CAMPAMENTOS PARA ALAMCEN, BAÑOS, ENFERMERIA, CASINO Y CASETA VIGILANCIA",ACTAS QUINCENALES,2016-04-13,NATHALIA CAROLINA MORENO ORDOÑEZ,15/04/2016,30/12/2016,237.0,237.0,7495.0517,1199.20827,2060539.61336,54948156.3738,63739861.39363,33,8694.259972,8694.26,Abierto,C1,Suministro Instalacion,FV CONSTRUCCIONES INTEGRALES S.A.S,900725297,,fvconstruccionesintegrales@gmail.com,CL 13 02 43 IN  9 AP 204,3134002768,A,60,FUNZA,4290.0,Construcción de otras obras de ingeniería civil.,Activo,,,,,,J,MdO Muro Bloque Arcilla,346.0,Mano Obra Gris,O,MdeO Contratista,m2,metro cuadrado,ACTIVO,NO,0.0,NO,NO,0.0,0.0,9094.83,19.0,10822.8477,4411.0,2008,PRELIMINARES,Construccion Casino Lote W,1.222,10998000.0,0,,Sg,0,SI,SI,NO,NO,SI,NO,
174,PDA PRELIMINARES,05 OBRAS PRELIMINARES,ADPRO,En ejecucion,SI,SIN PROPIETARIO,174,PDA PRELIMINARES,25.0,PDA GENERALES NO ASIGNADOS,5032010,PDA GG NO ASIGNADOS,NO,Principal,GRUPOS,1740263,"CONSTRUCCION CAMPAMENTOS PARA ALAMCEN, BAÑOS, ENFERMERIA, CASINO Y CASETA VIGILANCIA",ACTAS QUINCENALES,2016-04-13,NATHALIA CAROLINA MORENO ORDOÑEZ,15/04/2016,30/12/2016,35.0,35.0,6362.0086,1017.92138,258297.54916,54948156.3738,63739861.39363,36,7379.929976,7379.93,Abierto,C1,Suministro Instalacion,FV CONSTRUCCIONES INTEGRALES S.A.S,900725297,,fvconstruccionesintegrales@gmail.com,CL 13 02 43 IN  9 AP 204,3134002768,A,60,FUNZA,4290.0,Construcción de otras obras de ingeniería civil.,Activo,,,,,,J,MdO Alistado Corriente Pisos e=2cm,346.0,Mano Obra Gris,O,MdeO Contratista,m2,metro cuadrado,ACTIVO,NO,0.0,NO,NO,0.0,0.0,5312.07,19.0,6321.3633,4431.0,2008,PRELIMINARES,Construccion Casino Lote W,1.222,10998000.0,0,,Sg,0,SI,SI,NO,NO,SI,NO,
174,PDA PRELIMINARES,05 OBRAS PRELIMINARES,ADPRO,En ejecucion,SI,SIN PROPIETARIO,174,PDA PRELIMINARES,25.0,PDA GENERALES NO ASIGNADOS,5032010,PDA GG NO ASIGNADOS,NO,Principal,GRUPOS,1740263,"CONSTRUCCION CAMPAMENTOS PARA ALAMCEN, BAÑOS, ENFERMERIA, CASINO Y CASETA VIGILANCIA",ACTAS QUINCENALES,2016-04-13,NATHALIA CAROLINA MORENO ORDOÑEZ,15/04/2016,30/12/2016,69.0,69.0,12728.0172,2036.4828,1018750.5,54948156.3738,63739861.39363,37,14764.5,14764.5,Abierto,C1,Suministro Instalacion,FV CONSTRUCCIONES INTEGRALES S.A.S,900725297,,fvconstruccionesintegrales@gmail.com,CL 13 02 43 IN  9 AP 204,3134002768,A,60,FUNZA,4290.0,Construcción de otras obras de ingeniería civil.,Activo,,,,,,J,MdO Enchape Ceramica,347.0,Mano Obra Blanca,O,MdeO Contratista,m2,metro cuadrado,ACTIVO,NO,0.0,NO,NO,0.0,0.0,11527.92,19.0,14232.0,4441.0,2008,PRELIMINARES,Construccion Casino Lote W,1.222,10998000.0,0,,Sg,0,SI,SI,NO,NO,SI,NO,
174,PDA PRELIMINARES,05 OBRAS PRELIMINARES,ADPRO,En ejecucion,SI,SIN PROPIETARIO,174,PDA PRELIMINARES,25.0,PDA GENERALES NO ASIGNADOS,5032010,PDA GG NO ASIGNADOS,NO,Principal,GRUPOS,1740263,"CONSTRUCCION CAMPAMENTOS PARA ALAMCEN, BAÑOS, ENFERMERIA, CASINO Y CASETA VIGILANCIA",ACTAS QUINCENALES,2016-04-13,NATHALIA CAROLINA MORENO ORDOÑEZ,15/04/2016,30/12/2016,4.0,4.0,304073.8276,48651.81242,1410902.56006,54948156.3738,63739861.39363,44,352725.640016,352725.64,Abierto,C1,Suministro Instalacion,FV CONSTRUCCIONES INTEGRALES S.A.S,900725297,,fvconstruccionesintegrales@gmail.com,CL 13 02 43 IN  9 AP 204,3134002768,A,60,FUNZA,4290.0,Construcción de otras obras de ingeniería civil.,Activo,,,,,,J,Caja de Inspeccion 60x60,334.0,Internas Hidrosanitarias,C,Subcontratos,Un,unidad,ACTIVO,NO,0.0,NO,NO,0.0,0.0,174038.79,19.0,207106.1601,646.0,2008,PRELIMINARES,Construccion Casino Lote W,1.222,10998000.0,0,,Sg,0,SI,SI,NO,NO,SI,NO,
174,PDA PRELIMINARES,05 OBRAS PRELIMINARES,ADPRO,En ejecucion,SI,SIN PROPIETARIO,174,PDA PRELIMINARES,25.0,PDA GENERALES NO ASIGNADOS,5032010,PDA GG NO ASIGNADOS,NO,Principal,GRUPOS,1740263,"CONSTRUCCION CAMPAMENTOS PARA ALAMCEN, BAÑOS, ENFERMERIA, CASINO Y CASETA VIGILANCIA",ACTAS QUINCENALES,2016-04-13,NATHALIA CAROLINA MORENO ORDOÑEZ,15/04/2016,30/12/2016,131.0,131.0,9326.8879,1492.30206,1417313.88528,54948156.3738,63739861.39363,32,10819.189964,10819.19,Abierto,C1,Suministro Instalacion,FV CONSTRUCCIONES INTEGRALES S.A.S,900725297,,fvconstruccionesintegrales@gmail.com,CL 13 02 43 IN  9 AP 204,3134002768,A,60,FUNZA,4290.0,Construcción de otras obras de ingeniería civil.,Activo,,,,,,J,MdO Columnas Concreto,346.0,Mano Obra Gris,O,MdeO Contratista,m3,metro cubico,ACTIVO,NO,3.0,NO,NO,0.0,0.0,112068.97,19.0,133362.0743,4792.0,2008,PRELIMINARES,Construccion Casino Lote W,1.222,10998000.0,0,,Sg,0,SI,SI,NO,NO,SI,NO,
174,PDA PRELIMINARES,05 OBRAS PRELIMINARES,ADPRO,En ejecucion,SI,SIN PROPIETARIO,174,PDA PRELIMINARES,25.0,PDA GENERALES NO ASIGNADOS,5032010,PDA GG NO ASIGNADOS,NO,Principal,GRUPOS,1740263,"CONSTRUCCION CAMPAMENTOS PARA ALAMCEN, BAÑOS, ENFERMERIA, CASINO Y CASETA VIGILANCIA",ACTAS QUINCENALES,2016-04-13,NATHALIA CAROLINA MORENO ORDOÑEZ,15/04/2016,30/12/2016,51.0,51.0,5509.4828,881.51725,325941.00245,54948156.3738,63739861.39363,35,6391.000048,6391.0,Abierto,C1,Suministro Instalacion,FV CONSTRUCCIONES INTEGRALES S.A.S,900725297,,fvconstruccionesintegrales@gmail.com,CL 13 02 43 IN  9 AP 204,3134002768,A,60,FUNZA,4290.0,Construcción de otras obras de ingeniería civil.,Activo,,,,,,J,MdO Pañete Liso Bajo Placa,346.0,Mano Obra Gris,O,MdeO Contratista,m2,metro cuadrado,ACTIVO,NO,3.0,NO,NO,0.0,0.0,4706.9,19.0,5601.211,4799.0,2008,PRELIMINARES,Construccion Casino Lote W,1.222,10998000.0,0,,Sg,0,SI,SI,NO,NO,SI,NO,
174,PDA PRELIMINARES,05 OBRAS PRELIMINARES,ADPRO,En ejecucion,SI,SIN PROPIETARIO,174,PDA PRELIMINARES,25.0,PDA GENERALES NO ASIGNADOS,5032010,PDA GG NO ASIGNADOS,NO,Principal,GRUPOS,1740263,"CONSTRUCCION CAMPAMENTOS PARA ALAMCEN, BAÑOS, ENFERMERIA, CASINO Y CASETA VIGILANCIA",ACTAS QUINCENALES,2016-04-13,NATHALIA CAROLINA MORENO ORDOÑEZ,15/04/2016,30/12/2016,486.0,486.0,6788.2759,1086.12414,3826958.42138,54948156.3738,63739861.39363,45,7874.400044,7874.4,Abierto,C1,Suministro Instalacion,FV CONSTRUCCIONES INTEGRALES S.A.S,900725297,,fvconstruccionesintegrales@gmail.com,CL 13 02 43 IN  9 AP 204,3134002768,A,60,FUNZA,4290.0,Construcción de otras obras de ingeniería civil.,Activo,,,,,,J,MdO Pintura Exterior 3era Mano 11a50,347.0,Mano Obra Blanca,O,MdeO Contratista,m,metro,ACTIVO,NO,0.0,NO,NO,0.0,0.0,991.38,19.0,1179.7422,4451.0,2008,PRELIMINARES,Construccion Casino Lote W,1.222,10998000.0,0,,Sg,0,SI,SI,NO,NO,SI,NO,
174,PDA PRELIMINARES,05 OBRAS PRELIMINARES,ADPRO,En ejecucion,SI,SIN PROPIETARIO,174,PDA PRELIMINARES,25.0,PDA GENERALES NO ASIGNADOS,5032010,PDA GG NO ASIGNADOS,NO,Principal,GRUPOS,1740263,"CONSTRUCCION CAMPAMENTOS PARA ALAMCEN, BAÑOS, ENFERMERIA, CASINO Y CASETA VIGILANCIA",ACTAS QUINCENALES,2016-04-13,NATHALIA CAROLINA MORENO ORDOÑEZ,15/04/2016,30/12/2016,188.0,188.0,30048.1034,4807.69654,6552890.38947,54948156.3738,63739861.39363,31,34855.799944,34855.8,Abierto,C1,Suministro Instalacion,FV CONSTRUCCIONES INTEGRALES S.A.S,900725297,,fvconstruccionesintegrales@gmail.com,CL 13 02 43 IN  9 AP 204,3134002768,A,60,FUNZA,4290.0,Construcción de otras obras de ingeniería civil.,Activo,,,,,,J,MdO Placa Entrepiso Vigas Desc e=35cm,346.0,Mano Obra Gris,O,MdeO Contratista,m2,metro cuadrado,ACTIVO,NO,3.0,NO,NO,0.0,0.0,36301.72,19.0,43199.0468,4847.0,2008,PRELIMINARES,Construccion Casino Lote W,1.222,10998000.0,0,,Sg,0,SI,SI,NO,NO,SI,NO,
174,PDA PRELIMINARES,05 OBRAS PRELIMINARES,ADPRO,En ejecucion,SI,SIN PROPIETARIO,174,PDA PRELIMINARES,25.0,PDA GENERALES NO ASIGNADOS,5032010,PDA GG NO ASIGNADOS,NO,Principal,GRUPOS,1740263,"CONSTRUCCION CAMPAMENTOS PARA ALAMCEN, BAÑOS, ENFERMERIA, CASINO Y CASETA VIGILANCIA",ACTAS QUINCENALES,2016-04-13,NATHALIA CAROLINA MORENO ORDOÑEZ,15/04/2016,30/12/2016,130.0,130.0,11865.5086,1898.48138,1789318.69688,54948156.3738,63739861.39363,41,13763.989976,13763.99,Abierto,C1,Suministro Instalacion,FV CONSTRUCCIONES INTEGRALES S.A.S,900725297,,fvconstruccionesintegrales@gmail.com,CL 13 02 43 IN  9 AP 204,3134002768,A,60,FUNZA,4290.0,Construcción de otras obras de ingeniería civil.,Activo,,,,,,J,Instalacion Perfil 20x40,346.0,Mano Obra Gris,O,MdeO Contratista,m,metro,ACTIVO,NO,3.0,NO,NO,0.0,0.0,5172.41,19.0,6155.1679,6923.0,2008,PRELIMINARES,Construccion Casino Lote W,1.222,10998000.0,0,,Sg,0,SI,SI,NO,NO,SI,NO,
174,PDA PRELIMINARES,05 OBRAS PRELIMINARES,ADPRO,En ejecucion,SI,SIN PROPIETARIO,174,PDA PRELIMINARES,25.0,PDA GENERALES NO ASIGNADOS,5032010,PDA GG NO ASIGNADOS,NO,Principal,GRUPOS,1740263,"CONSTRUCCION CAMPAMENTOS PARA ALAMCEN, BAÑOS, ENFERMERIA, CASINO Y CASETA VIGILANCIA",ACTAS QUINCENALES,2016-04-13,NATHALIA CAROLINA MORENO ORDOÑEZ,15/04/2016,30/12/2016,2.0,2.0,38184.0517,6109.4483,88587.0,54948156.3738,63739861.39363,43,44293.5,44293.5,Abierto,C1,Suministro Instalacion,FV CONSTRUCCIONES INTEGRALES S.A.S,900725297,,fvconstruccionesintegrales@gmail.com,CL 13 02 43 IN  9 AP 204,3134002768,A,60,FUNZA,4290.0,Construcción de otras obras de ingeniería civil.,Activo,,,,,,J,Punto Sanitario,334.0,Internas Hidrosanitarias,C,Subcontratos,Un,unidad,ACTIVO,NO,0.0,NO,NO,0.0,0.0,129690.73,19.0,154331.9687,2364.0,2008,PRELIMINARES,Construccion Casino Lote W,1.222,10998000.0,0,,Sg,0,SI,SI,NO,NO,SI,NO,
174,PDA PRELIMINARES,05 OBRAS PRELIMINARES,ADPRO,En ejecucion,SI,SIN PROPIETARIO,174,PDA PRELIMINARES,25.0,PDA GENERALES NO ASIGNADOS,5032010,PDA GG NO ASIGNADOS,NO,Principal,GRUPOS,1740263,"CONSTRUCCION CAMPAMENTOS PARA ALAMCEN, BAÑOS, ENFERMERIA, CASINO Y CASETA VIGILANCIA",ACTAS QUINCENALES,2016-04-13,NATHALIA CAROLINA MORENO ORDOÑEZ,15/04/2016,30/12/2016,1.0,1.0,33941.3793,5430.62069,39371.99999,54948156.3738,63739861.39363,42,39371.999988,39372.0,Abierto,C1,Suministro Instalacion,FV CONSTRUCCIONES INTEGRALES S.A.S,900725297,,fvconstruccionesintegrales@gmail.com,CL 13 02 43 IN  9 AP 204,3134002768,A,60,FUNZA,4290.0,Construcción de otras obras de ingeniería civil.,Activo,,,,,,J,Punto de Agua Fria,334.0,Internas Hidrosanitarias,C,Subcontratos,Un,unidad,ACTIVO,NO,0.0,NO,NO,0.0,0.0,2045.55,19.0,2434.2045,2362.0,2008,PRELIMINARES,Construccion Casino Lote W,1.222,10998000.0,0,,Sg,0,SI,SI,NO,NO,SI,NO,
174,PDA PRELIMINARES,05 OBRAS PRELIMINARES,ADPRO,En ejecucion,SI,SIN PROPIETARIO,174,PDA PRELIMINARES,25.0,PDA GENERALES NO ASIGNADOS,5032010,PDA GG NO ASIGNADOS,NO,Principal,GRUPOS,1740263,"CONSTRUCCION CAMPAMENTOS PARA ALAMCEN, BAÑOS, ENFERMERIA, CASINO Y CASETA VIGILANCIA",ACTAS QUINCENALES,2016-04-13,NATHALIA CAROLINA MORENO ORDOÑEZ,15/04/2016,30/12/2016,76.0,76.0,9326.8879,1492.30206,822258.43726,54948156.3738,63739861.39363,30,10819.189964,10819.19,Abierto,C1,Suministro Instalacion,FV CONSTRUCCIONES INTEGRALES S.A.S,900725297,,fvconstruccionesintegrales@gmail.com,CL 13 02 43 IN  9 AP 204,3134002768,A,60,FUNZA,4290.0,Construcción de otras obras de ingeniería civil.,Activo,,,,,,J,Excavacion Manual Compacta Zanja 0a50cm,345.0,Mano Obra Obras Urbanismo,O,MdeO Contratista,m3,metro cubico,ACTIVO,NO,3.0,NO,NO,0.0,0.0,24300.0,19.0,30000.0,4395.0,2008,PRELIMINARES,Construccion Casino Lote W,1.222,10998000.0,0,,Sg,0,SI,SI,NO,NO,SI,NO,
174,PDA PRELIMINARES,05 OBRAS PRELIMINARES,ADPRO,En ejecucion,SI,SIN PROPIETARIO,174,PDA PRELIMINARES,25.0,PDA GENERALES NO ASIGNADOS,5032010,PDA GG NO ASIGNADOS,NO,Principal,GRUPOS,1740263,"CONSTRUCCION CAMPAMENTOS PARA ALAMCEN, BAÑOS, ENFERMERIA, CASINO Y CASETA VIGILANCIA",ACTAS QUINCENALES,2016-04-13,NATHALIA CAROLINA MORENO ORDOÑEZ,15/04/2016,30/12/2016,230.0,230.0,12561.3017,2009.80827,3351355.29356,54948156.3738,63739861.39363,39,14571.109972,14571.11,Abierto,C1,Suministro Instalacion,FV CONSTRUCCIONES INTEGRALES S.A.S,900725297,,fvconstruccionesintegrales@gmail.com,CL 13 02 43 IN  9 AP 204,3134002768,A,60,FUNZA,4290.0,Construcción de otras obras de ingeniería civil.,Activo,,,,,,J,Teja Trapezoidal Foil/Acero 3.66x0.73m,320.0,Cubiertas Accesorios,M,Materiales,Un,unidad,ACTIVO,NO,0.0,NO,NO,0.0,0.0,277200.0,19.0,329868.0,2944.0,2008,PRELIMINARES,Construccion Casino Lote W,1.222,10998000.0,0,,Sg,0,SI,SI,NO,NO,SI,NO,
174,PDA PRELIMINARES,05 OBRAS PRELIMINARES,ADPRO,En ejecucion,SI,SIN PROPIETARIO,174,PDA PRELIMINARES,25.0,PDA GENERALES NO ASIGNADOS,5032010,PDA GG NO ASIGNADOS,NO,Principal,GRUPOS,1740263,"CONSTRUCCION CAMPAMENTOS PARA ALAMCEN, BAÑOS, ENFERMERIA, CASINO Y CASETA VIGILANCIA",ACTAS QUINCENALES,2016-04-13,NATHALIA CAROLINA MORENO ORDOÑEZ,15/04/2016,30/12/2016,1.0,1.0,212133.6207,33941.37931,246075.00001,54948156.3738,63739861.39363,38,246075.000012,246075.0,Abierto,C1,Suministro Instalacion,FV CONSTRUCCIONES INTEGRALES S.A.S,900725297,,fvconstruccionesintegrales@gmail.com,CL 13 02 43 IN  9 AP 204,3134002768,A,60,FUNZA,4290.0,Construcción de otras obras de ingeniería civil.,Activo,,,,,,J,Meson Acero Inoxidable 60 cm,311.0,Actividades Obra,M,Materiales,Un,unidad,ACTIVO,NO,3.0,NO,NO,0.0,0.0,252619.83,19.0,300617.5977,7706.0,2008,PRELIMINARES,Construccion Casino Lote W,1.222,10998000.0,0,,Sg,0,SI,SI,NO,NO,SI,NO,
174,PDA PRELIMINARES,05 OBRAS PRELIMINARES,ADPRO,En ejecucion,SI,SIN PROPIETARIO,174,PDA PRELIMINARES,25.0,PDA GENERALES NO ASIGNADOS,5032010,PDA GG NO ASIGNADOS,NO,Principal,GRUPOS,1740263,"CONSTRUCCION CAMPAMENTOS PARA ALAMCEN, BAÑOS, ENFERMERIA, CASINO Y CASETA VIGILANCIA",ACTAS QUINCENALES,2016-04-13,NATHALIA CAROLINA MORENO ORDOÑEZ,15/04/2016,30/12/2016,10.0,10.0,12561.3017,2009.80827,145711.09972,54948156.3738,63739861.39363,53,14571.109972,14571.11,Abierto,C1,Suministro Instalacion,FV CONSTRUCCIONES INTEGRALES S.A.S,900725297,,fvconstruccionesintegrales@gmail.com,CL 13 02 43 IN  9 AP 204,3134002768,A,60,FUNZA,4290.0,Construcción de otras obras de ingeniería civil.,Activo,,,,,,J,Teja Trapezoidal Foil/Acero 3.66x0.73m,320.0,Cubiertas Accesorios,M,Materiales,Un,unidad,ACTIVO,NO,0.0,NO,NO,0.0,0.0,277200.0,19.0,329868.0,2944.0,2007,PRELIMINARES,Obra Civil Campamento Lote W,476.59,40510150.0,0,,m,0,SI,SI,NO,NO,SI,NO,
174,PDA PRELIMINARES,05 OBRAS PRELIMINARES,ADPRO,En ejecucion,SI,SIN PROPIETARIO,174,PDA PRELIMINARES,25.0,PDA GENERALES NO ASIGNADOS,5032010,PDA GG NO ASIGNADOS,NO,Principal,GRUPOS,1740263,"CONSTRUCCION CAMPAMENTOS PARA ALAMCEN, BAÑOS, ENFERMERIA, CASINO Y CASETA VIGILANCIA",ACTAS QUINCENALES,2016-04-13,NATHALIA CAROLINA MORENO ORDOÑEZ,15/04/2016,30/12/2016,8.0,8.0,6362.0086,1017.92138,59039.43981,54948156.3738,63739861.39363,22,7379.929976,7379.93,Abierto,C1,Suministro Instalacion,FV CONSTRUCCIONES INTEGRALES S.A.S,900725297,,fvconstruccionesintegrales@gmail.com,CL 13 02 43 IN  9 AP 204,3134002768,A,60,FUNZA,4290.0,Construcción de otras obras de ingeniería civil.,Activo,,,,,,J,MdO Alistado Corriente Pisos e=2cm,346.0,Mano Obra Gris,O,MdeO Contratista,m2,metro cuadrado,ACTIVO,NO,0.0,NO,NO,0.0,0.0,5312.07,19.0,6321.3633,4431.0,2007,PRELIMINARES,Obra Civil Campamento Lote W,476.59,40510150.0,0,,m,0,SI,SI,NO,NO,SI,NO,
174,PDA PRELIMINARES,05 OBRAS PRELIMINARES,ADPRO,En ejecucion,SI,SIN PROPIETARIO,174,PDA PRELIMINARES,25.0,PDA GENERALES NO ASIGNADOS,5032010,PDA GG NO ASIGNADOS,NO,Principal,GRUPOS,1740263,"CONSTRUCCION CAMPAMENTOS PARA ALAMCEN, BAÑOS, ENFERMERIA, CASINO Y CASETA VIGILANCIA",ACTAS QUINCENALES,2016-04-13,NATHALIA CAROLINA MORENO ORDOÑEZ,15/04/2016,30/12/2016,8.0,8.0,12561.3017,2009.80827,116568.87978,54948156.3738,63739861.39363,60,14571.109972,14571.11,Abierto,C1,Suministro Instalacion,FV CONSTRUCCIONES INTEGRALES S.A.S,900725297,,fvconstruccionesintegrales@gmail.com,CL 13 02 43 IN  9 AP 204,3134002768,A,60,FUNZA,4290.0,Construcción de otras obras de ingeniería civil.,Activo,,,,,,J,Teja Trapezoidal Foil/Acero 3.66x0.73m,320.0,Cubiertas Accesorios,M,Materiales,Un,unidad,ACTIVO,NO,0.0,NO,NO,0.0,0.0,277200.0,19.0,329868.0,2944.0,2007,PRELIMINARES,Obra Civil Campamento Lote W,476.59,40510150.0,0,,m,0,SI,SI,NO,NO,SI,NO,
174,PDA PRELIMINARES,05 OBRAS PRELIMINARES,ADPRO,En ejecucion,SI,SIN PROPIETARIO,174,PDA PRELIMINARES,25.0,PDA GENERALES NO ASIGNADOS,5032010,PDA GG NO ASIGNADOS,NO,Principal,GRUPOS,1740263,"CONSTRUCCION CAMPAMENTOS PARA ALAMCEN, BAÑOS, ENFERMERIA, CASINO Y CASETA VIGILANCIA",ACTAS QUINCENALES,2016-04-13,NATHALIA CAROLINA MORENO ORDOÑEZ,15/04/2016,30/12/2016,220.0,220.0,7495.0517,1199.20827,1912737.19384,54948156.3738,63739861.39363,5,8694.259972,8694.26,Abierto,C1,Suministro Instalacion,FV CONSTRUCCIONES INTEGRALES S.A.S,900725297,,fvconstruccionesintegrales@gmail.com,CL 13 02 43 IN  9 AP 204,3134002768,A,60,FUNZA,4290.0,Construcción de otras obras de ingeniería civil.,Activo,,,,,,J,MdO Muro Bloque Arcilla,346.0,Mano Obra Gris,O,MdeO Contratista,m2,metro cuadrado,ACTIVO,NO,0.0,NO,NO,0.0,0.0,9094.83,19.0,10822.8477,4411.0,2007,PRELIMINARES,Obra Civil Campamento Lote W,476.59,40510150.0,0,,m,0,SI,SI,NO,NO,SI,NO,
174,PDA PRELIMINARES,05 OBRAS PRELIMINARES,ADPRO,En ejecucion,SI,SIN PROPIETARIO,174,PDA PRELIMINARES,25.0,PDA GENERALES NO ASIGNADOS,5032010,PDA GG NO ASIGNADOS,NO,Principal,GRUPOS,1740263,"CONSTRUCCION CAMPAMENTOS PARA ALAMCEN, BAÑOS, ENFERMERIA, CASINO Y CASETA VIGILANCIA",ACTAS QUINCENALES,2016-04-13,NATHALIA CAROLINA MORENO ORDOÑEZ,15/04/2016,30/12/2016,24.0,24.0,7495.0517,1199.20827,208662.23933,54948156.3738,63739861.39363,59,8694.259972,8694.26,Abierto,C1,Suministro Instalacion,FV CONSTRUCCIONES INTEGRALES S.A.S,900725297,,fvconstruccionesintegrales@gmail.com,CL 13 02 43 IN  9 AP 204,3134002768,A,60,FUNZA,4290.0,Construcción de otras obras de ingeniería civil.,Activo,,,,,,J,MdO Muro Bloque Arcilla,346.0,Mano Obra Gris,O,MdeO Contratista,m2,metro cuadrado,ACTIVO,NO,0.0,NO,NO,0.0,0.0,9094.83,19.0,10822.8477,4411.0,2007,PRELIMINARES,Obra Civil Campamento Lote W,476.59,40510150.0,0,,m,0,SI,SI,NO,NO,SI,NO,
174,PDA PRELIMINARES,05 OBRAS PRELIMINARES,ADPRO,En ejecucion,SI,SIN PROPIETARIO,174,PDA PRELIMINARES,25.0,PDA GENERALES NO ASIGNADOS,5032010,PDA GG NO ASIGNADOS,NO,Principal,GRUPOS,1740263,"CONSTRUCCION CAMPAMENTOS PARA ALAMCEN, BAÑOS, ENFERMERIA, CASINO Y CASETA VIGILANCIA",ACTAS QUINCENALES,2016-04-13,NATHALIA CAROLINA MORENO ORDOÑEZ,15/04/2016,30/12/2016,66.0,66.0,9326.8879,1492.30206,714066.53762,54948156.3738,63739861.39363,7,10819.189964,10819.19,Abierto,C1,Suministro Instalacion,FV CONSTRUCCIONES INTEGRALES S.A.S,900725297,,fvconstruccionesintegrales@gmail.com,CL 13 02 43 IN  9 AP 204,3134002768,A,60,FUNZA,4290.0,Construcción de otras obras de ingeniería civil.,Activo,,,,,,J,MdO Muro Bloque Arcilla,346.0,Mano Obra Gris,O,MdeO Contratista,m2,metro cuadrado,ACTIVO,NO,0.0,NO,NO,0.0,0.0,9094.83,19.0,10822.8477,4411.0,2007,PRELIMINARES,Obra Civil Campamento Lote W,476.59,40510150.0,0,,m,0,SI,SI,NO,NO,SI,NO,
174,PDA PRELIMINARES,05 OBRAS PRELIMINARES,ADPRO,En ejecucion,SI,SIN PROPIETARIO,174,PDA PRELIMINARES,25.0,PDA GENERALES NO ASIGNADOS,5032010,PDA GG NO ASIGNADOS,NO,Principal,GRUPOS,1740263,"CONSTRUCCION CAMPAMENTOS PARA ALAMCEN, BAÑOS, ENFERMERIA, CASINO Y CASETA VIGILANCIA",ACTAS QUINCENALES,2016-04-13,NATHALIA CAROLINA MORENO ORDOÑEZ,15/04/2016,30/12/2016,3.0,3.0,38184.0517,6109.4483,132880.5,54948156.3738,63739861.39363,27,44293.5,44293.5,Abierto,C1,Suministro Instalacion,FV CONSTRUCCIONES INTEGRALES S.A.S,900725297,,fvconstruccionesintegrales@gmail.com,CL 13 02 43 IN  9 AP 204,3134002768,A,60,FUNZA,4290.0,Construcción de otras obras de ingeniería civil.,Activo,,,,,,J,Instalacion Aparato Sanitario,334.0,Internas Hidrosanitarias,C,Subcontratos,Un,unidad,ACTIVO,NO,3.0,NO,NO,0.0,0.0,20766.38,19.0,24711.9922,4446.0,2007,PRELIMINARES,Obra Civil Campamento Lote W,476.59,40510150.0,0,,m,0,SI,SI,NO,NO,SI,NO,
174,PDA PRELIMINARES,05 OBRAS PRELIMINARES,ADPRO,En ejecucion,SI,SIN PROPIETARIO,174,PDA PRELIMINARES,25.0,PDA GENERALES NO ASIGNADOS,5032010,PDA GG NO ASIGNADOS,NO,Principal,GRUPOS,1740263,"CONSTRUCCION CAMPAMENTOS PARA ALAMCEN, BAÑOS, ENFERMERIA, CASINO Y CASETA VIGILANCIA",ACTAS QUINCENALES,2016-04-13,NATHALIA CAROLINA MORENO ORDOÑEZ,15/04/2016,30/12/2016,65.0,65.0,6787.931,1086.06896,511809.9974,54948156.3738,63739861.39363,28,7873.99996,7874.0,Abierto,C1,Suministro Instalacion,FV CONSTRUCCIONES INTEGRALES S.A.S,900725297,,fvconstruccionesintegrales@gmail.com,CL 13 02 43 IN  9 AP 204,3134002768,A,60,FUNZA,4290.0,Construcción de otras obras de ingeniería civil.,Activo,,,,,,J,MdO Pintura Exterior 3era Mano 11a50,347.0,Mano Obra Blanca,O,MdeO Contratista,m,metro,ACTIVO,NO,0.0,NO,NO,0.0,0.0,991.38,19.0,1179.7422,4451.0,2007,PRELIMINARES,Obra Civil Campamento Lote W,476.59,40510150.0,0,,m,0,SI,SI,NO,NO,SI,NO,
174,PDA PRELIMINARES,05 OBRAS PRELIMINARES,ADPRO,En ejecucion,SI,SIN PROPIETARIO,174,PDA PRELIMINARES,25.0,PDA GENERALES NO ASIGNADOS,5032010,PDA GG NO ASIGNADOS,NO,Principal,GRUPOS,1740263,"CONSTRUCCION CAMPAMENTOS PARA ALAMCEN, BAÑOS, ENFERMERIA, CASINO Y CASETA VIGILANCIA",ACTAS QUINCENALES,2016-04-13,NATHALIA CAROLINA MORENO ORDOÑEZ,15/04/2016,30/12/2016,152.0,152.0,5509.4828,881.51725,971432.0073,54948156.3738,63739861.39363,11,6391.000048,6391.0,Abierto,C1,Suministro Instalacion,FV CONSTRUCCIONES INTEGRALES S.A.S,900725297,,fvconstruccionesintegrales@gmail.com,CL 13 02 43 IN  9 AP 204,3134002768,A,60,FUNZA,4290.0,Construcción de otras obras de ingeniería civil.,Activo,,,,,,J,MdO Pañete Liso Bajo Placa,346.0,Mano Obra Gris,O,MdeO Contratista,m2,metro cuadrado,ACTIVO,NO,3.0,NO,NO,0.0,0.0,4706.9,19.0,5601.211,4799.0,2007,PRELIMINARES,Obra Civil Campamento Lote W,476.59,40510150.0,0,,m,0,SI,SI,NO,NO,SI,NO,
174,PDA PRELIMINARES,05 OBRAS PRELIMINARES,ADPRO,En ejecucion,SI,SIN PROPIETARIO,174,PDA PRELIMINARES,25.0,PDA GENERALES NO ASIGNADOS,5032010,PDA GG NO ASIGNADOS,NO,Principal,GRUPOS,1740263,"CONSTRUCCION CAMPAMENTOS PARA ALAMCEN, BAÑOS, ENFERMERIA, CASINO Y CASETA VIGILANCIA",ACTAS QUINCENALES,2016-04-13,NATHALIA CAROLINA MORENO ORDOÑEZ,15/04/2016,30/12/2016,12.6,12.6,9326.8879,1492.30206,136321.79355,54948156.3738,63739861.39363,51,10819.189964,10819.19,Abierto,C1,Suministro Instalacion,FV CONSTRUCCIONES INTEGRALES S.A.S,900725297,,fvconstruccionesintegrales@gmail.com,CL 13 02 43 IN  9 AP 204,3134002768,A,60,FUNZA,4290.0,Construcción de otras obras de ingeniería civil.,Activo,,,,,,J,Mdo Viga Amarre Rectangular Concreto,311.0,Actividades Obra,O,MdeO Contratista,m3,metro cubico,ACTIVO,NO,3.0,NO,NO,0.0,0.0,229480.29,19.0,283309.0,4394.0,2007,PRELIMINARES,Obra Civil Campamento Lote W,476.59,40510150.0,0,,m,0,SI,SI,NO,NO,SI,NO,
174,PDA PRELIMINARES,05 OBRAS PRELIMINARES,ADPRO,En ejecucion,SI,SIN PROPIETARIO,174,PDA PRELIMINARES,25.0,PDA GENERALES NO ASIGNADOS,5032010,PDA GG NO ASIGNADOS,NO,Principal,GRUPOS,1740263,"CONSTRUCCION CAMPAMENTOS PARA ALAMCEN, BAÑOS, ENFERMERIA, CASINO Y CASETA VIGILANCIA",ACTAS QUINCENALES,2016-04-13,NATHALIA CAROLINA MORENO ORDOÑEZ,15/04/2016,30/12/2016,6.0,6.0,33941.3793,5430.62069,236231.99993,54948156.3738,63739861.39363,25,39371.999988,39372.0,Abierto,C1,Suministro Instalacion,FV CONSTRUCCIONES INTEGRALES S.A.S,900725297,,fvconstruccionesintegrales@gmail.com,CL 13 02 43 IN  9 AP 204,3134002768,A,60,FUNZA,4290.0,Construcción de otras obras de ingeniería civil.,Activo,,,,,,J,Punto de Agua Fria,334.0,Internas Hidrosanitarias,C,Subcontratos,Un,unidad,ACTIVO,NO,0.0,NO,NO,0.0,0.0,2045.55,19.0,2434.2045,2362.0,2007,PRELIMINARES,Obra Civil Campamento Lote W,476.59,40510150.0,0,,m,0,SI,SI,NO,NO,SI,NO,
174,PDA PRELIMINARES,05 OBRAS PRELIMINARES,ADPRO,En ejecucion,SI,SIN PROPIETARIO,174,PDA PRELIMINARES,25.0,PDA GENERALES NO ASIGNADOS,5032010,PDA GG NO ASIGNADOS,NO,Principal,GRUPOS,1740263,"CONSTRUCCION CAMPAMENTOS PARA ALAMCEN, BAÑOS, ENFERMERIA, CASINO Y CASETA VIGILANCIA",ACTAS QUINCENALES,2016-04-13,NATHALIA CAROLINA MORENO ORDOÑEZ,15/04/2016,30/12/2016,13.0,13.0,9326.8879,1492.30206,140649.46953,54948156.3738,63739861.39363,47,10819.189964,10819.19,Abierto,C1,Suministro Instalacion,FV CONSTRUCCIONES INTEGRALES S.A.S,900725297,,fvconstruccionesintegrales@gmail.com,CL 13 02 43 IN  9 AP 204,3134002768,A,60,FUNZA,4290.0,Construcción de otras obras de ingeniería civil.,Activo,,,,,,J,Excavacion Manual Compacta Zanja 0a50cm,345.0,Mano Obra Obras Urbanismo,O,MdeO Contratista,m3,metro cubico,ACTIVO,NO,3.0,NO,NO,0.0,0.0,24300.0,19.0,30000.0,4395.0,2007,PRELIMINARES,Obra Civil Campamento Lote W,476.59,40510150.0,0,,m,0,SI,SI,NO,NO,SI,NO,
174,PDA PRELIMINARES,05 OBRAS PRELIMINARES,ADPRO,En ejecucion,SI,SIN PROPIETARIO,174,PDA PRELIMINARES,25.0,PDA GENERALES NO ASIGNADOS,5032010,PDA GG NO ASIGNADOS,NO,Principal,GRUPOS,1740263,"CONSTRUCCION CAMPAMENTOS PARA ALAMCEN, BAÑOS, ENFERMERIA, CASINO Y CASETA VIGILANCIA",ACTAS QUINCENALES,2016-04-13,NATHALIA CAROLINA MORENO ORDOÑEZ,15/04/2016,30/12/2016,15.12,15.12,9326.8879,1492.30206,163586.15226,54948156.3738,63739861.39363,57,10819.189964,10819.19,Abierto,C1,Suministro Instalacion,FV CONSTRUCCIONES INTEGRALES S.A.S,900725297,,fvconstruccionesintegrales@gmail.com,CL 13 02 43 IN  9 AP 204,3134002768,A,60,FUNZA,4290.0,Construcción de otras obras de ingeniería civil.,Activo,,,,,,J,Excavacion Manual Compacta Zanja 0a50cm,345.0,Mano Obra Obras Urbanismo,O,MdeO Contratista,m3,metro cubico,ACTIVO,NO,3.0,NO,NO,0.0,0.0,24300.0,19.0,30000.0,4395.0,2007,PRELIMINARES,Obra Civil Campamento Lote W,476.59,40510150.0,0,,m,0,SI,SI,NO,NO,SI,NO,
174,PDA PRELIMINARES,05 OBRAS PRELIMINARES,ADPRO,En ejecucion,SI,SIN PROPIETARIO,174,PDA PRELIMINARES,25.0,PDA GENERALES NO ASIGNADOS,5032010,PDA GG NO ASIGNADOS,NO,Principal,GRUPOS,1740263,"CONSTRUCCION CAMPAMENTOS PARA ALAMCEN, BAÑOS, ENFERMERIA, CASINO Y CASETA VIGILANCIA",ACTAS QUINCENALES,2016-04-13,NATHALIA CAROLINA MORENO ORDOÑEZ,15/04/2016,30/12/2016,10.0,10.0,9326.8879,1492.30206,108191.89964,54948156.3738,63739861.39363,49,10819.189964,10819.19,Abierto,C1,Suministro Instalacion,FV CONSTRUCCIONES INTEGRALES S.A.S,900725297,,fvconstruccionesintegrales@gmail.com,CL 13 02 43 IN  9 AP 204,3134002768,A,60,FUNZA,4290.0,Construcción de otras obras de ingeniería civil.,Activo,,,,,,J,MdO Columnas Concreto,346.0,Mano Obra Gris,O,MdeO Contratista,m3,metro cubico,ACTIVO,NO,3.0,NO,NO,0.0,0.0,112068.97,19.0,133362.0743,4792.0,2007,PRELIMINARES,Obra Civil Campamento Lote W,476.59,40510150.0,0,,m,0,SI,SI,NO,NO,SI,NO,
174,PDA PRELIMINARES,05 OBRAS PRELIMINARES,ADPRO,En ejecucion,SI,SIN PROPIETARIO,174,PDA PRELIMINARES,25.0,PDA GENERALES NO ASIGNADOS,5032010,PDA GG NO ASIGNADOS,NO,Principal,GRUPOS,1740263,"CONSTRUCCION CAMPAMENTOS PARA ALAMCEN, BAÑOS, ENFERMERIA, CASINO Y CASETA VIGILANCIA",ACTAS QUINCENALES,2016-04-13,NATHALIA CAROLINA MORENO ORDOÑEZ,15/04/2016,30/12/2016,199.0,199.0,12561.3017,2009.80827,2899650.88443,54948156.3738,63739861.39363,8,14571.109972,14571.11,Abierto,C1,Suministro Instalacion,FV CONSTRUCCIONES INTEGRALES S.A.S,900725297,,fvconstruccionesintegrales@gmail.com,CL 13 02 43 IN  9 AP 204,3134002768,A,60,FUNZA,4290.0,Construcción de otras obras de ingeniería civil.,Activo,,,,,,J,Teja Trapezoidal Foil/Acero 3.66x0.73m,320.0,Cubiertas Accesorios,M,Materiales,Un,unidad,ACTIVO,NO,0.0,NO,NO,0.0,0.0,277200.0,19.0,329868.0,2944.0,2007,PRELIMINARES,Obra Civil Campamento Lote W,476.59,40510150.0,0,,m,0,SI,SI,NO,NO,SI,NO,
174,PDA PRELIMINARES,05 OBRAS PRELIMINARES,ADPRO,En ejecucion,SI,SIN PROPIETARIO,174,PDA PRELIMINARES,25.0,PDA GENERALES NO ASIGNADOS,5032010,PDA GG NO ASIGNADOS,NO,Principal,GRUPOS,1740263,"CONSTRUCCION CAMPAMENTOS PARA ALAMCEN, BAÑOS, ENFERMERIA, CASINO Y CASETA VIGILANCIA",ACTAS QUINCENALES,2016-04-13,NATHALIA CAROLINA MORENO ORDOÑEZ,15/04/2016,30/12/2016,7.5,7.5,30048.1034,4807.69654,261418.49958,54948156.3738,63739861.39363,48,34855.799944,34855.8,Abierto,C1,Suministro Instalacion,FV CONSTRUCCIONES INTEGRALES S.A.S,900725297,,fvconstruccionesintegrales@gmail.com,CL 13 02 43 IN  9 AP 204,3134002768,A,60,FUNZA,4290.0,Construcción de otras obras de ingeniería civil.,Activo,,,,,,J,MdO Placa Entrepiso Vigas Desc e=35cm,346.0,Mano Obra Gris,O,MdeO Contratista,m2,metro cuadrado,ACTIVO,NO,3.0,NO,NO,0.0,0.0,36301.72,19.0,43199.0468,4847.0,2007,PRELIMINARES,Obra Civil Campamento Lote W,476.59,40510150.0,0,,m,0,SI,SI,NO,NO,SI,NO,
174,PDA PRELIMINARES,05 OBRAS PRELIMINARES,ADPRO,En ejecucion,SI,SIN PROPIETARIO,174,PDA PRELIMINARES,25.0,PDA GENERALES NO ASIGNADOS,5032010,PDA GG NO ASIGNADOS,NO,Principal,GRUPOS,1740263,"CONSTRUCCION CAMPAMENTOS PARA ALAMCEN, BAÑOS, ENFERMERIA, CASINO Y CASETA VIGILANCIA",ACTAS QUINCENALES,2016-04-13,NATHALIA CAROLINA MORENO ORDOÑEZ,15/04/2016,30/12/2016,7.63,7.63,30048.1034,4807.69654,265949.75357,54948156.3738,63739861.39363,17,34855.799944,34855.8,Abierto,C1,Suministro Instalacion,FV CONSTRUCCIONES INTEGRALES S.A.S,900725297,,fvconstruccionesintegrales@gmail.com,CL 13 02 43 IN  9 AP 204,3134002768,A,60,FUNZA,4290.0,Construcción de otras obras de ingeniería civil.,Activo,,,,,,J,MdO Placa Entrepiso Vigas Desc e=35cm,346.0,Mano Obra Gris,O,MdeO Contratista,m2,metro cuadrado,ACTIVO,NO,3.0,NO,NO,0.0,0.0,36301.72,19.0,43199.0468,4847.0,2007,PRELIMINARES,Obra Civil Campamento Lote W,476.59,40510150.0,0,,m,0,SI,SI,NO,NO,SI,NO,
174,PDA PRELIMINARES,05 OBRAS PRELIMINARES,ADPRO,En ejecucion,SI,SIN PROPIETARIO,174,PDA PRELIMINARES,25.0,PDA GENERALES NO ASIGNADOS,5032010,PDA GG NO ASIGNADOS,NO,Principal,GRUPOS,1740263,"CONSTRUCCION CAMPAMENTOS PARA ALAMCEN, BAÑOS, ENFERMERIA, CASINO Y CASETA VIGILANCIA",ACTAS QUINCENALES,2016-04-13,NATHALIA CAROLINA MORENO ORDOÑEZ,15/04/2016,30/12/2016,480.0,480.0,6788.2759,1086.12414,3779712.02112,54948156.3738,63739861.39363,15,7874.400044,7874.4,Abierto,C1,Suministro Instalacion,FV CONSTRUCCIONES INTEGRALES S.A.S,900725297,,fvconstruccionesintegrales@gmail.com,CL 13 02 43 IN  9 AP 204,3134002768,A,60,FUNZA,4290.0,Construcción de otras obras de ingeniería civil.,Activo,,,,,,J,MdO Pintura Exterior 3era Mano 11a50,347.0,Mano Obra Blanca,O,MdeO Contratista,m,metro,ACTIVO,NO,0.0,NO,NO,0.0,0.0,991.38,19.0,1179.7422,4451.0,2007,PRELIMINARES,Obra Civil Campamento Lote W,476.59,40510150.0,0,,m,0,SI,SI,NO,NO,SI,NO,
174,PDA PRELIMINARES,05 OBRAS PRELIMINARES,ADPRO,En ejecucion,SI,SIN PROPIETARIO,174,PDA PRELIMINARES,25.0,PDA GENERALES NO ASIGNADOS,5032010,PDA GG NO ASIGNADOS,NO,Principal,GRUPOS,1740263,"CONSTRUCCION CAMPAMENTOS PARA ALAMCEN, BAÑOS, ENFERMERIA, CASINO Y CASETA VIGILANCIA",ACTAS QUINCENALES,2016-04-13,NATHALIA CAROLINA MORENO ORDOÑEZ,15/04/2016,30/12/2016,8.0,8.0,9326.8879,1492.30206,86553.51971,54948156.3738,63739861.39363,16,10819.189964,10819.19,Abierto,C1,Suministro Instalacion,FV CONSTRUCCIONES INTEGRALES S.A.S,900725297,,fvconstruccionesintegrales@gmail.com,CL 13 02 43 IN  9 AP 204,3134002768,A,60,FUNZA,4290.0,Construcción de otras obras de ingeniería civil.,Activo,,,,,,J,Excavacion Manual Compacta Zanja 0a50cm,345.0,Mano Obra Obras Urbanismo,O,MdeO Contratista,m3,metro cubico,ACTIVO,NO,3.0,NO,NO,0.0,0.0,24300.0,19.0,30000.0,4395.0,2007,PRELIMINARES,Obra Civil Campamento Lote W,476.59,40510150.0,0,,m,0,SI,SI,NO,NO,SI,NO,
174,PDA PRELIMINARES,05 OBRAS PRELIMINARES,ADPRO,En ejecucion,SI,SIN PROPIETARIO,174,PDA PRELIMINARES,25.0,PDA GENERALES NO ASIGNADOS,5032010,PDA GG NO ASIGNADOS,NO,Principal,GRUPOS,1740263,"CONSTRUCCION CAMPAMENTOS PARA ALAMCEN, BAÑOS, ENFERMERIA, CASINO Y CASETA VIGILANCIA",ACTAS QUINCENALES,2016-04-13,NATHALIA CAROLINA MORENO ORDOÑEZ,15/04/2016,30/12/2016,2.5,2.5,39126.4224,6260.22758,113466.62496,54948156.3738,63739861.39363,56,45386.649984,45386.65,Abierto,C1,Suministro Instalacion,FV CONSTRUCCIONES INTEGRALES S.A.S,900725297,,fvconstruccionesintegrales@gmail.com,CL 13 02 43 IN  9 AP 204,3134002768,A,60,FUNZA,4290.0,Construcción de otras obras de ingeniería civil.,Activo,,,,,,J,Recebo Comun B-200,319.0,Concretos Morteros Agregados,C,Subcontratos,m3,metro cubico,ACTIVO,NO,0.0,NO,NO,0.0,0.0,30103.3613,19.0,35823.0,2369.0,2007,PRELIMINARES,Obra Civil Campamento Lote W,476.59,40510150.0,0,,m,0,SI,SI,NO,NO,SI,NO,
174,PDA PRELIMINARES,05 OBRAS PRELIMINARES,ADPRO,En ejecucion,SI,SIN PROPIETARIO,174,PDA PRELIMINARES,25.0,PDA GENERALES NO ASIGNADOS,5032010,PDA GG NO ASIGNADOS,NO,Principal,GRUPOS,1740263,"CONSTRUCCION CAMPAMENTOS PARA ALAMCEN, BAÑOS, ENFERMERIA, CASINO Y CASETA VIGILANCIA",ACTAS QUINCENALES,2016-04-13,NATHALIA CAROLINA MORENO ORDOÑEZ,15/04/2016,30/12/2016,8.0,8.0,12728.0172,2036.4828,118116.0,54948156.3738,63739861.39363,23,14764.5,14764.5,Abierto,C1,Suministro Instalacion,FV CONSTRUCCIONES INTEGRALES S.A.S,900725297,,fvconstruccionesintegrales@gmail.com,CL 13 02 43 IN  9 AP 204,3134002768,A,60,FUNZA,4290.0,Construcción de otras obras de ingeniería civil.,Activo,,,,,,J,MdO Enchape Ceramica,347.0,Mano Obra Blanca,O,MdeO Contratista,m2,metro cuadrado,ACTIVO,NO,0.0,NO,NO,0.0,0.0,11527.92,19.0,14232.0,4441.0,2007,PRELIMINARES,Obra Civil Campamento Lote W,476.59,40510150.0,0,,m,0,SI,SI,NO,NO,SI,NO,
174,PDA PRELIMINARES,05 OBRAS PRELIMINARES,ADPRO,En ejecucion,SI,SIN PROPIETARIO,174,PDA PRELIMINARES,25.0,PDA GENERALES NO ASIGNADOS,5032010,PDA GG NO ASIGNADOS,NO,Principal,GRUPOS,1740263,"CONSTRUCCION CAMPAMENTOS PARA ALAMCEN, BAÑOS, ENFERMERIA, CASINO Y CASETA VIGILANCIA",ACTAS QUINCENALES,2016-04-13,NATHALIA CAROLINA MORENO ORDOÑEZ,15/04/2016,30/12/2016,485.0,485.0,6118.431,978.949,3442229.3,54948156.3738,63739861.39363,14,7097.38,7097.38,Abierto,C1,Suministro Instalacion,FV CONSTRUCCIONES INTEGRALES S.A.S,900725297,,fvconstruccionesintegrales@gmail.com,CL 13 02 43 IN  9 AP 204,3134002768,A,60,FUNZA,4290.0,Construcción de otras obras de ingeniería civil.,Activo,,,,,,J,MdO Panete Liso Muros Impermeabilizado,346.0,Mano Obra Gris,O,MdeO Contratista,m2,metro cuadrado,ACTIVO,NO,0.0,NO,NO,0.0,0.0,5883.62,19.0,7001.5078,4424.0,2007,PRELIMINARES,Obra Civil Campamento Lote W,476.59,40510150.0,0,,m,0,SI,SI,NO,NO,SI,NO,
174,PDA PRELIMINARES,05 OBRAS PRELIMINARES,ADPRO,En ejecucion,SI,SIN PROPIETARIO,174,PDA PRELIMINARES,25.0,PDA GENERALES NO ASIGNADOS,5032010,PDA GG NO ASIGNADOS,NO,Principal,GRUPOS,1740263,"CONSTRUCCION CAMPAMENTOS PARA ALAMCEN, BAÑOS, ENFERMERIA, CASINO Y CASETA VIGILANCIA",ACTAS QUINCENALES,2016-04-13,NATHALIA CAROLINA MORENO ORDOÑEZ,15/04/2016,30/12/2016,170.0,170.0,9283.9655,1485.4345,1830798.0,54948156.3738,63739861.39363,64,10769.4,10769.4,Abierto,C1,Suministro Instalacion,FV CONSTRUCCIONES INTEGRALES S.A.S,900725297,,fvconstruccionesintegrales@gmail.com,CL 13 02 43 IN  9 AP 204,3134002768,A,60,FUNZA,4290.0,Construcción de otras obras de ingeniería civil.,Activo,,,,,,J,MdO Anden Perimetral Concreto,346.0,Mano Obra Gris,O,MdeO Contratista,m,metro,ACTIVO,NO,0.0,NO,NO,0.0,0.0,10979.92,19.0,13066.1048,4433.0,2007,PRELIMINARES,Obra Civil Campamento Lote W,476.59,40510150.0,0,,m,0,SI,SI,NO,NO,SI,NO,
174,PDA PRELIMINARES,05 OBRAS PRELIMINARES,ADPRO,En ejecucion,SI,SIN PROPIETARIO,174,PDA PRELIMINARES,25.0,PDA GENERALES NO ASIGNADOS,5032010,PDA GG NO ASIGNADOS,NO,Principal,GRUPOS,1740263,"CONSTRUCCION CAMPAMENTOS PARA ALAMCEN, BAÑOS, ENFERMERIA, CASINO Y CASETA VIGILANCIA",ACTAS QUINCENALES,2016-04-13,NATHALIA CAROLINA MORENO ORDOÑEZ,15/04/2016,30/12/2016,45.0,45.0,6362.0086,1017.92138,332096.84892,54948156.3738,63739861.39363,12,7379.929976,7379.93,Abierto,C1,Suministro Instalacion,FV CONSTRUCCIONES INTEGRALES S.A.S,900725297,,fvconstruccionesintegrales@gmail.com,CL 13 02 43 IN  9 AP 204,3134002768,A,60,FUNZA,4290.0,Construcción de otras obras de ingeniería civil.,Activo,,,,,,J,MdO Alistado Corriente Pisos e=2cm,346.0,Mano Obra Gris,O,MdeO Contratista,m2,metro cuadrado,ACTIVO,NO,0.0,NO,NO,0.0,0.0,5312.07,19.0,6321.3633,4431.0,2007,PRELIMINARES,Obra Civil Campamento Lote W,476.59,40510150.0,0,,m,0,SI,SI,NO,NO,SI,NO,
174,PDA PRELIMINARES,05 OBRAS PRELIMINARES,ADPRO,En ejecucion,SI,SIN PROPIETARIO,174,PDA PRELIMINARES,25.0,PDA GENERALES NO ASIGNADOS,5032010,PDA GG NO ASIGNADOS,NO,Principal,GRUPOS,1740263,"CONSTRUCCION CAMPAMENTOS PARA ALAMCEN, BAÑOS, ENFERMERIA, CASINO Y CASETA VIGILANCIA",ACTAS QUINCENALES,2016-04-13,NATHALIA CAROLINA MORENO ORDOÑEZ,15/04/2016,30/12/2016,6.0,6.0,30048.1034,4807.69654,209134.79966,54948156.3738,63739861.39363,63,34855.799944,34855.8,Abierto,C1,Suministro Instalacion,FV CONSTRUCCIONES INTEGRALES S.A.S,900725297,,fvconstruccionesintegrales@gmail.com,CL 13 02 43 IN  9 AP 204,3134002768,A,60,FUNZA,4290.0,Construcción de otras obras de ingeniería civil.,Activo,,,,,,J,MdO Anden Perimetral Concreto,346.0,Mano Obra Gris,O,MdeO Contratista,m,metro,ACTIVO,NO,0.0,NO,NO,0.0,0.0,10979.92,19.0,13066.1048,4433.0,2007,PRELIMINARES,Obra Civil Campamento Lote W,476.59,40510150.0,0,,m,0,SI,SI,NO,NO,SI,NO,
174,PDA PRELIMINARES,05 OBRAS PRELIMINARES,ADPRO,En ejecucion,SI,SIN PROPIETARIO,174,PDA PRELIMINARES,25.0,PDA GENERALES NO ASIGNADOS,5032010,PDA GG NO ASIGNADOS,NO,Principal,GRUPOS,1740263,"CONSTRUCCION CAMPAMENTOS PARA ALAMCEN, BAÑOS, ENFERMERIA, CASINO Y CASETA VIGILANCIA",ACTAS QUINCENALES,2016-04-13,NATHALIA CAROLINA MORENO ORDOÑEZ,15/04/2016,30/12/2016,10.0,10.0,12561.3017,2009.80827,145711.09972,54948156.3738,63739861.39363,19,14571.109972,14571.11,Abierto,C1,Suministro Instalacion,FV CONSTRUCCIONES INTEGRALES S.A.S,900725297,,fvconstruccionesintegrales@gmail.com,CL 13 02 43 IN  9 AP 204,3134002768,A,60,FUNZA,4290.0,Construcción de otras obras de ingeniería civil.,Activo,,,,,,J,Teja Trapezoidal Foil/Acero 3.66x0.73m,320.0,Cubiertas Accesorios,M,Materiales,Un,unidad,ACTIVO,NO,0.0,NO,NO,0.0,0.0,277200.0,19.0,329868.0,2944.0,2007,PRELIMINARES,Obra Civil Campamento Lote W,476.59,40510150.0,0,,m,0,SI,SI,NO,NO,SI,NO,
174,PDA PRELIMINARES,05 OBRAS PRELIMINARES,ADPRO,En ejecucion,SI,SIN PROPIETARIO,174,PDA PRELIMINARES,25.0,PDA GENERALES NO ASIGNADOS,5032010,PDA GG NO ASIGNADOS,NO,Principal,GRUPOS,1740263,"CONSTRUCCION CAMPAMENTOS PARA ALAMCEN, BAÑOS, ENFERMERIA, CASINO Y CASETA VIGILANCIA",ACTAS QUINCENALES,2016-04-13,NATHALIA CAROLINA MORENO ORDOÑEZ,15/04/2016,30/12/2016,64.0,64.0,9326.8879,1492.30206,692428.1577,54948156.3738,63739861.39363,3,10819.189964,10819.19,Abierto,C1,Suministro Instalacion,FV CONSTRUCCIONES INTEGRALES S.A.S,900725297,,fvconstruccionesintegrales@gmail.com,CL 13 02 43 IN  9 AP 204,3134002768,A,60,FUNZA,4290.0,Construcción de otras obras de ingeniería civil.,Activo,,,,,,J,MdO Placa Entrepiso Vigas Desc e=35cm,346.0,Mano Obra Gris,O,MdeO Contratista,m2,metro cuadrado,ACTIVO,NO,3.0,NO,NO,0.0,0.0,36301.72,19.0,43199.0468,4847.0,2007,PRELIMINARES,Obra Civil Campamento Lote W,476.59,40510150.0,0,,m,0,SI,SI,NO,NO,SI,NO,
174,PDA PRELIMINARES,05 OBRAS PRELIMINARES,ADPRO,En ejecucion,SI,SIN PROPIETARIO,174,PDA PRELIMINARES,25.0,PDA GENERALES NO ASIGNADOS,5032010,PDA GG NO ASIGNADOS,NO,Principal,GRUPOS,1740263,"CONSTRUCCION CAMPAMENTOS PARA ALAMCEN, BAÑOS, ENFERMERIA, CASINO Y CASETA VIGILANCIA",ACTAS QUINCENALES,2016-04-13,NATHALIA CAROLINA MORENO ORDOÑEZ,15/04/2016,30/12/2016,9.0,9.0,30048.1034,4807.69654,313702.1995,54948156.3738,63739861.39363,58,34855.799944,34855.8,Abierto,C1,Suministro Instalacion,FV CONSTRUCCIONES INTEGRALES S.A.S,900725297,,fvconstruccionesintegrales@gmail.com,CL 13 02 43 IN  9 AP 204,3134002768,A,60,FUNZA,4290.0,Construcción de otras obras de ingeniería civil.,Activo,,,,,,J,MdO Placa Entrepiso Vigas Desc e=35cm,346.0,Mano Obra Gris,O,MdeO Contratista,m2,metro cuadrado,ACTIVO,NO,3.0,NO,NO,0.0,0.0,36301.72,19.0,43199.0468,4847.0,2007,PRELIMINARES,Obra Civil Campamento Lote W,476.59,40510150.0,0,,m,0,SI,SI,NO,NO,SI,NO,
174,PDA PRELIMINARES,05 OBRAS PRELIMINARES,ADPRO,En ejecucion,SI,SIN PROPIETARIO,174,PDA PRELIMINARES,25.0,PDA GENERALES NO ASIGNADOS,5032010,PDA GG NO ASIGNADOS,NO,Principal,GRUPOS,1740263,"CONSTRUCCION CAMPAMENTOS PARA ALAMCEN, BAÑOS, ENFERMERIA, CASINO Y CASETA VIGILANCIA",ACTAS QUINCENALES,2016-04-13,NATHALIA CAROLINA MORENO ORDOÑEZ,15/04/2016,30/12/2016,149.0,149.0,30048.1034,4807.69654,5193514.19166,54948156.3738,63739861.39363,4,34855.799944,34855.8,Abierto,C1,Suministro Instalacion,FV CONSTRUCCIONES INTEGRALES S.A.S,900725297,,fvconstruccionesintegrales@gmail.com,CL 13 02 43 IN  9 AP 204,3134002768,A,60,FUNZA,4290.0,Construcción de otras obras de ingeniería civil.,Activo,,,,,,J,MdO Placa Entrepiso Vigas Desc e=35cm,346.0,Mano Obra Gris,O,MdeO Contratista,m2,metro cuadrado,ACTIVO,NO,3.0,NO,NO,0.0,0.0,36301.72,19.0,43199.0468,4847.0,2007,PRELIMINARES,Obra Civil Campamento Lote W,476.59,40510150.0,0,,m,0,SI,SI,NO,NO,SI,NO,
174,PDA PRELIMINARES,05 OBRAS PRELIMINARES,ADPRO,En ejecucion,SI,SIN PROPIETARIO,174,PDA PRELIMINARES,25.0,PDA GENERALES NO ASIGNADOS,5032010,PDA GG NO ASIGNADOS,NO,Principal,GRUPOS,1740263,"CONSTRUCCION CAMPAMENTOS PARA ALAMCEN, BAÑOS, ENFERMERIA, CASINO Y CASETA VIGILANCIA",ACTAS QUINCENALES,2016-04-13,NATHALIA CAROLINA MORENO ORDOÑEZ,15/04/2016,30/12/2016,46.0,46.0,39126.4224,6260.22758,2087785.89926,54948156.3738,63739861.39363,1,45386.649984,45386.65,Abierto,C1,Suministro Instalacion,FV CONSTRUCCIONES INTEGRALES S.A.S,900725297,,fvconstruccionesintegrales@gmail.com,CL 13 02 43 IN  9 AP 204,3134002768,A,60,FUNZA,4290.0,Construcción de otras obras de ingeniería civil.,Activo,,,,,,J,Recebo Comun,319.0,Concretos Morteros Agregados,M,Materiales,m3,metro cubico,ACTIVO,NO,0.0,NO,NO,0.0,0.0,33349.2689,19.0,39685.63,2368.0,2007,PRELIMINARES,Obra Civil Campamento Lote W,476.59,40510150.0,0,,m,0,SI,SI,NO,NO,SI,NO,
174,PDA PRELIMINARES,05 OBRAS PRELIMINARES,ADPRO,En ejecucion,SI,SIN PROPIETARIO,174,PDA PRELIMINARES,25.0,PDA GENERALES NO ASIGNADOS,5032010,PDA GG NO ASIGNADOS,NO,Principal,GRUPOS,1740263,"CONSTRUCCION CAMPAMENTOS PARA ALAMCEN, BAÑOS, ENFERMERIA, CASINO Y CASETA VIGILANCIA",ACTAS QUINCENALES,2016-04-13,NATHALIA CAROLINA MORENO ORDOÑEZ,15/04/2016,30/12/2016,98.0,98.0,11865.5086,1898.48138,1348871.01765,54948156.3738,63739861.39363,10,13763.989976,13763.99,Abierto,C1,Suministro Instalacion,FV CONSTRUCCIONES INTEGRALES S.A.S,900725297,,fvconstruccionesintegrales@gmail.com,CL 13 02 43 IN  9 AP 204,3134002768,A,60,FUNZA,4290.0,Construcción de otras obras de ingeniería civil.,Activo,,,,,,J,Instalacion Perfil 20x40,346.0,Mano Obra Gris,O,MdeO Contratista,m,metro,ACTIVO,NO,3.0,NO,NO,0.0,0.0,5172.41,19.0,6155.1679,6923.0,2007,PRELIMINARES,Obra Civil Campamento Lote W,476.59,40510150.0,0,,m,0,SI,SI,NO,NO,SI,NO,
174,PDA PRELIMINARES,05 OBRAS PRELIMINARES,ADPRO,En ejecucion,SI,SIN PROPIETARIO,174,PDA PRELIMINARES,25.0,PDA GENERALES NO ASIGNADOS,5032010,PDA GG NO ASIGNADOS,NO,Principal,GRUPOS,1740263,"CONSTRUCCION CAMPAMENTOS PARA ALAMCEN, BAÑOS, ENFERMERIA, CASINO Y CASETA VIGILANCIA",ACTAS QUINCENALES,2016-04-13,NATHALIA CAROLINA MORENO ORDOÑEZ,15/04/2016,30/12/2016,43.0,43.0,5509.4828,881.51725,274813.00206,54948156.3738,63739861.39363,24,6391.000048,6391.0,Abierto,C1,Suministro Instalacion,FV CONSTRUCCIONES INTEGRALES S.A.S,900725297,,fvconstruccionesintegrales@gmail.com,CL 13 02 43 IN  9 AP 204,3134002768,A,60,FUNZA,4290.0,Construcción de otras obras de ingeniería civil.,Activo,,,,,,J,MdO Panete Liso Muros Impermeabilizado,346.0,Mano Obra Gris,O,MdeO Contratista,m2,metro cuadrado,ACTIVO,NO,0.0,NO,NO,0.0,0.0,5883.62,19.0,7001.5078,4424.0,2007,PRELIMINARES,Obra Civil Campamento Lote W,476.59,40510150.0,0,,m,0,SI,SI,NO,NO,SI,NO,
174,PDA PRELIMINARES,05 OBRAS PRELIMINARES,ADPRO,En ejecucion,SI,SIN PROPIETARIO,174,PDA PRELIMINARES,25.0,PDA GENERALES NO ASIGNADOS,5032010,PDA GG NO ASIGNADOS,NO,Principal,GRUPOS,1740263,"CONSTRUCCION CAMPAMENTOS PARA ALAMCEN, BAÑOS, ENFERMERIA, CASINO Y CASETA VIGILANCIA",ACTAS QUINCENALES,2016-04-13,NATHALIA CAROLINA MORENO ORDOÑEZ,15/04/2016,30/12/2016,3.5,3.5,11865.5086,1898.48138,48173.96492,54948156.3738,63739861.39363,55,13763.989976,13763.99,Abierto,C1,Suministro Instalacion,FV CONSTRUCCIONES INTEGRALES S.A.S,900725297,,fvconstruccionesintegrales@gmail.com,CL 13 02 43 IN  9 AP 204,3134002768,A,60,FUNZA,4290.0,Construcción de otras obras de ingeniería civil.,Activo,,,,,,J,Instalacion Perfil 20x40,346.0,Mano Obra Gris,O,MdeO Contratista,m,metro,ACTIVO,NO,3.0,NO,NO,0.0,0.0,5172.41,19.0,6155.1679,6923.0,2007,PRELIMINARES,Obra Civil Campamento Lote W,476.59,40510150.0,0,,m,0,SI,SI,NO,NO,SI,NO,
174,PDA PRELIMINARES,05 OBRAS PRELIMINARES,ADPRO,En ejecucion,SI,SIN PROPIETARIO,174,PDA PRELIMINARES,25.0,PDA GENERALES NO ASIGNADOS,5032010,PDA GG NO ASIGNADOS,NO,Principal,GRUPOS,1740263,"CONSTRUCCION CAMPAMENTOS PARA ALAMCEN, BAÑOS, ENFERMERIA, CASINO Y CASETA VIGILANCIA",ACTAS QUINCENALES,2016-04-13,NATHALIA CAROLINA MORENO ORDOÑEZ,15/04/2016,30/12/2016,6.0,6.0,11865.5086,1898.48138,82583.93986,54948156.3738,63739861.39363,21,13763.989976,13763.99,Abierto,C1,Suministro Instalacion,FV CONSTRUCCIONES INTEGRALES S.A.S,900725297,,fvconstruccionesintegrales@gmail.com,CL 13 02 43 IN  9 AP 204,3134002768,A,60,FUNZA,4290.0,Construcción de otras obras de ingeniería civil.,Activo,,,,,,J,Instalacion Perfil 20x40,346.0,Mano Obra Gris,O,MdeO Contratista,m,metro,ACTIVO,NO,3.0,NO,NO,0.0,0.0,5172.41,19.0,6155.1679,6923.0,2007,PRELIMINARES,Obra Civil Campamento Lote W,476.59,40510150.0,0,,m,0,SI,SI,NO,NO,SI,NO,
174,PDA PRELIMINARES,05 OBRAS PRELIMINARES,ADPRO,En ejecucion,SI,SIN PROPIETARIO,174,PDA PRELIMINARES,25.0,PDA GENERALES NO ASIGNADOS,5032010,PDA GG NO ASIGNADOS,NO,Principal,GRUPOS,1740263,"CONSTRUCCION CAMPAMENTOS PARA ALAMCEN, BAÑOS, ENFERMERIA, CASINO Y CASETA VIGILANCIA",ACTAS QUINCENALES,2016-04-13,NATHALIA CAROLINA MORENO ORDOÑEZ,15/04/2016,30/12/2016,7.0,7.0,25511.9397,4081.91035,207156.95036,54948156.3738,63739861.39363,62,29593.850052,29593.85,Abierto,C1,Suministro Instalacion,FV CONSTRUCCIONES INTEGRALES S.A.S,900725297,,fvconstruccionesintegrales@gmail.com,CL 13 02 43 IN  9 AP 204,3134002768,A,60,FUNZA,4290.0,Construcción de otras obras de ingeniería civil.,Activo,,,,,,J,Meson Acero Inox Ref Baja,313.0,Aparatos Griferias Accesorios,C,Subcontratos,m,metro,ACTIVO,NO,0.0,NO,NO,0.0,0.0,170689.6552,19.0,203120.6897,1931.0,2007,PRELIMINARES,Obra Civil Campamento Lote W,476.59,40510150.0,0,,m,0,SI,SI,NO,NO,SI,NO,
174,PDA PRELIMINARES,05 OBRAS PRELIMINARES,ADPRO,En ejecucion,SI,SIN PROPIETARIO,174,PDA PRELIMINARES,25.0,PDA GENERALES NO ASIGNADOS,5032010,PDA GG NO ASIGNADOS,NO,Principal,GRUPOS,1740263,"CONSTRUCCION CAMPAMENTOS PARA ALAMCEN, BAÑOS, ENFERMERIA, CASINO Y CASETA VIGILANCIA",ACTAS QUINCENALES,2016-04-13,NATHALIA CAROLINA MORENO ORDOÑEZ,15/04/2016,30/12/2016,32.0,32.0,7495.0517,1199.20827,278216.3191,54948156.3738,63739861.39363,18,8694.259972,8694.26,Abierto,C1,Suministro Instalacion,FV CONSTRUCCIONES INTEGRALES S.A.S,900725297,,fvconstruccionesintegrales@gmail.com,CL 13 02 43 IN  9 AP 204,3134002768,A,60,FUNZA,4290.0,Construcción de otras obras de ingeniería civil.,Activo,,,,,,J,MdO Muro Bloque Arcilla,346.0,Mano Obra Gris,O,MdeO Contratista,m2,metro cuadrado,ACTIVO,NO,0.0,NO,NO,0.0,0.0,9094.83,19.0,10822.8477,4411.0,2007,PRELIMINARES,Obra Civil Campamento Lote W,476.59,40510150.0,0,,m,0,SI,SI,NO,NO,SI,NO,
174,PDA PRELIMINARES,05 OBRAS PRELIMINARES,ADPRO,En ejecucion,SI,SIN PROPIETARIO,174,PDA PRELIMINARES,25.0,PDA GENERALES NO ASIGNADOS,5032010,PDA GG NO ASIGNADOS,NO,Principal,GRUPOS,1740263,"CONSTRUCCION CAMPAMENTOS PARA ALAMCEN, BAÑOS, ENFERMERIA, CASINO Y CASETA VIGILANCIA",ACTAS QUINCENALES,2016-04-13,NATHALIA CAROLINA MORENO ORDOÑEZ,15/04/2016,30/12/2016,6.0,6.0,38184.0517,6109.4483,265761.0,54948156.3738,63739861.39363,26,44293.5,44293.5,Abierto,C1,Suministro Instalacion,FV CONSTRUCCIONES INTEGRALES S.A.S,900725297,,fvconstruccionesintegrales@gmail.com,CL 13 02 43 IN  9 AP 204,3134002768,A,60,FUNZA,4290.0,Construcción de otras obras de ingeniería civil.,Activo,,,,,,J,Punto Sanitario,334.0,Internas Hidrosanitarias,C,Subcontratos,Un,unidad,ACTIVO,NO,0.0,NO,NO,0.0,0.0,129690.73,19.0,154331.9687,2364.0,2007,PRELIMINARES,Obra Civil Campamento Lote W,476.59,40510150.0,0,,m,0,SI,SI,NO,NO,SI,NO,
174,PDA PRELIMINARES,05 OBRAS PRELIMINARES,ADPRO,En ejecucion,SI,SIN PROPIETARIO,174,PDA PRELIMINARES,25.0,PDA GENERALES NO ASIGNADOS,5032010,PDA GG NO ASIGNADOS,NO,Principal,GRUPOS,1740263,"CONSTRUCCION CAMPAMENTOS PARA ALAMCEN, BAÑOS, ENFERMERIA, CASINO Y CASETA VIGILANCIA",ACTAS QUINCENALES,2016-04-13,NATHALIA CAROLINA MORENO ORDOÑEZ,15/04/2016,30/12/2016,33.76,33.76,7495.0517,1199.20827,293518.21666,54948156.3738,63739861.39363,50,8694.259972,8694.26,Abierto,C1,Suministro Instalacion,FV CONSTRUCCIONES INTEGRALES S.A.S,900725297,,fvconstruccionesintegrales@gmail.com,CL 13 02 43 IN  9 AP 204,3134002768,A,60,FUNZA,4290.0,Construcción de otras obras de ingeniería civil.,Activo,,,,,,J,MdO Muro Bloque Arcilla,346.0,Mano Obra Gris,O,MdeO Contratista,m2,metro cuadrado,ACTIVO,NO,0.0,NO,NO,0.0,0.0,9094.83,19.0,10822.8477,4411.0,2007,PRELIMINARES,Obra Civil Campamento Lote W,476.59,40510150.0,0,,m,0,SI,SI,NO,NO,SI,NO,
174,PDA PRELIMINARES,05 OBRAS PRELIMINARES,ADPRO,En ejecucion,SI,SIN PROPIETARIO,174,PDA PRELIMINARES,25.0,PDA GENERALES NO ASIGNADOS,5032010,PDA GG NO ASIGNADOS,NO,Principal,GRUPOS,1740263,"CONSTRUCCION CAMPAMENTOS PARA ALAMCEN, BAÑOS, ENFERMERIA, CASINO Y CASETA VIGILANCIA",ACTAS QUINCENALES,2016-04-13,NATHALIA CAROLINA MORENO ORDOÑEZ,15/04/2016,30/12/2016,64.0,64.0,3353.2069,536.5131,248942.08026,54948156.3738,63739861.39363,2,3889.720004,3889.72,Abierto,C1,Suministro Instalacion,FV CONSTRUCCIONES INTEGRALES S.A.S,900725297,,fvconstruccionesintegrales@gmail.com,CL 13 02 43 IN  9 AP 204,3134002768,A,60,FUNZA,4290.0,Construcción de otras obras de ingeniería civil.,Activo,,,,,,J,Excavacion Manual Compacta Zanja 0a50cm,345.0,Mano Obra Obras Urbanismo,O,MdeO Contratista,m3,metro cubico,ACTIVO,NO,3.0,NO,NO,0.0,0.0,24300.0,19.0,30000.0,4395.0,2007,PRELIMINARES,Obra Civil Campamento Lote W,476.59,40510150.0,0,,m,0,SI,SI,NO,NO,SI,NO,
174,PDA PRELIMINARES,05 OBRAS PRELIMINARES,ADPRO,En ejecucion,SI,SIN PROPIETARIO,174,PDA PRELIMINARES,25.0,PDA GENERALES NO ASIGNADOS,5032010,PDA GG NO ASIGNADOS,NO,Principal,GRUPOS,1740263,"CONSTRUCCION CAMPAMENTOS PARA ALAMCEN, BAÑOS, ENFERMERIA, CASINO Y CASETA VIGILANCIA",ACTAS QUINCENALES,2016-04-13,NATHALIA CAROLINA MORENO ORDOÑEZ,15/04/2016,30/12/2016,3.0,3.0,39126.4224,6260.22758,136159.94995,54948156.3738,63739861.39363,46,45386.649984,45386.65,Abierto,C1,Suministro Instalacion,FV CONSTRUCCIONES INTEGRALES S.A.S,900725297,,fvconstruccionesintegrales@gmail.com,CL 13 02 43 IN  9 AP 204,3134002768,A,60,FUNZA,4290.0,Construcción de otras obras de ingeniería civil.,Activo,,,,,,J,Recebo Comun B-200,319.0,Concretos Morteros Agregados,C,Subcontratos,m3,metro cubico,ACTIVO,NO,0.0,NO,NO,0.0,0.0,30103.3613,19.0,35823.0,2369.0,2007,PRELIMINARES,Obra Civil Campamento Lote W,476.59,40510150.0,0,,m,0,SI,SI,NO,NO,SI,NO,
174,PDA PRELIMINARES,05 OBRAS PRELIMINARES,ADPRO,En ejecucion,SI,SIN PROPIETARIO,174,PDA PRELIMINARES,25.0,PDA GENERALES NO ASIGNADOS,5032010,PDA GG NO ASIGNADOS,NO,Principal,GRUPOS,1740263,"CONSTRUCCION CAMPAMENTOS PARA ALAMCEN, BAÑOS, ENFERMERIA, CASINO Y CASETA VIGILANCIA",ACTAS QUINCENALES,2016-04-13,NATHALIA CAROLINA MORENO ORDOÑEZ,15/04/2016,30/12/2016,21.0,21.0,12728.0172,2036.4828,310054.5,54948156.3738,63739861.39363,52,14764.5,14764.5,Abierto,C1,Suministro Instalacion,FV CONSTRUCCIONES INTEGRALES S.A.S,900725297,,fvconstruccionesintegrales@gmail.com,CL 13 02 43 IN  9 AP 204,3134002768,A,60,FUNZA,4290.0,Construcción de otras obras de ingeniería civil.,Activo,,,,,,J,MdO Enchape Ceramica,347.0,Mano Obra Blanca,O,MdeO Contratista,m2,metro cuadrado,ACTIVO,NO,0.0,NO,NO,0.0,0.0,11527.92,19.0,14232.0,4441.0,2007,PRELIMINARES,Obra Civil Campamento Lote W,476.59,40510150.0,0,,m,0,SI,SI,NO,NO,SI,NO,
174,PDA PRELIMINARES,05 OBRAS PRELIMINARES,ADPRO,En ejecucion,SI,SIN PROPIETARIO,174,PDA PRELIMINARES,25.0,PDA GENERALES NO ASIGNADOS,5032010,PDA GG NO ASIGNADOS,NO,Principal,GRUPOS,1740263,"CONSTRUCCION CAMPAMENTOS PARA ALAMCEN, BAÑOS, ENFERMERIA, CASINO Y CASETA VIGILANCIA",ACTAS QUINCENALES,2016-04-13,NATHALIA CAROLINA MORENO ORDOÑEZ,15/04/2016,30/12/2016,66.0,66.0,9326.8879,1492.30206,714066.53762,54948156.3738,63739861.39363,6,10819.189964,10819.19,Abierto,C1,Suministro Instalacion,FV CONSTRUCCIONES INTEGRALES S.A.S,900725297,,fvconstruccionesintegrales@gmail.com,CL 13 02 43 IN  9 AP 204,3134002768,A,60,FUNZA,4290.0,Construcción de otras obras de ingeniería civil.,Activo,,,,,,J,MdO Columnas Concreto,346.0,Mano Obra Gris,O,MdeO Contratista,m3,metro cubico,ACTIVO,NO,3.0,NO,NO,0.0,0.0,112068.97,19.0,133362.0743,4792.0,2007,PRELIMINARES,Obra Civil Campamento Lote W,476.59,40510150.0,0,,m,0,SI,SI,NO,NO,SI,NO,
174,PDA PRELIMINARES,05 OBRAS PRELIMINARES,ADPRO,En ejecucion,SI,SIN PROPIETARIO,174,PDA PRELIMINARES,25.0,PDA GENERALES NO ASIGNADOS,5032010,PDA GG NO ASIGNADOS,NO,Principal,GRUPOS,1740263,"CONSTRUCCION CAMPAMENTOS PARA ALAMCEN, BAÑOS, ENFERMERIA, CASINO Y CASETA VIGILANCIA",ACTAS QUINCENALES,2016-04-13,NATHALIA CAROLINA MORENO ORDOÑEZ,15/04/2016,30/12/2016,38.0,38.0,12728.0172,2036.4828,561051.0,54948156.3738,63739861.39363,13,14764.5,14764.5,Abierto,C1,Suministro Instalacion,FV CONSTRUCCIONES INTEGRALES S.A.S,900725297,,fvconstruccionesintegrales@gmail.com,CL 13 02 43 IN  9 AP 204,3134002768,A,60,FUNZA,4290.0,Construcción de otras obras de ingeniería civil.,Activo,,,,,,J,MdO Enchape Ceramica,347.0,Mano Obra Blanca,O,MdeO Contratista,m2,metro cuadrado,ACTIVO,NO,0.0,NO,NO,0.0,0.0,11527.92,19.0,14232.0,4441.0,2007,PRELIMINARES,Obra Civil Campamento Lote W,476.59,40510150.0,0,,m,0,SI,SI,NO,NO,SI,NO,
174,PDA PRELIMINARES,05 OBRAS PRELIMINARES,ADPRO,En ejecucion,SI,SIN PROPIETARIO,174,PDA PRELIMINARES,25.0,PDA GENERALES NO ASIGNADOS,5032010,PDA GG NO ASIGNADOS,NO,Principal,GRUPOS,1740255,PROVISIONAL ELECTRICA MEDIA Y BAJA TENSION KATIOS,Actas de Obra Quincenales,2016-01-04,RENE ALEJANDRO MELO JIMENEZ,04/01/2016,30/07/2016,1200.0,1200.0,15680.0,89.6,18923520.0,36860320.0,37070950.4,15,15769.6,15769.6,Abierto,B3,Civil Todo Costo,INSTALACIONES ELECTRICAS HCR SAS,900151513,,hcr900@gmail.com,CL 2  17  93 OF 243,8934459,A,60,MOSQUERA,4321.0,Instalaciones eléctricas.,Activo,,,,,,J,Cable Aluminio Aislado PVC 4 AWG,332.0,Internas Electricas y Comunicaciones,M,Materiales,m,metro,ACTIVO,NO,0.0,NO,NO,0.0,0.0,1695.6897,19.0,2017.8707,545.0,3002,PRELIMINARES,Obras Provisionales Energia Sector W,1.0,150000000.0,0,,Sg,0,SI,SI,NO,NO,SI,NO,
174,PDA PRELIMINARES,05 OBRAS PRELIMINARES,ADPRO,En ejecucion,SI,SIN PROPIETARIO,174,PDA PRELIMINARES,25.0,PDA GENERALES NO ASIGNADOS,5032010,PDA GG NO ASIGNADOS,NO,Principal,GRUPOS,1740255,PROVISIONAL ELECTRICA MEDIA Y BAJA TENSION KATIOS,Actas de Obra Quincenales,2016-01-04,RENE ALEJANDRO MELO JIMENEZ,04/01/2016,30/07/2016,18.0,18.0,47040.0,268.8,851558.4,36860320.0,37070950.4,12,47308.8,47308.8,Abierto,B3,Civil Todo Costo,INSTALACIONES ELECTRICAS HCR SAS,900151513,,hcr900@gmail.com,CL 2  17  93 OF 243,8934459,A,60,MOSQUERA,4321.0,Instalaciones eléctricas.,Activo,,,,,,J,Parcial Cobre 2x10,332.0,Internas Electricas y Comunicaciones,C,Subcontratos,m,metro,ACTIVO,NO,3.0,NO,NO,0.0,0.0,4661.21,19.0,5546.8399,5164.0,3002,PRELIMINARES,Obras Provisionales Energia Sector W,1.0,150000000.0,0,,Sg,0,SI,SI,NO,NO,SI,NO,
174,PDA PRELIMINARES,05 OBRAS PRELIMINARES,ADPRO,En ejecucion,SI,SIN PROPIETARIO,174,PDA PRELIMINARES,25.0,PDA GENERALES NO ASIGNADOS,5032010,PDA GG NO ASIGNADOS,NO,Principal,GRUPOS,1740268,RED PROVISIONAL ELECTRICA MEDIA Y BAJA TENSION PROPIETARIOS KATIOS,Actas de Obra Quincenales,2016-08-17,RENE ALEJANDRO MELO JIMENEZ,17/08/2016,30/12/2016,1.0,1.0,728000.0,4160.0,732160.0,32129440.0,32313036.8,5,732160.0,732160.0,Abierto,B3,Civil Todo Costo,INSTALACIONES ELECTRICAS HCR SAS,900151513,,hcr900@gmail.com,CL 2  17  93 OF 243,8934459,A,60,MOSQUERA,4321.0,Instalaciones eléctricas.,Activo,,,,,,J,"Bajante d=6"" Galvanizada",332.0,Internas Electricas y Comunicaciones,C,Subcontratos,m,metro,ACTIVO,NO,3.0,NO,NO,0.0,0.0,0.0,19.0,0.0,6218.0,3002,PRELIMINARES,Obras Provisionales Energia Sector W,1.0,150000000.0,0,,Sg,0,SI,SI,NO,NO,SI,NO,
174,PDA PRELIMINARES,05 OBRAS PRELIMINARES,ADPRO,En ejecucion,SI,SIN PROPIETARIO,174,PDA PRELIMINARES,25.0,PDA GENERALES NO ASIGNADOS,5032010,PDA GG NO ASIGNADOS,NO,Principal,GRUPOS,1740268,RED PROVISIONAL ELECTRICA MEDIA Y BAJA TENSION PROPIETARIOS KATIOS,Actas de Obra Quincenales,2016-08-17,RENE ALEJANDRO MELO JIMENEZ,17/08/2016,30/12/2016,90.0,90.0,14000.0,80.0,1267200.0,32129440.0,32313036.8,18,14080.0,14080.0,Abierto,B3,Civil Todo Costo,INSTALACIONES ELECTRICAS HCR SAS,900151513,,hcr900@gmail.com,CL 2  17  93 OF 243,8934459,A,60,MOSQUERA,4321.0,Instalaciones eléctricas.,Activo,,,,,,J,MdO Acometida Media Tension,345.0,Mano Obra Obras Urbanismo,O,MdeO Contratista,m,metro,ACTIVO,NO,3.0,NO,NO,0.0,0.0,55660.34,19.0,66235.8046,4978.0,3002,PRELIMINARES,Obras Provisionales Energia Sector W,1.0,150000000.0,0,,Sg,0,SI,SI,NO,NO,SI,NO,
174,PDA PRELIMINARES,05 OBRAS PRELIMINARES,ADPRO,En ejecucion,SI,SIN PROPIETARIO,174,PDA PRELIMINARES,25.0,PDA GENERALES NO ASIGNADOS,5032010,PDA GG NO ASIGNADOS,NO,Principal,GRUPOS,1740255,PROVISIONAL ELECTRICA MEDIA Y BAJA TENSION KATIOS,Actas de Obra Quincenales,2016-01-04,RENE ALEJANDRO MELO JIMENEZ,04/01/2016,30/07/2016,1.0,1.0,616000.0,3520.0,619520.0,36860320.0,37070950.4,5,619520.0,619520.0,Abierto,B3,Civil Todo Costo,INSTALACIONES ELECTRICAS HCR SAS,900151513,,hcr900@gmail.com,CL 2  17  93 OF 243,8934459,A,60,MOSQUERA,4321.0,Instalaciones eléctricas.,Activo,,,,,,J,"Bajante d=6"" Galvanizada",332.0,Internas Electricas y Comunicaciones,C,Subcontratos,m,metro,ACTIVO,NO,3.0,NO,NO,0.0,0.0,0.0,19.0,0.0,6218.0,3002,PRELIMINARES,Obras Provisionales Energia Sector W,1.0,150000000.0,0,,Sg,0,SI,SI,NO,NO,SI,NO,
174,PDA PRELIMINARES,05 OBRAS PRELIMINARES,ADPRO,En ejecucion,SI,SIN PROPIETARIO,174,PDA PRELIMINARES,25.0,PDA GENERALES NO ASIGNADOS,5032010,PDA GG NO ASIGNADOS,NO,Principal,GRUPOS,1740255,PROVISIONAL ELECTRICA MEDIA Y BAJA TENSION KATIOS,Actas de Obra Quincenales,2016-01-04,RENE ALEJANDRO MELO JIMENEZ,04/01/2016,30/07/2016,60.0,60.0,8400.0,48.0,506880.0,36860320.0,37070950.4,18,8448.0,8448.0,Abierto,B3,Civil Todo Costo,INSTALACIONES ELECTRICAS HCR SAS,900151513,,hcr900@gmail.com,CL 2  17  93 OF 243,8934459,A,60,MOSQUERA,4321.0,Instalaciones eléctricas.,Activo,,,,,,J,Cable Cobre Encauch 2x18 AWG,332.0,Internas Electricas y Comunicaciones,M,Materiales,m,metro,ACTIVO,NO,0.0,NO,NO,0.0,0.0,1258.6207,19.0,1497.7586,588.0,3002,PRELIMINARES,Obras Provisionales Energia Sector W,1.0,150000000.0,0,,Sg,0,SI,SI,NO,NO,SI,NO,
174,PDA PRELIMINARES,05 OBRAS PRELIMINARES,ADPRO,En ejecucion,SI,SIN PROPIETARIO,174,PDA PRELIMINARES,25.0,PDA GENERALES NO ASIGNADOS,5032010,PDA GG NO ASIGNADOS,NO,Principal,GRUPOS,1740255,PROVISIONAL ELECTRICA MEDIA Y BAJA TENSION KATIOS,Actas de Obra Quincenales,2016-01-04,RENE ALEJANDRO MELO JIMENEZ,04/01/2016,30/07/2016,200.0,200.0,8400.0,48.0,1689600.0,36860320.0,37070950.4,21,8448.0,8448.0,Abierto,B3,Civil Todo Costo,INSTALACIONES ELECTRICAS HCR SAS,900151513,,hcr900@gmail.com,CL 2  17  93 OF 243,8934459,A,60,MOSQUERA,4321.0,Instalaciones eléctricas.,Activo,,,,,,J,Cable Cobre Encauch 2x18 AWG,332.0,Internas Electricas y Comunicaciones,M,Materiales,m,metro,ACTIVO,NO,0.0,NO,NO,0.0,0.0,1258.6207,19.0,1497.7586,588.0,3002,PRELIMINARES,Obras Provisionales Energia Sector W,1.0,150000000.0,0,,Sg,0,SI,SI,NO,NO,SI,NO,
174,PDA PRELIMINARES,05 OBRAS PRELIMINARES,ADPRO,En ejecucion,SI,SIN PROPIETARIO,174,PDA PRELIMINARES,25.0,PDA GENERALES NO ASIGNADOS,5032010,PDA GG NO ASIGNADOS,NO,Principal,GRUPOS,1740268,RED PROVISIONAL ELECTRICA MEDIA Y BAJA TENSION PROPIETARIOS KATIOS,Actas de Obra Quincenales,2016-08-17,RENE ALEJANDRO MELO JIMENEZ,17/08/2016,30/12/2016,48.0,48.0,82880.0,473.6,4000972.8,32129440.0,32313036.8,12,83353.6,83353.6,Abierto,B3,Civil Todo Costo,INSTALACIONES ELECTRICAS HCR SAS,900151513,,hcr900@gmail.com,CL 2  17  93 OF 243,8934459,A,60,MOSQUERA,4321.0,Instalaciones eléctricas.,Activo,,,,,,J,Parcial Cobre 2x10,332.0,Internas Electricas y Comunicaciones,C,Subcontratos,m,metro,ACTIVO,NO,3.0,NO,NO,0.0,0.0,4661.21,19.0,5546.8399,5164.0,3002,PRELIMINARES,Obras Provisionales Energia Sector W,1.0,150000000.0,0,,Sg,0,SI,SI,NO,NO,SI,NO,
174,PDA PRELIMINARES,05 OBRAS PRELIMINARES,ADPRO,En ejecucion,SI,SIN PROPIETARIO,174,PDA PRELIMINARES,25.0,PDA GENERALES NO ASIGNADOS,5032010,PDA GG NO ASIGNADOS,NO,Principal,GRUPOS,1740255,PROVISIONAL ELECTRICA MEDIA Y BAJA TENSION KATIOS,Actas de Obra Quincenales,2016-01-04,RENE ALEJANDRO MELO JIMENEZ,04/01/2016,30/07/2016,20.0,20.0,162400.0,928.0,3266560.0,36860320.0,37070950.4,17,163328.0,163328.0,Abierto,B3,Civil Todo Costo,INSTALACIONES ELECTRICAS HCR SAS,900151513,,hcr900@gmail.com,CL 2  17  93 OF 243,8934459,A,60,MOSQUERA,4321.0,Instalaciones eléctricas.,Activo,,,,,,J,Poste Madera para Luminarias de 8m,332.0,Internas Electricas y Comunicaciones,C,Subcontratos,m,metro,ACTIVO,NO,3.0,NO,NO,0.0,0.0,136180.17,19.0,162054.4023,5847.0,3002,PRELIMINARES,Obras Provisionales Energia Sector W,1.0,150000000.0,0,,Sg,0,SI,SI,NO,NO,SI,NO,
174,PDA PRELIMINARES,05 OBRAS PRELIMINARES,ADPRO,En ejecucion,SI,SIN PROPIETARIO,174,PDA PRELIMINARES,25.0,PDA GENERALES NO ASIGNADOS,5032010,PDA GG NO ASIGNADOS,NO,Principal,GRUPOS,1740255,PROVISIONAL ELECTRICA MEDIA Y BAJA TENSION KATIOS,Actas de Obra Quincenales,2016-01-04,RENE ALEJANDRO MELO JIMENEZ,04/01/2016,30/07/2016,4.0,4.0,425600.0,2432.0,1712128.0,36860320.0,37070950.4,20,428032.0,428032.0,Abierto,B3,Civil Todo Costo,INSTALACIONES ELECTRICAS HCR SAS,900151513,,hcr900@gmail.com,CL 2  17  93 OF 243,8934459,A,60,MOSQUERA,4321.0,Instalaciones eléctricas.,Activo,,,,,,J,Tablero Movil Electrico Metalico,311.0,Actividades Obra,M,Materiales,Un,unidad,ACTIVO,NO,0.0,NO,NO,0.0,0.0,346798.28,19.0,412689.9532,4616.0,3002,PRELIMINARES,Obras Provisionales Energia Sector W,1.0,150000000.0,0,,Sg,0,SI,SI,NO,NO,SI,NO,
174,PDA PRELIMINARES,05 OBRAS PRELIMINARES,ADPRO,En ejecucion,SI,SIN PROPIETARIO,174,PDA PRELIMINARES,25.0,PDA GENERALES NO ASIGNADOS,5032010,PDA GG NO ASIGNADOS,NO,Principal,GRUPOS,1740268,RED PROVISIONAL ELECTRICA MEDIA Y BAJA TENSION PROPIETARIOS KATIOS,Actas de Obra Quincenales,2016-08-17,RENE ALEJANDRO MELO JIMENEZ,17/08/2016,30/12/2016,2.0,2.0,896000.0,5120.0,1802240.0,32129440.0,32313036.8,7,901120.0,901120.0,Abierto,B3,Civil Todo Costo,INSTALACIONES ELECTRICAS HCR SAS,900151513,,hcr900@gmail.com,CL 2  17  93 OF 243,8934459,A,60,MOSQUERA,4321.0,Instalaciones eléctricas.,Activo,,,,,,J,Poste Concreto h=12m 510kg,342.0,Dotacion Exteriores Conjunto,C,Subcontratos,Un,unidad,ACTIVO,NO,0.0,NO,NO,0.0,0.0,821009.48,19.0,977001.2812,4480.0,3002,PRELIMINARES,Obras Provisionales Energia Sector W,1.0,150000000.0,0,,Sg,0,SI,SI,NO,NO,SI,NO,
174,PDA PRELIMINARES,05 OBRAS PRELIMINARES,ADPRO,En ejecucion,SI,SIN PROPIETARIO,174,PDA PRELIMINARES,25.0,PDA GENERALES NO ASIGNADOS,5032010,PDA GG NO ASIGNADOS,NO,Principal,GRUPOS,1740268,RED PROVISIONAL ELECTRICA MEDIA Y BAJA TENSION PROPIETARIOS KATIOS,Actas de Obra Quincenales,2016-08-17,RENE ALEJANDRO MELO JIMENEZ,17/08/2016,30/12/2016,2.0,2.0,1097600.0,6272.0,2207744.0,32129440.0,32313036.8,17,1103872.0,1103872.0,Abierto,B3,Civil Todo Costo,INSTALACIONES ELECTRICAS HCR SAS,900151513,,hcr900@gmail.com,CL 2  17  93 OF 243,8934459,A,60,MOSQUERA,4321.0,Instalaciones eléctricas.,Activo,,,,,,J,Estructura LA 203,332.0,Internas Electricas y Comunicaciones,C,Subcontratos,Un,unidad,ACTIVO,NO,3.0,NO,NO,0.0,0.0,339862.07,19.0,404435.8633,7693.0,3002,PRELIMINARES,Obras Provisionales Energia Sector W,1.0,150000000.0,0,,Sg,0,SI,SI,NO,NO,SI,NO,
174,PDA PRELIMINARES,05 OBRAS PRELIMINARES,ADPRO,En ejecucion,SI,SIN PROPIETARIO,174,PDA PRELIMINARES,25.0,PDA GENERALES NO ASIGNADOS,5032010,PDA GG NO ASIGNADOS,NO,Principal,GRUPOS,1740255,PROVISIONAL ELECTRICA MEDIA Y BAJA TENSION KATIOS,Actas de Obra Quincenales,2016-01-04,RENE ALEJANDRO MELO JIMENEZ,04/01/2016,30/07/2016,1.0,1.0,140000.0,800.0,140800.0,36860320.0,37070950.4,19,140800.0,140800.0,Abierto,B3,Civil Todo Costo,INSTALACIONES ELECTRICAS HCR SAS,900151513,,hcr900@gmail.com,CL 2  17  93 OF 243,8934459,A,60,MOSQUERA,4321.0,Instalaciones eléctricas.,Activo,,,,,,J,Tablero Trifasico para 12 ctos,332.0,Internas Electricas y Comunicaciones,C,Subcontratos,Un,unidad,ACTIVO,NO,0.0,NO,NO,0.0,0.0,68938.79,19.0,82037.1601,2701.0,3002,PRELIMINARES,Obras Provisionales Energia Sector W,1.0,150000000.0,0,,Sg,0,SI,SI,NO,NO,SI,NO,
174,PDA PRELIMINARES,05 OBRAS PRELIMINARES,ADPRO,En ejecucion,SI,SIN PROPIETARIO,174,PDA PRELIMINARES,25.0,PDA GENERALES NO ASIGNADOS,5032010,PDA GG NO ASIGNADOS,NO,Principal,GRUPOS,1740255,PROVISIONAL ELECTRICA MEDIA Y BAJA TENSION KATIOS,Actas de Obra Quincenales,2016-01-04,RENE ALEJANDRO MELO JIMENEZ,04/01/2016,30/07/2016,1.0,1.0,436800.0,2496.0,439296.0,36860320.0,37070950.4,1,439296.0,439296.0,Abierto,B3,Civil Todo Costo,INSTALACIONES ELECTRICAS HCR SAS,900151513,,hcr900@gmail.com,CL 2  17  93 OF 243,8934459,A,60,MOSQUERA,4321.0,Instalaciones eléctricas.,Activo,,,,,,J,Juego Pararayos 12 kV,332.0,Internas Electricas y Comunicaciones,C,Subcontratos,Un,unidad,ACTIVO,NO,3.0,NO,NO,0.0,0.0,436965.52,19.0,519988.9688,5905.0,3002,PRELIMINARES,Obras Provisionales Energia Sector W,1.0,150000000.0,0,,Sg,0,SI,SI,NO,NO,SI,NO,
174,PDA PRELIMINARES,05 OBRAS PRELIMINARES,ADPRO,En ejecucion,SI,SIN PROPIETARIO,174,PDA PRELIMINARES,25.0,PDA GENERALES NO ASIGNADOS,5032010,PDA GG NO ASIGNADOS,NO,Principal,GRUPOS,1740255,PROVISIONAL ELECTRICA MEDIA Y BAJA TENSION KATIOS,Actas de Obra Quincenales,2016-01-04,RENE ALEJANDRO MELO JIMENEZ,04/01/2016,30/07/2016,1.0,1.0,392000.0,2240.0,394240.0,36860320.0,37070950.4,9,394240.0,394240.0,Abierto,B3,Civil Todo Costo,INSTALACIONES ELECTRICAS HCR SAS,900151513,,hcr900@gmail.com,CL 2  17  93 OF 243,8934459,A,60,MOSQUERA,4321.0,Instalaciones eléctricas.,Activo,,,,,,J,Salida Instalacion Transformador,332.0,Internas Electricas y Comunicaciones,C,Subcontratos,Un,unidad,ACTIVO,NO,3.0,NO,NO,0.0,0.0,108620.69,19.0,129258.6211,6448.0,3002,PRELIMINARES,Obras Provisionales Energia Sector W,1.0,150000000.0,0,,Sg,0,SI,SI,NO,NO,SI,NO,
174,PDA PRELIMINARES,05 OBRAS PRELIMINARES,ADPRO,En ejecucion,SI,SIN PROPIETARIO,174,PDA PRELIMINARES,25.0,PDA GENERALES NO ASIGNADOS,5032010,PDA GG NO ASIGNADOS,NO,Principal,GRUPOS,1740255,PROVISIONAL ELECTRICA MEDIA Y BAJA TENSION KATIOS,Actas de Obra Quincenales,2016-01-04,RENE ALEJANDRO MELO JIMENEZ,04/01/2016,30/07/2016,1.0,1.0,504000.0,2880.0,506880.0,36860320.0,37070950.4,13,506880.0,506880.0,Abierto,B3,Civil Todo Costo,INSTALACIONES ELECTRICAS HCR SAS,900151513,,hcr900@gmail.com,CL 2  17  93 OF 243,8934459,A,60,MOSQUERA,4321.0,Instalaciones eléctricas.,Activo,,,,,,J,Automatico Tipo Industral de 3x175 Amp con Caja,332.0,Internas Electricas y Comunicaciones,C,Subcontratos,Un,unidad,ACTIVO,NO,3.0,NO,NO,0.0,0.0,563200.0,19.0,670208.0,6811.0,3002,PRELIMINARES,Obras Provisionales Energia Sector W,1.0,150000000.0,0,,Sg,0,SI,SI,NO,NO,SI,NO,
174,PDA PRELIMINARES,05 OBRAS PRELIMINARES,ADPRO,En ejecucion,SI,SIN PROPIETARIO,174,PDA PRELIMINARES,25.0,PDA GENERALES NO ASIGNADOS,5032010,PDA GG NO ASIGNADOS,NO,Principal,GRUPOS,1740255,PROVISIONAL ELECTRICA MEDIA Y BAJA TENSION KATIOS,Actas de Obra Quincenales,2016-01-04,RENE ALEJANDRO MELO JIMENEZ,04/01/2016,30/07/2016,2.0,2.0,280000.0,1600.0,563200.0,36860320.0,37070950.4,6,281600.0,281600.0,Abierto,B3,Civil Todo Costo,INSTALACIONES ELECTRICAS HCR SAS,900151513,,hcr900@gmail.com,CL 2  17  93 OF 243,8934459,A,60,MOSQUERA,4321.0,Instalaciones eléctricas.,Activo,,,,,,J,Instalacion Poste,345.0,Mano Obra Obras Urbanismo,O,MdeO Contratista,Un,unidad,ACTIVO,NO,3.0,NO,NO,0.0,0.0,62327.59,19.0,74169.8321,4946.0,3002,PRELIMINARES,Obras Provisionales Energia Sector W,1.0,150000000.0,0,,Sg,0,SI,SI,NO,NO,SI,NO,
174,PDA PRELIMINARES,05 OBRAS PRELIMINARES,ADPRO,En ejecucion,SI,SIN PROPIETARIO,174,PDA PRELIMINARES,25.0,PDA GENERALES NO ASIGNADOS,5032010,PDA GG NO ASIGNADOS,NO,Principal,GRUPOS,1740268,RED PROVISIONAL ELECTRICA MEDIA Y BAJA TENSION PROPIETARIOS KATIOS,Actas de Obra Quincenales,2016-08-17,RENE ALEJANDRO MELO JIMENEZ,17/08/2016,30/12/2016,1.0,1.0,470400.0,2688.0,473088.0,32129440.0,32313036.8,1,473088.0,473088.0,Abierto,B3,Civil Todo Costo,INSTALACIONES ELECTRICAS HCR SAS,900151513,,hcr900@gmail.com,CL 2  17  93 OF 243,8934459,A,60,MOSQUERA,4321.0,Instalaciones eléctricas.,Activo,,,,,,J,Juego Pararayos 12 kV,332.0,Internas Electricas y Comunicaciones,C,Subcontratos,Un,unidad,ACTIVO,NO,3.0,NO,NO,0.0,0.0,436965.52,19.0,519988.9688,5905.0,3002,PRELIMINARES,Obras Provisionales Energia Sector W,1.0,150000000.0,0,,Sg,0,SI,SI,NO,NO,SI,NO,
174,PDA PRELIMINARES,05 OBRAS PRELIMINARES,ADPRO,En ejecucion,SI,SIN PROPIETARIO,174,PDA PRELIMINARES,25.0,PDA GENERALES NO ASIGNADOS,5032010,PDA GG NO ASIGNADOS,NO,Principal,GRUPOS,1740255,PROVISIONAL ELECTRICA MEDIA Y BAJA TENSION KATIOS,Actas de Obra Quincenales,2016-01-04,RENE ALEJANDRO MELO JIMENEZ,04/01/2016,30/07/2016,2.0,2.0,280000.0,1600.0,563200.0,36860320.0,37070950.4,7,281600.0,281600.0,Abierto,B3,Civil Todo Costo,INSTALACIONES ELECTRICAS HCR SAS,900151513,,hcr900@gmail.com,CL 2  17  93 OF 243,8934459,A,60,MOSQUERA,4321.0,Instalaciones eléctricas.,Activo,,,,,,J,Instalacion Poste,345.0,Mano Obra Obras Urbanismo,O,MdeO Contratista,Un,unidad,ACTIVO,NO,3.0,NO,NO,0.0,0.0,62327.59,19.0,74169.8321,4946.0,3002,PRELIMINARES,Obras Provisionales Energia Sector W,1.0,150000000.0,0,,Sg,0,SI,SI,NO,NO,SI,NO,
174,PDA PRELIMINARES,05 OBRAS PRELIMINARES,ADPRO,En ejecucion,SI,SIN PROPIETARIO,174,PDA PRELIMINARES,25.0,PDA GENERALES NO ASIGNADOS,5032010,PDA GG NO ASIGNADOS,NO,Principal,GRUPOS,1740268,RED PROVISIONAL ELECTRICA MEDIA Y BAJA TENSION PROPIETARIOS KATIOS,Actas de Obra Quincenales,2016-08-17,RENE ALEJANDRO MELO JIMENEZ,17/08/2016,30/12/2016,1.0,1.0,728000.0,4160.0,732160.0,32129440.0,32313036.8,13,732160.0,732160.0,Abierto,B3,Civil Todo Costo,INSTALACIONES ELECTRICAS HCR SAS,900151513,,hcr900@gmail.com,CL 2  17  93 OF 243,8934459,A,60,MOSQUERA,4321.0,Instalaciones eléctricas.,Activo,,,,,,J,Automatico Industrial 3x300 A con Caja,332.0,Internas Electricas y Comunicaciones,C,Subcontratos,Un,unidad,ACTIVO,NO,3.0,NO,NO,0.0,0.0,952586.21,19.0,1133577.5899,6469.0,3002,PRELIMINARES,Obras Provisionales Energia Sector W,1.0,150000000.0,0,,Sg,0,SI,SI,NO,NO,SI,NO,
174,PDA PRELIMINARES,05 OBRAS PRELIMINARES,ADPRO,En ejecucion,SI,SIN PROPIETARIO,174,PDA PRELIMINARES,25.0,PDA GENERALES NO ASIGNADOS,5032010,PDA GG NO ASIGNADOS,NO,Principal,GRUPOS,1740255,PROVISIONAL ELECTRICA MEDIA Y BAJA TENSION KATIOS,Actas de Obra Quincenales,2016-01-04,RENE ALEJANDRO MELO JIMENEZ,04/01/2016,30/07/2016,20.0,20.0,72800.0,416.0,1464320.0,36860320.0,37070950.4,16,73216.0,73216.0,Abierto,B3,Civil Todo Costo,INSTALACIONES ELECTRICAS HCR SAS,900151513,,hcr900@gmail.com,CL 2  17  93 OF 243,8934459,A,60,MOSQUERA,4321.0,Instalaciones eléctricas.,Activo,,,,,,J,Percha Sencilla Metalica Cromada,313.0,Aparatos Griferias Accesorios,M,Materiales,Un,unidad,ACTIVO,NO,0.0,NO,NO,0.0,0.0,12319.83,19.0,14660.5977,2102.0,3002,PRELIMINARES,Obras Provisionales Energia Sector W,1.0,150000000.0,0,,Sg,0,SI,SI,NO,NO,SI,NO,
174,PDA PRELIMINARES,05 OBRAS PRELIMINARES,ADPRO,En ejecucion,SI,SIN PROPIETARIO,174,PDA PRELIMINARES,25.0,PDA GENERALES NO ASIGNADOS,5032010,PDA GG NO ASIGNADOS,NO,Principal,GRUPOS,1740255,PROVISIONAL ELECTRICA MEDIA Y BAJA TENSION KATIOS,Actas de Obra Quincenales,2016-01-04,RENE ALEJANDRO MELO JIMENEZ,04/01/2016,30/07/2016,1.0,1.0,168000.0,960.0,168960.0,36860320.0,37070950.4,4,168960.0,168960.0,Abierto,B3,Civil Todo Costo,INSTALACIONES ELECTRICAS HCR SAS,900151513,,hcr900@gmail.com,CL 2  17  93 OF 243,8934459,A,60,MOSQUERA,4321.0,Instalaciones eléctricas.,Activo,,,,,,J,Sistema Puesta Tierra,332.0,Internas Electricas y Comunicaciones,C,Subcontratos,Un,unidad,ACTIVO,NO,0.0,NO,NO,0.0,0.0,170689.66,19.0,203120.6954,4136.0,3002,PRELIMINARES,Obras Provisionales Energia Sector W,1.0,150000000.0,0,,Sg,0,SI,SI,NO,NO,SI,NO,
174,PDA PRELIMINARES,05 OBRAS PRELIMINARES,ADPRO,En ejecucion,SI,SIN PROPIETARIO,174,PDA PRELIMINARES,25.0,PDA GENERALES NO ASIGNADOS,5032010,PDA GG NO ASIGNADOS,NO,Principal,GRUPOS,1740255,PROVISIONAL ELECTRICA MEDIA Y BAJA TENSION KATIOS,Actas de Obra Quincenales,2016-01-04,RENE ALEJANDRO MELO JIMENEZ,04/01/2016,30/07/2016,1.0,1.0,201600.0,1152.0,202752.0,36860320.0,37070950.4,14,202752.0,202752.0,Abierto,B3,Civil Todo Costo,INSTALACIONES ELECTRICAS HCR SAS,900151513,,hcr900@gmail.com,CL 2  17  93 OF 243,8934459,A,60,MOSQUERA,4321.0,Instalaciones eléctricas.,Activo,,,,,,J,Sistema Puesta Tierra,332.0,Internas Electricas y Comunicaciones,C,Subcontratos,Un,unidad,ACTIVO,NO,0.0,NO,NO,0.0,0.0,170689.66,19.0,203120.6954,4136.0,3002,PRELIMINARES,Obras Provisionales Energia Sector W,1.0,150000000.0,0,,Sg,0,SI,SI,NO,NO,SI,NO,
174,PDA PRELIMINARES,05 OBRAS PRELIMINARES,ADPRO,En ejecucion,SI,SIN PROPIETARIO,174,PDA PRELIMINARES,25.0,PDA GENERALES NO ASIGNADOS,5032010,PDA GG NO ASIGNADOS,NO,Principal,GRUPOS,1740255,PROVISIONAL ELECTRICA MEDIA Y BAJA TENSION KATIOS,Actas de Obra Quincenales,2016-01-04,RENE ALEJANDRO MELO JIMENEZ,04/01/2016,30/07/2016,1.0,1.0,56000.0,320.0,56320.0,36860320.0,37070950.4,8,56320.0,56320.0,Abierto,B3,Civil Todo Costo,INSTALACIONES ELECTRICAS HCR SAS,900151513,,hcr900@gmail.com,CL 2  17  93 OF 243,8934459,A,60,MOSQUERA,4321.0,Instalaciones eléctricas.,Activo,,,,,,J,Pases Derivacion Subestacion,332.0,Internas Electricas y Comunicaciones,C,Subcontratos,Un,unidad,ACTIVO,NO,3.0,NO,NO,0.0,0.0,1939655.17,19.0,2308189.6523,7779.0,3002,PRELIMINARES,Obras Provisionales Energia Sector W,1.0,150000000.0,0,,Sg,0,SI,SI,NO,NO,SI,NO,
174,PDA PRELIMINARES,05 OBRAS PRELIMINARES,ADPRO,En ejecucion,SI,SIN PROPIETARIO,174,PDA PRELIMINARES,25.0,PDA GENERALES NO ASIGNADOS,5032010,PDA GG NO ASIGNADOS,NO,Principal,GRUPOS,1740268,RED PROVISIONAL ELECTRICA MEDIA Y BAJA TENSION PROPIETARIOS KATIOS,Actas de Obra Quincenales,2016-08-17,RENE ALEJANDRO MELO JIMENEZ,17/08/2016,30/12/2016,1.0,1.0,56000.0,320.0,56320.0,32129440.0,32313036.8,8,56320.0,56320.0,Abierto,B3,Civil Todo Costo,INSTALACIONES ELECTRICAS HCR SAS,900151513,,hcr900@gmail.com,CL 2  17  93 OF 243,8934459,A,60,MOSQUERA,4321.0,Instalaciones eléctricas.,Activo,,,,,,J,Pases Derivacion Subestacion,332.0,Internas Electricas y Comunicaciones,C,Subcontratos,Un,unidad,ACTIVO,NO,3.0,NO,NO,0.0,0.0,1939655.17,19.0,2308189.6523,7779.0,3002,PRELIMINARES,Obras Provisionales Energia Sector W,1.0,150000000.0,0,,Sg,0,SI,SI,NO,NO,SI,NO,
174,PDA PRELIMINARES,05 OBRAS PRELIMINARES,ADPRO,En ejecucion,SI,SIN PROPIETARIO,174,PDA PRELIMINARES,25.0,PDA GENERALES NO ASIGNADOS,5032010,PDA GG NO ASIGNADOS,NO,Principal,GRUPOS,1740268,RED PROVISIONAL ELECTRICA MEDIA Y BAJA TENSION PROPIETARIOS KATIOS,Actas de Obra Quincenales,2016-08-17,RENE ALEJANDRO MELO JIMENEZ,17/08/2016,30/12/2016,1.0,1.0,996800.0,5696.0,1002496.0,32129440.0,32313036.8,9,1002496.0,1002496.0,Abierto,B3,Civil Todo Costo,INSTALACIONES ELECTRICAS HCR SAS,900151513,,hcr900@gmail.com,CL 2  17  93 OF 243,8934459,A,60,MOSQUERA,4321.0,Instalaciones eléctricas.,Activo,,,,,,J,Poste Concreto 12 m 1050 kg,331.0,Prefabricados,M,Materiales,Un,unidad,ACTIVO,NO,0.0,NO,NO,0.0,0.0,445500.0,19.0,530145.0,2263.0,3002,PRELIMINARES,Obras Provisionales Energia Sector W,1.0,150000000.0,0,,Sg,0,SI,SI,NO,NO,SI,NO,
174,PDA PRELIMINARES,05 OBRAS PRELIMINARES,ADPRO,En ejecucion,SI,SIN PROPIETARIO,174,PDA PRELIMINARES,25.0,PDA GENERALES NO ASIGNADOS,5032010,PDA GG NO ASIGNADOS,NO,Principal,GRUPOS,1740268,RED PROVISIONAL ELECTRICA MEDIA Y BAJA TENSION PROPIETARIOS KATIOS,Actas de Obra Quincenales,2016-08-17,RENE ALEJANDRO MELO JIMENEZ,17/08/2016,30/12/2016,2.0,2.0,504000.0,2880.0,1013760.0,32129440.0,32313036.8,15,506880.0,506880.0,Abierto,B3,Civil Todo Costo,INSTALACIONES ELECTRICAS HCR SAS,900151513,,hcr900@gmail.com,CL 2  17  93 OF 243,8934459,A,60,MOSQUERA,4321.0,Instalaciones eléctricas.,Activo,,,,,,J,Estructura LA 228,335.0,Redes Enterradas Rejillas Sumideros,C,Subcontratos,Un,unidad,ACTIVO,NO,3.0,NO,NO,0.0,0.0,181635.34,19.0,216146.0546,5143.0,3002,PRELIMINARES,Obras Provisionales Energia Sector W,1.0,150000000.0,0,,Sg,0,SI,SI,NO,NO,SI,NO,
174,PDA PRELIMINARES,05 OBRAS PRELIMINARES,ADPRO,En ejecucion,SI,SIN PROPIETARIO,174,PDA PRELIMINARES,25.0,PDA GENERALES NO ASIGNADOS,5032010,PDA GG NO ASIGNADOS,NO,Principal,GRUPOS,1740255,PROVISIONAL ELECTRICA MEDIA Y BAJA TENSION KATIOS,Actas de Obra Quincenales,2016-01-04,RENE ALEJANDRO MELO JIMENEZ,04/01/2016,30/07/2016,1.0,1.0,168000.0,960.0,168960.0,36860320.0,37070950.4,3,168960.0,168960.0,Abierto,B3,Civil Todo Costo,INSTALACIONES ELECTRICAS HCR SAS,900151513,,hcr900@gmail.com,CL 2  17  93 OF 243,8934459,A,60,MOSQUERA,4321.0,Instalaciones eléctricas.,Activo,,,,,,J,Sistema Puesta Tierra,332.0,Internas Electricas y Comunicaciones,C,Subcontratos,Un,unidad,ACTIVO,NO,0.0,NO,NO,0.0,0.0,170689.66,19.0,203120.6954,4136.0,3002,PRELIMINARES,Obras Provisionales Energia Sector W,1.0,150000000.0,0,,Sg,0,SI,SI,NO,NO,SI,NO,
174,PDA PRELIMINARES,05 OBRAS PRELIMINARES,ADPRO,En ejecucion,SI,SIN PROPIETARIO,174,PDA PRELIMINARES,25.0,PDA GENERALES NO ASIGNADOS,5032010,PDA GG NO ASIGNADOS,NO,Principal,GRUPOS,1740268,RED PROVISIONAL ELECTRICA MEDIA Y BAJA TENSION PROPIETARIOS KATIOS,Actas de Obra Quincenales,2016-08-17,RENE ALEJANDRO MELO JIMENEZ,17/08/2016,30/12/2016,1.0,1.0,11592000.0,66240.0,11658240.0,32129440.0,32313036.8,19,11658240.0,11658240.0,Abierto,B3,Civil Todo Costo,INSTALACIONES ELECTRICAS HCR SAS,900151513,,hcr900@gmail.com,CL 2  17  93 OF 243,8934459,A,60,MOSQUERA,4321.0,Instalaciones eléctricas.,Activo,,,,,,J,Transformador en Aceite de 150kVA,332.0,Internas Electricas y Comunicaciones,C,Subcontratos,Un,unidad,ACTIVO,NO,0.0,NO,NO,0.0,0.0,17029031.9,19.0,20264547.961,4544.0,3002,PRELIMINARES,Obras Provisionales Energia Sector W,1.0,150000000.0,0,,Sg,0,SI,SI,NO,NO,SI,NO,
174,PDA PRELIMINARES,05 OBRAS PRELIMINARES,ADPRO,En ejecucion,SI,SIN PROPIETARIO,174,PDA PRELIMINARES,25.0,PDA GENERALES NO ASIGNADOS,5032010,PDA GG NO ASIGNADOS,NO,Principal,GRUPOS,1740268,RED PROVISIONAL ELECTRICA MEDIA Y BAJA TENSION PROPIETARIOS KATIOS,Actas de Obra Quincenales,2016-08-17,RENE ALEJANDRO MELO JIMENEZ,17/08/2016,30/12/2016,1.0,1.0,2744000.0,15680.0,2759680.0,32129440.0,32313036.8,11,2759680.0,2759680.0,Abierto,B3,Civil Todo Costo,INSTALACIONES ELECTRICAS HCR SAS,900151513,,hcr900@gmail.com,CL 2  17  93 OF 243,8934459,A,60,MOSQUERA,4321.0,Instalaciones eléctricas.,Activo,,,,,,J,Tablero General Acometidas,332.0,Internas Electricas y Comunicaciones,C,Subcontratos,Un,unidad,ACTIVO,NO,0.0,NO,NO,0.0,0.0,12381716.38,19.0,14734242.4922,2700.0,3002,PRELIMINARES,Obras Provisionales Energia Sector W,1.0,150000000.0,0,,Sg,0,SI,SI,NO,NO,SI,NO,
174,PDA PRELIMINARES,05 OBRAS PRELIMINARES,ADPRO,En ejecucion,SI,SIN PROPIETARIO,174,PDA PRELIMINARES,25.0,PDA GENERALES NO ASIGNADOS,5032010,PDA GG NO ASIGNADOS,NO,Principal,GRUPOS,1740268,RED PROVISIONAL ELECTRICA MEDIA Y BAJA TENSION PROPIETARIOS KATIOS,Actas de Obra Quincenales,2016-08-17,RENE ALEJANDRO MELO JIMENEZ,17/08/2016,30/12/2016,2.0,2.0,324800.0,1856.0,653312.0,32129440.0,32313036.8,16,326656.0,326656.0,Abierto,B3,Civil Todo Costo,INSTALACIONES ELECTRICAS HCR SAS,900151513,,hcr900@gmail.com,CL 2  17  93 OF 243,8934459,A,60,MOSQUERA,4321.0,Instalaciones eléctricas.,Activo,,,,,,J,Estructura LA 203,332.0,Internas Electricas y Comunicaciones,C,Subcontratos,Un,unidad,ACTIVO,NO,3.0,NO,NO,0.0,0.0,339862.07,19.0,404435.8633,7693.0,3002,PRELIMINARES,Obras Provisionales Energia Sector W,1.0,150000000.0,0,,Sg,0,SI,SI,NO,NO,SI,NO,
174,PDA PRELIMINARES,05 OBRAS PRELIMINARES,ADPRO,En ejecucion,SI,SIN PROPIETARIO,174,PDA PRELIMINARES,25.0,PDA GENERALES NO ASIGNADOS,5032010,PDA GG NO ASIGNADOS,NO,Principal,GRUPOS,1740268,RED PROVISIONAL ELECTRICA MEDIA Y BAJA TENSION PROPIETARIOS KATIOS,Actas de Obra Quincenales,2016-08-17,RENE ALEJANDRO MELO JIMENEZ,17/08/2016,30/12/2016,1.0,1.0,1624000.0,9280.0,1633280.0,32129440.0,32313036.8,10,1633280.0,1633280.0,Abierto,B3,Civil Todo Costo,INSTALACIONES ELECTRICAS HCR SAS,900151513,,hcr900@gmail.com,CL 2  17  93 OF 243,8934459,A,60,MOSQUERA,4321.0,Instalaciones eléctricas.,Activo,,,,,,J,Tablero para Grupo de Medida,332.0,Internas Electricas y Comunicaciones,C,Subcontratos,Un,unidad,ACTIVO,NO,3.0,NO,NO,0.0,0.0,3787034.48,19.0,4506571.0312,7599.0,3002,PRELIMINARES,Obras Provisionales Energia Sector W,1.0,150000000.0,0,,Sg,0,SI,SI,NO,NO,SI,NO,
174,PDA PRELIMINARES,05 OBRAS PRELIMINARES,ADPRO,En ejecucion,SI,SIN PROPIETARIO,174,PDA PRELIMINARES,25.0,PDA GENERALES NO ASIGNADOS,5032010,PDA GG NO ASIGNADOS,NO,Principal,GRUPOS,1740255,PROVISIONAL ELECTRICA MEDIA Y BAJA TENSION KATIOS,Actas de Obra Quincenales,2016-01-04,RENE ALEJANDRO MELO JIMENEZ,04/01/2016,30/07/2016,1.0,1.0,2744000.0,15680.0,2759680.0,36860320.0,37070950.4,11,2759680.0,2759680.0,Abierto,B3,Civil Todo Costo,INSTALACIONES ELECTRICAS HCR SAS,900151513,,hcr900@gmail.com,CL 2  17  93 OF 243,8934459,A,60,MOSQUERA,4321.0,Instalaciones eléctricas.,Activo,,,,,,J,Tablero Trifasico para 12 ctos,332.0,Internas Electricas y Comunicaciones,C,Subcontratos,Un,unidad,ACTIVO,NO,0.0,NO,NO,0.0,0.0,68938.79,19.0,82037.1601,2701.0,3002,PRELIMINARES,Obras Provisionales Energia Sector W,1.0,150000000.0,0,,Sg,0,SI,SI,NO,NO,SI,NO,
174,PDA PRELIMINARES,05 OBRAS PRELIMINARES,ADPRO,En ejecucion,SI,SIN PROPIETARIO,174,PDA PRELIMINARES,25.0,PDA GENERALES NO ASIGNADOS,5032010,PDA GG NO ASIGNADOS,NO,Principal,GRUPOS,1740255,PROVISIONAL ELECTRICA MEDIA Y BAJA TENSION KATIOS,Actas de Obra Quincenales,2016-01-04,RENE ALEJANDRO MELO JIMENEZ,04/01/2016,30/07/2016,1.0,1.0,436800.0,2496.0,439296.0,36860320.0,37070950.4,2,439296.0,439296.0,Abierto,B3,Civil Todo Costo,INSTALACIONES ELECTRICAS HCR SAS,900151513,,hcr900@gmail.com,CL 2  17  93 OF 243,8934459,A,60,MOSQUERA,4321.0,Instalaciones eléctricas.,Activo,,,,,,J,Cortacircuito Industrial 2x30,332.0,Internas Electricas y Comunicaciones,M,Materiales,Un,unidad,ACTIVO,NO,0.0,NO,NO,0.0,0.0,128017.24,19.0,152340.5156,1308.0,3002,PRELIMINARES,Obras Provisionales Energia Sector W,1.0,150000000.0,0,,Sg,0,SI,SI,NO,NO,SI,NO,
174,PDA PRELIMINARES,05 OBRAS PRELIMINARES,ADPRO,En ejecucion,SI,SIN PROPIETARIO,174,PDA PRELIMINARES,25.0,PDA GENERALES NO ASIGNADOS,5032010,PDA GG NO ASIGNADOS,NO,Principal,GRUPOS,1740268,RED PROVISIONAL ELECTRICA MEDIA Y BAJA TENSION PROPIETARIOS KATIOS,Actas de Obra Quincenales,2016-08-17,RENE ALEJANDRO MELO JIMENEZ,17/08/2016,30/12/2016,1.0,1.0,1232000.0,7040.0,1239040.0,32129440.0,32313036.8,6,1239040.0,1239040.0,Abierto,B3,Civil Todo Costo,INSTALACIONES ELECTRICAS HCR SAS,900151513,,hcr900@gmail.com,CL 2  17  93 OF 243,8934459,A,60,MOSQUERA,4321.0,Instalaciones eléctricas.,Activo,,,,,,J,Poste Concreto 12 m 1050 kg,331.0,Prefabricados,M,Materiales,Un,unidad,ACTIVO,NO,0.0,NO,NO,0.0,0.0,445500.0,19.0,530145.0,2263.0,3002,PRELIMINARES,Obras Provisionales Energia Sector W,1.0,150000000.0,0,,Sg,0,SI,SI,NO,NO,SI,NO,
174,PDA PRELIMINARES,05 OBRAS PRELIMINARES,ADPRO,En ejecucion,SI,SIN PROPIETARIO,174,PDA PRELIMINARES,25.0,PDA GENERALES NO ASIGNADOS,5032010,PDA GG NO ASIGNADOS,NO,Principal,GRUPOS,1740255,PROVISIONAL ELECTRICA MEDIA Y BAJA TENSION KATIOS,Actas de Obra Quincenales,2016-01-04,RENE ALEJANDRO MELO JIMENEZ,04/01/2016,30/07/2016,1.0,1.0,1624000.0,9280.0,1633280.0,36860320.0,37070950.4,10,1633280.0,1633280.0,Abierto,B3,Civil Todo Costo,INSTALACIONES ELECTRICAS HCR SAS,900151513,,hcr900@gmail.com,CL 2  17  93 OF 243,8934459,A,60,MOSQUERA,4321.0,Instalaciones eléctricas.,Activo,,,,,,J,Tablero General Acometidas,332.0,Internas Electricas y Comunicaciones,C,Subcontratos,Un,unidad,ACTIVO,NO,0.0,NO,NO,0.0,0.0,12381716.38,19.0,14734242.4922,2700.0,3002,PRELIMINARES,Obras Provisionales Energia Sector W,1.0,150000000.0,0,,Sg,0,SI,SI,NO,NO,SI,NO,
174,PDA PRELIMINARES,05 OBRAS PRELIMINARES,ADPRO,En ejecucion,SI,SIN PROPIETARIO,174,PDA PRELIMINARES,25.0,PDA GENERALES NO ASIGNADOS,5032010,PDA GG NO ASIGNADOS,NO,Principal,GRUPOS,1740268,RED PROVISIONAL ELECTRICA MEDIA Y BAJA TENSION PROPIETARIOS KATIOS,Actas de Obra Quincenales,2016-08-17,RENE ALEJANDRO MELO JIMENEZ,17/08/2016,30/12/2016,1.0,1.0,201600.0,1152.0,202752.0,32129440.0,32313036.8,3,202752.0,202752.0,Abierto,B3,Civil Todo Costo,INSTALACIONES ELECTRICAS HCR SAS,900151513,,hcr900@gmail.com,CL 2  17  93 OF 243,8934459,A,60,MOSQUERA,4321.0,Instalaciones eléctricas.,Activo,,,,,,J,Linea a Tierra Aterriza Tablero General Acometidas,332.0,Internas Electricas y Comunicaciones,C,Subcontratos,Un,unidad,ACTIVO,NO,3.0,NO,NO,0.0,0.0,242758.62,19.0,288882.7578,7600.0,3002,PRELIMINARES,Obras Provisionales Energia Sector W,1.0,150000000.0,0,,Sg,0,SI,SI,NO,NO,SI,NO,
174,PDA PRELIMINARES,05 OBRAS PRELIMINARES,ADPRO,En ejecucion,SI,SIN PROPIETARIO,174,PDA PRELIMINARES,25.0,PDA GENERALES NO ASIGNADOS,5032010,PDA GG NO ASIGNADOS,NO,Principal,GRUPOS,1740268,RED PROVISIONAL ELECTRICA MEDIA Y BAJA TENSION PROPIETARIOS KATIOS,Actas de Obra Quincenales,2016-08-17,RENE ALEJANDRO MELO JIMENEZ,17/08/2016,30/12/2016,1.0,1.0,201600.0,1152.0,202752.0,32129440.0,32313036.8,4,202752.0,202752.0,Abierto,B3,Civil Todo Costo,INSTALACIONES ELECTRICAS HCR SAS,900151513,,hcr900@gmail.com,CL 2  17  93 OF 243,8934459,A,60,MOSQUERA,4321.0,Instalaciones eléctricas.,Activo,,,,,,J,Linea a Tierra Aterriza Tablero General Acometidas,332.0,Internas Electricas y Comunicaciones,C,Subcontratos,Un,unidad,ACTIVO,NO,3.0,NO,NO,0.0,0.0,242758.62,19.0,288882.7578,7600.0,3002,PRELIMINARES,Obras Provisionales Energia Sector W,1.0,150000000.0,0,,Sg,0,SI,SI,NO,NO,SI,NO,
174,PDA PRELIMINARES,05 OBRAS PRELIMINARES,ADPRO,En ejecucion,SI,SIN PROPIETARIO,174,PDA PRELIMINARES,25.0,PDA GENERALES NO ASIGNADOS,5032010,PDA GG NO ASIGNADOS,NO,Principal,GRUPOS,1740268,RED PROVISIONAL ELECTRICA MEDIA Y BAJA TENSION PROPIETARIOS KATIOS,Actas de Obra Quincenales,2016-08-17,RENE ALEJANDRO MELO JIMENEZ,17/08/2016,30/12/2016,1.0,1.0,201600.0,1152.0,202752.0,32129440.0,32313036.8,14,202752.0,202752.0,Abierto,B3,Civil Todo Costo,INSTALACIONES ELECTRICAS HCR SAS,900151513,,hcr900@gmail.com,CL 2  17  93 OF 243,8934459,A,60,MOSQUERA,4321.0,Instalaciones eléctricas.,Activo,,,,,,J,Linea a Tierra Aterriza Tablero General Acometidas,332.0,Internas Electricas y Comunicaciones,C,Subcontratos,Un,unidad,ACTIVO,NO,3.0,NO,NO,0.0,0.0,242758.62,19.0,288882.7578,7600.0,3002,PRELIMINARES,Obras Provisionales Energia Sector W,1.0,150000000.0,0,,Sg,0,SI,SI,NO,NO,SI,NO,
174,PDA PRELIMINARES,05 OBRAS PRELIMINARES,ADPRO,En ejecucion,SI,SIN PROPIETARIO,174,PDA PRELIMINARES,25.0,PDA GENERALES NO ASIGNADOS,5032010,PDA GG NO ASIGNADOS,NO,Principal,GRUPOS,1740268,RED PROVISIONAL ELECTRICA MEDIA Y BAJA TENSION PROPIETARIOS KATIOS,Actas de Obra Quincenales,2016-08-17,RENE ALEJANDRO MELO JIMENEZ,17/08/2016,30/12/2016,1.0,1.0,470400.0,2688.0,473088.0,32129440.0,32313036.8,2,473088.0,473088.0,Abierto,B3,Civil Todo Costo,INSTALACIONES ELECTRICAS HCR SAS,900151513,,hcr900@gmail.com,CL 2  17  93 OF 243,8934459,A,60,MOSQUERA,4321.0,Instalaciones eléctricas.,Activo,,,,,,J,Cortacircuito Enchufable 3x50,332.0,Internas Electricas y Comunicaciones,M,Materiales,Un,unidad,ACTIVO,NO,0.0,NO,NO,0.0,0.0,77189.66,19.0,91855.6954,1306.0,3002,PRELIMINARES,Obras Provisionales Energia Sector W,1.0,150000000.0,0,,Sg,0,SI,SI,NO,NO,SI,NO,
174,PDA PRELIMINARES,05 OBRAS PRELIMINARES,ADPRO,En ejecucion,SI,SIN PROPIETARIO,174,PDA PRELIMINARES,25.0,PDA GENERALES NO ASIGNADOS,5032010,PDA GG NO ASIGNADOS,NO,Principal,GRUPOS,1740257,CERRAMIENTO PROVISIONAL EN POLISOMBRA JERICO - IGUAQUE,ACTAS DE OBRA,2016-02-01,RENE ALEJANDRO MELO JIMENEZ,29/01/2016,29/03/2016,224.0,224.0,14145.0,98.4,3190521.6,3168480.0,3190521.6,1,14243.4,14243.4,Abierto,B,Civil Mano de Obra,FV CONSTRUCCIONES INTEGRALES S.A.S,900725297,,fvconstruccionesintegrales@gmail.com,CL 13 02 43 IN  9 AP 204,3134002768,A,60,FUNZA,4290.0,Construcción de otras obras de ingeniería civil.,Activo,,,,,,J,Cerramiento en Lona,311.0,Actividades Obra,C,Subcontratos,m,metro,ACTIVO,NO,0.0,NO,NO,0.0,0.0,6896.55,19.0,8206.8945,4640.0,1003,PRELIMINARES,Polisombra,191.8,2947007.0,0,,m,0,SI,SI,NO,NO,SI,NO,
250,PDA EDIFICIOS Y DOTACION COMUNAL ETAPA 5,08 EDIFICACIONES Y DOTACION COMUN,ADPRO,En ejecucion,SI,SIN PROPIETARIO,250,PDA EDIFICIOS Y DOTACION COMUNAL ETAPA 5,40.0,PDA EDIFICIOS Y DOTACION COMUNAL,5031015,PDA URBANISMO,NO,Principal,GRUPOS,2500029,SUMINISTRO E INSTALACION PERGOLA PORTERIA KATIOS,ACTAS DE OBRA,2016-12-02,RENE ALEJANDRO MELO JIMENEZ,02/12/2016,30/12/2016,1.0,1.0,1390000.0,264100.0,1654100.0,3102500.0,3691975.0,2,1654100.0,1654100.0,Abierto,H1,Orden de T/S - 4,FERREPERFILES LA ROCA SAS,900570119,,perfileslaroca@gmail.com, VDA LA  BALSA SECT  RINCON SAN,8850046,P,30,CHIA,4663.0,"Comercio al por mayor de materiales de construcción, artículos de ferretería, pinturas, productos de vidrio, equipo y materiales de fontanería y calefacción.",Activo,,,,,,J,Pergola,322.0,Equipos Dotación,C,Subcontratos,m2,metro cuadrado,ACTIVO,NO,3.0,NO,NO,0.0,0.0,398811.21,19.0,474585.3399,4873.0,22001,PERGOLA,Pergola Peatonal,57.14,35163956.0,0,,m2,0,SI,SI,NO,NO,SI,NO,
250,PDA EDIFICIOS Y DOTACION COMUNAL ETAPA 5,08 EDIFICACIONES Y DOTACION COMUN,ADPRO,En ejecucion,SI,SIN PROPIETARIO,250,PDA EDIFICIOS Y DOTACION COMUNAL ETAPA 5,40.0,PDA EDIFICIOS Y DOTACION COMUNAL,5031015,PDA URBANISMO,NO,Principal,GRUPOS,2500029,SUMINISTRO E INSTALACION PERGOLA PORTERIA KATIOS,ACTAS DE OBRA,2016-12-02,RENE ALEJANDRO MELO JIMENEZ,02/12/2016,30/12/2016,1.0,1.0,1400000.0,266000.0,1666000.0,3102500.0,3691975.0,1,1666000.0,1666000.0,Abierto,H1,Orden de T/S - 4,FERREPERFILES LA ROCA SAS,900570119,,perfileslaroca@gmail.com, VDA LA  BALSA SECT  RINCON SAN,8850046,P,30,CHIA,4663.0,"Comercio al por mayor de materiales de construcción, artículos de ferretería, pinturas, productos de vidrio, equipo y materiales de fontanería y calefacción.",Activo,,,,,,J,Pergola,322.0,Equipos Dotación,C,Subcontratos,m2,metro cuadrado,ACTIVO,NO,3.0,NO,NO,0.0,0.0,398811.21,19.0,474585.3399,4873.0,22001,PERGOLA,Pergola Peatonal,57.14,35163956.0,0,,m2,0,SI,SI,NO,NO,SI,NO,
250,PDA EDIFICIOS Y DOTACION COMUNAL ETAPA 5,08 EDIFICACIONES Y DOTACION COMUN,ADPRO,En ejecucion,SI,SIN PROPIETARIO,250,PDA EDIFICIOS Y DOTACION COMUNAL ETAPA 5,40.0,PDA EDIFICIOS Y DOTACION COMUNAL,5031015,PDA URBANISMO,NO,Principal,GRUPOS,2500029,SUMINISTRO E INSTALACION PERGOLA PORTERIA KATIOS,ACTAS DE OBRA,2016-12-02,RENE ALEJANDRO MELO JIMENEZ,02/12/2016,30/12/2016,2.5,2.5,125000.0,23750.0,371875.0,3102500.0,3691975.0,3,148750.0,148750.0,Abierto,H1,Orden de T/S - 4,FERREPERFILES LA ROCA SAS,900570119,,perfileslaroca@gmail.com, VDA LA  BALSA SECT  RINCON SAN,8850046,P,30,CHIA,4663.0,"Comercio al por mayor de materiales de construcción, artículos de ferretería, pinturas, productos de vidrio, equipo y materiales de fontanería y calefacción.",Activo,,,,,,J,Rejilla para Carcamo 50cm,335.0,Redes Enterradas Rejillas Sumideros,M,Materiales,m,metro,ACTIVO,NO,0.0,NO,NO,0.0,0.0,100840.3361,19.0,120000.0,2457.0,22001,PERGOLA,Pergola Peatonal,57.14,35163956.0,0,,m2,0,SI,SI,NO,NO,SI,NO,
93,PDA INFRAESTRUCTURA,02 OBRAS URBANAS,ADPRO,En ejecucion,SI,SIN PROPIETARIO,93,PDA INFRAESTRUCTURA,37.0,PDA INFRAESTRUCTURA,5031015,PDA URBANISMO,NO,Principal,GRUPOS,930106,ACCESORIOS E INSTALACION MACROMEDIDORES CONJUNTO PALO DE AGUA,Actas de Obra Quincenales,2016-02-09,RENE ALEJANDRO MELO JIMENEZ,09/02/2016,25/06/2016,18.0,18.0,85117.2414,13618.75862,1777248.00043,16292670.2064,18899497.43937,3,98736.000024,98736.0,Abierto,B3,Civil Todo Costo,INGEOCIVILES HYS SAS,900724978,,ingeociviles@outlook.com,CR 72 B 11 B 02,6348398,A,30,BOGOTÁ D.C.,4290.0,Construcción de otras obras de ingeniería civil.,Activo,,,,,,J,Portabrida PN10 d=110mm,335.0,Redes Enterradas Rejillas Sumideros,M,Materiales,Un,unidad,ACTIVO,NO,0.0,NO,NO,0.0,0.0,18522.59,19.0,22041.8821,4596.0,1002,REDES ACUEDUCTO - COOPJARDIN,"Red Agua Potable 8""",1.0,214000000.0,0,,Sg,0,SI,SI,NO,NO,SI,NO,
93,PDA INFRAESTRUCTURA,02 OBRAS URBANAS,ADPRO,En ejecucion,SI,SIN PROPIETARIO,93,PDA INFRAESTRUCTURA,37.0,PDA INFRAESTRUCTURA,5031015,PDA URBANISMO,NO,Principal,GRUPOS,930106,ACCESORIOS E INSTALACION MACROMEDIDORES CONJUNTO PALO DE AGUA,Actas de Obra Quincenales,2016-02-09,RENE ALEJANDRO MELO JIMENEZ,09/02/2016,25/06/2016,27.0,27.0,27724.1379,4435.86206,868319.99903,16292670.2064,18899497.43937,4,32159.999964,32160.0,Abierto,B3,Civil Todo Costo,INGEOCIVILES HYS SAS,900724978,,ingeociviles@outlook.com,CR 72 B 11 B 02,6348398,A,30,BOGOTÁ D.C.,4290.0,Construcción de otras obras de ingeniería civil.,Activo,,,,,,J,Portabrida PN10 d=110mm,335.0,Redes Enterradas Rejillas Sumideros,M,Materiales,Un,unidad,ACTIVO,NO,0.0,NO,NO,0.0,0.0,18522.59,19.0,22041.8821,4596.0,1002,REDES ACUEDUCTO - COOPJARDIN,"Red Agua Potable 8""",1.0,214000000.0,0,,Sg,0,SI,SI,NO,NO,SI,NO,
93,PDA INFRAESTRUCTURA,02 OBRAS URBANAS,ADPRO,En ejecucion,SI,SIN PROPIETARIO,93,PDA INFRAESTRUCTURA,37.0,PDA INFRAESTRUCTURA,5031015,PDA URBANISMO,NO,Principal,GRUPOS,930106,ACCESORIOS E INSTALACION MACROMEDIDORES CONJUNTO PALO DE AGUA,Actas de Obra Quincenales,2016-02-09,RENE ALEJANDRO MELO JIMENEZ,09/02/2016,25/06/2016,17.28,17.28,13575.8621,2172.13794,272125.44062,16292670.2064,18899497.43937,6,15748.000036,15748.0,Abierto,B3,Civil Todo Costo,INGEOCIVILES HYS SAS,900724978,,ingeociviles@outlook.com,CR 72 B 11 B 02,6348398,A,30,BOGOTÁ D.C.,4290.0,Construcción de otras obras de ingeniería civil.,Activo,,,,,,J,Excavacion Manual Compacta Zanja 0a50cm,345.0,Mano Obra Obras Urbanismo,O,MdeO Contratista,m3,metro cubico,ACTIVO,NO,3.0,NO,NO,0.0,0.0,24300.0,19.0,30000.0,4395.0,1002,REDES ACUEDUCTO - COOPJARDIN,"Red Agua Potable 8""",1.0,214000000.0,0,,Sg,0,SI,SI,NO,NO,SI,NO,
93,PDA INFRAESTRUCTURA,02 OBRAS URBANAS,ADPRO,En ejecucion,SI,SIN PROPIETARIO,93,PDA INFRAESTRUCTURA,37.0,PDA INFRAESTRUCTURA,5031015,PDA URBANISMO,NO,Principal,GRUPOS,930106,ACCESORIOS E INSTALACION MACROMEDIDORES CONJUNTO PALO DE AGUA,Actas de Obra Quincenales,2016-02-09,RENE ALEJANDRO MELO JIMENEZ,09/02/2016,25/06/2016,12.0,12.0,12561.2069,2009.7931,174852.0,16292670.2064,18899497.43937,7,14571.0,14571.0,Abierto,B3,Civil Todo Costo,INGEOCIVILES HYS SAS,900724978,,ingeociviles@outlook.com,CR 72 B 11 B 02,6348398,A,30,BOGOTÁ D.C.,4290.0,Construcción de otras obras de ingeniería civil.,Activo,,,,,,J,Relleno Material Excavacion,311.0,Actividades Obra,C,Subcontratos,m3,metro cubico,ACTIVO,NO,0.0,NO,NO,0.0,0.0,7959.6639,19.0,9472.0,2472.0,1002,REDES ACUEDUCTO - COOPJARDIN,"Red Agua Potable 8""",1.0,214000000.0,0,,Sg,0,SI,SI,NO,NO,SI,NO,
93,PDA INFRAESTRUCTURA,02 OBRAS URBANAS,ADPRO,En ejecucion,SI,SIN PROPIETARIO,93,PDA INFRAESTRUCTURA,37.0,PDA INFRAESTRUCTURA,5031015,PDA URBANISMO,NO,Principal,GRUPOS,930106,ACCESORIOS E INSTALACION MACROMEDIDORES CONJUNTO PALO DE AGUA,Actas de Obra Quincenales,2016-02-09,RENE ALEJANDRO MELO JIMENEZ,09/02/2016,25/06/2016,18.0,18.0,51724.1379,8275.86206,1079999.99935,16292670.2064,18899497.43937,5,59999.999964,60000.0,Abierto,B3,Civil Todo Costo,INGEOCIVILES HYS SAS,900724978,,ingeociviles@outlook.com,CR 72 B 11 B 02,6348398,A,30,BOGOTÁ D.C.,4290.0,Construcción de otras obras de ingeniería civil.,Activo,,,,,,J,Tubo PEAD PN10 PE 100 110mm,335.0,Redes Enterradas Rejillas Sumideros,M,Materiales,m,metro,ACTIVO,NO,0.0,NO,NO,0.0,0.0,22016.0,19.0,26199.04,3211.0,1002,REDES ACUEDUCTO - COOPJARDIN,"Red Agua Potable 8""",1.0,214000000.0,0,,Sg,0,SI,SI,NO,NO,SI,NO,
93,PDA INFRAESTRUCTURA,02 OBRAS URBANAS,ADPRO,En ejecucion,SI,SIN PROPIETARIO,93,PDA INFRAESTRUCTURA,37.0,PDA INFRAESTRUCTURA,5031015,PDA URBANISMO,NO,Principal,GRUPOS,930106,ACCESORIOS E INSTALACION MACROMEDIDORES CONJUNTO PALO DE AGUA,Actas de Obra Quincenales,2016-02-09,RENE ALEJANDRO MELO JIMENEZ,09/02/2016,25/06/2016,9.0,9.0,103448.2759,16551.72414,1080000.0004,16292670.2064,18899497.43937,9,120000.000044,120000.0,Abierto,B3,Civil Todo Costo,INGEOCIVILES HYS SAS,900724978,,ingeociviles@outlook.com,CR 72 B 11 B 02,6348398,A,30,BOGOTÁ D.C.,4290.0,Construcción de otras obras de ingeniería civil.,Activo,,,,,,J,Tapa de Contadores,322.0,Equipos Dotación,C,Subcontratos,Un,unidad,ACTIVO,NO,0.0,NO,NO,0.0,0.0,32275.86,19.0,38408.2734,2738.0,1002,REDES ACUEDUCTO - COOPJARDIN,"Red Agua Potable 8""",1.0,214000000.0,0,,Sg,0,SI,SI,NO,NO,SI,NO,
93,PDA INFRAESTRUCTURA,02 OBRAS URBANAS,ADPRO,En ejecucion,SI,SIN PROPIETARIO,93,PDA INFRAESTRUCTURA,37.0,PDA INFRAESTRUCTURA,5031015,PDA URBANISMO,NO,Principal,GRUPOS,930122,EMPALME TUBERIA LINEA DE IMPULSION ESTACION BOMBEO A.R. A PTAR,Actas de Obra Quincenales,2016-12-21,RENE ALEJANDRO MELO JIMENEZ,26/12/2016,25/04/2017,76.0,76.0,6356.8641,43.13586,486400.0,32976828.6626,33200600.0,4,6400.0,6400.0,Abierto,B,Civil Mano de Obra,INGEOCIVILES HYS SAS,900724978,,ingeociviles@outlook.com,CR 72 B 11 B 02,6348398,A,30,BOGOTÁ D.C.,4290.0,Construcción de otras obras de ingeniería civil.,Activo,,,,,,J,Retiro Interno Material Excavacion,311.0,Actividades Obra,C,Subcontratos,m3,metro cubico,ACTIVO,NO,0.0,NO,NO,0.0,0.0,2773.28,19.0,3300.2032,4497.0,1004,PLANTA TRATAMIENTO A. RESIDUALES,Empalme Tuberia A.N. a PTAR,1.0,150003998.0,0,,Sg,0,SI,SI,NO,NO,SI,NO,
93,PDA INFRAESTRUCTURA,02 OBRAS URBANAS,ADPRO,En ejecucion,SI,SIN PROPIETARIO,93,PDA INFRAESTRUCTURA,37.0,PDA INFRAESTRUCTURA,5031015,PDA URBANISMO,NO,Principal,GRUPOS,930122,EMPALME TUBERIA LINEA DE IMPULSION ESTACION BOMBEO A.R. A PTAR,Actas de Obra Quincenales,2016-12-21,RENE ALEJANDRO MELO JIMENEZ,26/12/2016,25/04/2017,4.0,4.0,119191.2026,808.79745,480000.0,32976828.6626,33200600.0,5,120000.0,120000.0,Abierto,B,Civil Mano de Obra,INGEOCIVILES HYS SAS,900724978,,ingeociviles@outlook.com,CR 72 B 11 B 02,6348398,A,30,BOGOTÁ D.C.,4290.0,Construcción de otras obras de ingeniería civil.,Activo,,,,,,J,"Codo 90 PVC U Z d:6""",335.0,Redes Enterradas Rejillas Sumideros,M,Materiales,Un,unidad,ACTIVO,NO,0.0,NO,NO,0.0,0.0,228419.83,19.0,271819.5977,1034.0,1004,PLANTA TRATAMIENTO A. RESIDUALES,Empalme Tuberia A.N. a PTAR,1.0,150003998.0,0,,Sg,0,SI,SI,NO,NO,SI,NO,
93,PDA INFRAESTRUCTURA,02 OBRAS URBANAS,ADPRO,En ejecucion,SI,SIN PROPIETARIO,93,PDA INFRAESTRUCTURA,37.0,PDA INFRAESTRUCTURA,5031015,PDA URBANISMO,NO,Principal,GRUPOS,930122,EMPALME TUBERIA LINEA DE IMPULSION ESTACION BOMBEO A.R. A PTAR,Actas de Obra Quincenales,2016-12-21,RENE ALEJANDRO MELO JIMENEZ,26/12/2016,25/04/2017,580.0,580.0,11745.2998,79.70025,6858500.0,32976828.6626,33200600.0,1,11825.0,11825.0,Abierto,B,Civil Mano de Obra,INGEOCIVILES HYS SAS,900724978,,ingeociviles@outlook.com,CR 72 B 11 B 02,6348398,A,30,BOGOTÁ D.C.,4290.0,Construcción de otras obras de ingeniería civil.,Activo,,,,,,J,Excavacion Zanjas Tuberia,311.0,Actividades Obra,C,Subcontratos,m3,metro cubico,ACTIVO,NO,0.0,NO,NO,0.0,0.0,3620.69,19.0,4308.6211,1510.0,1004,PLANTA TRATAMIENTO A. RESIDUALES,Empalme Tuberia A.N. a PTAR,1.0,150003998.0,0,,Sg,0,SI,SI,NO,NO,SI,NO,
93,PDA INFRAESTRUCTURA,02 OBRAS URBANAS,ADPRO,En ejecucion,SI,SIN PROPIETARIO,93,PDA INFRAESTRUCTURA,37.0,PDA INFRAESTRUCTURA,5031015,PDA URBANISMO,NO,Principal,GRUPOS,930122,EMPALME TUBERIA LINEA DE IMPULSION ESTACION BOMBEO A.R. A PTAR,Actas de Obra Quincenales,2016-12-21,RENE ALEJANDRO MELO JIMENEZ,26/12/2016,25/04/2017,532.0,532.0,10553.3877,71.61227,5652500.0,32976828.6626,33200600.0,2,10625.0,10625.0,Abierto,B,Civil Mano de Obra,INGEOCIVILES HYS SAS,900724978,,ingeociviles@outlook.com,CR 72 B 11 B 02,6348398,A,30,BOGOTÁ D.C.,4290.0,Construcción de otras obras de ingeniería civil.,Activo,,,,,,J,Relleno Material Excavacion Zanjas,311.0,Actividades Obra,C,Subcontratos,m3,metro cubico,ACTIVO,NO,0.0,NO,NO,0.0,0.0,6465.52,19.0,7693.9688,2372.0,1004,PLANTA TRATAMIENTO A. RESIDUALES,Empalme Tuberia A.N. a PTAR,1.0,150003998.0,0,,Sg,0,SI,SI,NO,NO,SI,NO,
93,PDA INFRAESTRUCTURA,02 OBRAS URBANAS,ADPRO,En ejecucion,SI,SIN PROPIETARIO,93,PDA INFRAESTRUCTURA,37.0,PDA INFRAESTRUCTURA,5031015,PDA URBANISMO,NO,Principal,GRUPOS,930122,EMPALME TUBERIA LINEA DE IMPULSION ESTACION BOMBEO A.R. A PTAR,Actas de Obra Quincenales,2016-12-21,RENE ALEJANDRO MELO JIMENEZ,26/12/2016,25/04/2017,2.0,2.0,76282.3696,517.63037,153600.0,32976828.6626,33200600.0,7,76800.0,76800.0,Abierto,B,Civil Mano de Obra,INGEOCIVILES HYS SAS,900724978,,ingeociviles@outlook.com,CR 72 B 11 B 02,6348398,A,30,BOGOTÁ D.C.,4290.0,Construcción de otras obras de ingeniería civil.,Activo,,,,,,J,"Reduccion Buje PVC Sanit 6x4""",999.0,Varios,M,Materiales,Un,unidad,ACTIVO,NO,0.0,NO,NO,0.0,0.0,1.0,19.0,1.19,3811.0,1004,PLANTA TRATAMIENTO A. RESIDUALES,Empalme Tuberia A.N. a PTAR,1.0,150003998.0,0,,Sg,0,SI,SI,NO,NO,SI,NO,
93,PDA INFRAESTRUCTURA,02 OBRAS URBANAS,ADPRO,En ejecucion,SI,SIN PROPIETARIO,93,PDA INFRAESTRUCTURA,37.0,PDA INFRAESTRUCTURA,5031015,PDA URBANISMO,NO,Principal,GRUPOS,930122,EMPALME TUBERIA LINEA DE IMPULSION ESTACION BOMBEO A.R. A PTAR,Actas de Obra Quincenales,2016-12-21,RENE ALEJANDRO MELO JIMENEZ,26/12/2016,25/04/2017,52.0,52.0,54430.6492,369.35083,2849600.0,32976828.6626,33200600.0,8,54800.0,54800.0,Abierto,B,Civil Mano de Obra,INGEOCIVILES HYS SAS,900724978,,ingeociviles@outlook.com,CR 72 B 11 B 02,6348398,A,30,BOGOTÁ D.C.,4290.0,Construcción de otras obras de ingeniería civil.,Activo,,,,,,J,Suministro y Colocacion Arena de Peña,319.0,Concretos Morteros Agregados,C,Subcontratos,m3,metro cubico,ACTIVO,NO,0.0,NO,NO,0.0,0.0,41508.62,19.0,49395.2578,2367.0,1004,PLANTA TRATAMIENTO A. RESIDUALES,Empalme Tuberia A.N. a PTAR,1.0,150003998.0,0,,Sg,0,SI,SI,NO,NO,SI,NO,
93,PDA INFRAESTRUCTURA,02 OBRAS URBANAS,ADPRO,En ejecucion,SI,SIN PROPIETARIO,93,PDA INFRAESTRUCTURA,37.0,PDA INFRAESTRUCTURA,5031015,PDA URBANISMO,NO,Principal,GRUPOS,930106,ACCESORIOS E INSTALACION MACROMEDIDORES CONJUNTO PALO DE AGUA,Actas de Obra Quincenales,2016-02-09,RENE ALEJANDRO MELO JIMENEZ,09/02/2016,25/06/2016,9.0,9.0,327586.2069,52413.7931,3420000.00004,16292670.2064,18899497.43937,8,380000.000004,380000.0,Abierto,B3,Civil Todo Costo,INGEOCIVILES HYS SAS,900724978,,ingeociviles@outlook.com,CR 72 B 11 B 02,6348398,A,30,BOGOTÁ D.C.,4290.0,Construcción de otras obras de ingeniería civil.,Activo,,,,,,J,Caja Inspeccion 60x60 (Todo Costo),335.0,Redes Enterradas Rejillas Sumideros,C,Subcontratos,Un,unidad,ACTIVO,NO,3.0,NO,NO,0.0,0.0,215517.24,19.0,256465.5156,4931.0,1002,REDES ACUEDUCTO - COOPJARDIN,"Red Agua Potable 8""",1.0,214000000.0,0,,Sg,0,SI,SI,NO,NO,SI,NO,
93,PDA INFRAESTRUCTURA,02 OBRAS URBANAS,ADPRO,En ejecucion,SI,SIN PROPIETARIO,93,PDA INFRAESTRUCTURA,37.0,PDA INFRAESTRUCTURA,5031015,PDA URBANISMO,NO,Principal,GRUPOS,930106,ACCESORIOS E INSTALACION MACROMEDIDORES CONJUNTO PALO DE AGUA,Actas de Obra Quincenales,2016-02-09,RENE ALEJANDRO MELO JIMENEZ,09/02/2016,25/06/2016,9.0,9.0,770489.6552,123278.34483,8043912.00029,16292670.2064,18899497.43937,1,893768.000032,893768.0,Abierto,B3,Civil Todo Costo,INGEOCIVILES HYS SAS,900724978,,ingeociviles@outlook.com,CR 72 B 11 B 02,6348398,A,30,BOGOTÁ D.C.,4290.0,Construcción de otras obras de ingeniería civil.,Activo,,,,,,J,"Filtro en Y 2""",334.0,Internas Hidrosanitarias,M,Materiales,Un,unidad,ACTIVO,NO,3.0,NO,NO,0.0,0.0,122307.76,19.0,145546.2344,7503.0,1002,REDES ACUEDUCTO - COOPJARDIN,"Red Agua Potable 8""",1.0,214000000.0,0,,Sg,0,SI,SI,NO,NO,SI,NO,
93,PDA INFRAESTRUCTURA,02 OBRAS URBANAS,ADPRO,En ejecucion,SI,SIN PROPIETARIO,93,PDA INFRAESTRUCTURA,37.0,PDA INFRAESTRUCTURA,5031015,PDA URBANISMO,NO,Principal,GRUPOS,930106,ACCESORIOS E INSTALACION MACROMEDIDORES CONJUNTO PALO DE AGUA,Actas de Obra Quincenales,2016-02-09,RENE ALEJANDRO MELO JIMENEZ,09/02/2016,25/06/2016,18.0,18.0,104551.7241,16728.27586,2183039.99921,16292670.2064,18899497.43937,2,121279.999956,121280.0,Abierto,B3,Civil Todo Costo,INGEOCIVILES HYS SAS,900724978,,ingeociviles@outlook.com,CR 72 B 11 B 02,6348398,A,30,BOGOTÁ D.C.,4290.0,Construcción de otras obras de ingeniería civil.,Activo,,,,,,J,"Brida H.G. 4""",335.0,Redes Enterradas Rejillas Sumideros,M,Materiales,Un,unidad,ACTIVO,NO,3.0,NO,NO,0.0,0.0,85028.02,19.0,101183.3438,6178.0,1002,REDES ACUEDUCTO - COOPJARDIN,"Red Agua Potable 8""",1.0,214000000.0,0,,Sg,0,SI,SI,NO,NO,SI,NO,
93,PDA INFRAESTRUCTURA,02 OBRAS URBANAS,ADPRO,En ejecucion,SI,SIN PROPIETARIO,93,PDA INFRAESTRUCTURA,37.0,PDA INFRAESTRUCTURA,5031015,PDA URBANISMO,NO,Principal,GRUPOS,930113,"OPERACION, MONITOREO Y MANTENIMIENTO PREVENTIVO PTAR - HASTA DICIEMBRE 2016",Actas de Obra Mensuales,2016-07-11,RENE ALEJANDRO MELO JIMENEZ,01/07/2016,31/01/2017,10.0,9.0,7650000.0,1224000.0,79866000.0,68850000.0,79866000.0,1,8874000.0,8874000.0,Abierto,H1,Orden de T/S - 4,VALREX SAS,860525156,,contabilidad@atica.co,CL 106  23  61 OF 504 505 506,3158630690,A,0,BOGOTÁ D.C.,2819.0,Fabricación de otros tipos de maquinaria y equipo de uso general n.c.p.,Activo,,,,,,J,Sistema de Bombeo PTAR,322.0,Equipos Dotación,C,Subcontratos,Un,unidad,ACTIVO,NO,0.0,NO,NO,0.0,0.0,258620689.66,19.0,307758620.6954,3992.0,1003,PLANTA TRATAMIENTO A. RESIDUALES,Planta Tratamiento Aguas Residuales,1.0,986650611.0,0,,Sg,0,SI,SI,NO,NO,SI,NO,
93,PDA INFRAESTRUCTURA,02 OBRAS URBANAS,ADPRO,En ejecucion,SI,SIN PROPIETARIO,93,PDA INFRAESTRUCTURA,37.0,PDA INFRAESTRUCTURA,5031015,PDA URBANISMO,NO,Principal,GRUPOS,930122,EMPALME TUBERIA LINEA DE IMPULSION ESTACION BOMBEO A.R. A PTAR,Actas de Obra Quincenales,2016-12-21,RENE ALEJANDRO MELO JIMENEZ,26/12/2016,25/04/2017,200.0,200.0,79460.8017,539.1983,16000000.0,32976828.6626,33200600.0,3,80000.0,80000.0,Abierto,B,Civil Mano de Obra,INGEOCIVILES HYS SAS,900724978,,ingeociviles@outlook.com,CR 72 B 11 B 02,6348398,A,30,BOGOTÁ D.C.,4290.0,Construcción de otras obras de ingeniería civil.,Activo,,,,,,J,"Suministro e Instalacion Tuberia Presion PVC RDE 21 UZ d=6""",335.0,Redes Enterradas Rejillas Sumideros,C,Subcontratos,ml,metro lineal,ACTIVO,NO,3.0,NO,NO,0.0,0.0,58693.97,19.0,69845.8243,7533.0,1004,PLANTA TRATAMIENTO A. RESIDUALES,Empalme Tuberia A.N. a PTAR,1.0,150003998.0,0,,Sg,0,SI,SI,NO,NO,SI,NO,
93,PDA INFRAESTRUCTURA,02 OBRAS URBANAS,ADPRO,En ejecucion,SI,SIN PROPIETARIO,93,PDA INFRAESTRUCTURA,37.0,PDA INFRAESTRUCTURA,5031015,PDA URBANISMO,NO,Principal,GRUPOS,930122,EMPALME TUBERIA LINEA DE IMPULSION ESTACION BOMBEO A.R. A PTAR,Actas de Obra Quincenales,2016-12-21,RENE ALEJANDRO MELO JIMENEZ,26/12/2016,25/04/2017,6.0,6.0,119191.2026,808.79745,720000.0,32976828.6626,33200600.0,6,120000.0,120000.0,Abierto,B,Civil Mano de Obra,INGEOCIVILES HYS SAS,900724978,,ingeociviles@outlook.com,CR 72 B 11 B 02,6348398,A,30,BOGOTÁ D.C.,4290.0,Construcción de otras obras de ingeniería civil.,Activo,,,,,,J,"Codo 45 PVC U Z d:6""",335.0,Redes Enterradas Rejillas Sumideros,M,Materiales,Un,unidad,ACTIVO,NO,0.0,NO,NO,0.0,0.0,166204.31,19.0,197783.1289,980.0,1004,PLANTA TRATAMIENTO A. RESIDUALES,Empalme Tuberia A.N. a PTAR,1.0,150003998.0,0,,Sg,0,SI,SI,NO,NO,SI,NO,
250,PDA EDIFICIOS Y DOTACION COMUNAL ETAPA 5,08 EDIFICACIONES Y DOTACION COMUN,ADPRO,En ejecucion,SI,SIN PROPIETARIO,250,PDA EDIFICIOS Y DOTACION COMUNAL ETAPA 5,40.0,PDA EDIFICIOS Y DOTACION COMUNAL,5031015,PDA URBANISMO,NO,Principal,GRUPOS,2500027,"SISTEMA DE CONTROL DE ACCESO, SEGURIDAD CCTV Y CERCA ELECTRICA KATIOS",Actas de Obra Quincenales,2016-11-30,RENE ALEJANDRO MELO JIMENEZ,01/12/2016,15/09/2017,1400.0,1400.0,6773.7586,1287.01413,11285081.78,220525028.6145,262424784.0513,39,8060.7727,8060.7727,Abierto,C1,Suministro Instalacion,YM SEGURIDAD CONTROL Y DISEÑO SAS,900370722,,ymseguridadcontrolydiseño@hotmail.com,CL 5 C  69 B  13,4977725,A,30,BOGOTÁ D.C.,4659.0,Comercio al por mayor de otros tipos de maquinaria y equipo n.c.p.,Activo,,,,,,J,Fibra Optica,322.0,Equipos Dotación,C,Subcontratos,m,metro,ACTIVO,NO,3.0,NO,NO,0.0,0.0,6650.0,19.0,7913.5,8476.0,25012,CUARTO CONTROL,Cuarto de Control,1.0,30000000.0,0,,und,0,SI,SI,NO,NO,SI,NO,
250,PDA EDIFICIOS Y DOTACION COMUNAL ETAPA 5,08 EDIFICACIONES Y DOTACION COMUN,ADPRO,En ejecucion,SI,SIN PROPIETARIO,250,PDA EDIFICIOS Y DOTACION COMUNAL ETAPA 5,40.0,PDA EDIFICIOS Y DOTACION COMUNAL,5031015,PDA URBANISMO,NO,Principal,GRUPOS,2500027,"SISTEMA DE CONTROL DE ACCESO, SEGURIDAD CCTV Y CERCA ELECTRICA KATIOS",Actas de Obra Quincenales,2016-11-30,RENE ALEJANDRO MELO JIMENEZ,01/12/2016,15/09/2017,450.0,450.0,5456.6379,1036.7612,2922029.595,220525028.6145,262424784.0513,30,6493.3991,6493.3991,Abierto,C1,Suministro Instalacion,YM SEGURIDAD CONTROL Y DISEÑO SAS,900370722,,ymseguridadcontrolydiseño@hotmail.com,CL 5 C  69 B  13,4977725,A,30,BOGOTÁ D.C.,4659.0,Comercio al por mayor de otros tipos de maquinaria y equipo n.c.p.,Activo,,,,,,J,"Tubo Conduit PVC 3/4""",333.0,Internas Gas,M,Materiales,m,metro,ACTIVO,NO,0.0,NO,NO,0.0,0.0,1045.69,19.0,1244.3711,3034.0,25012,CUARTO CONTROL,Cuarto de Control,1.0,30000000.0,0,,und,0,SI,SI,NO,NO,SI,NO,
250,PDA EDIFICIOS Y DOTACION COMUNAL ETAPA 5,08 EDIFICACIONES Y DOTACION COMUN,ADPRO,En ejecucion,SI,SIN PROPIETARIO,250,PDA EDIFICIOS Y DOTACION COMUNAL ETAPA 5,40.0,PDA EDIFICIOS Y DOTACION COMUNAL,5031015,PDA URBANISMO,NO,Principal,GRUPOS,2500027,"SISTEMA DE CONTROL DE ACCESO, SEGURIDAD CCTV Y CERCA ELECTRICA KATIOS",Actas de Obra Quincenales,2016-11-30,RENE ALEJANDRO MELO JIMENEZ,01/12/2016,15/09/2017,570.0,570.0,2257.9224,429.00526,1531548.789,220525028.6145,262424784.0513,33,2686.9277,2686.9277,Abierto,C1,Suministro Instalacion,YM SEGURIDAD CONTROL Y DISEÑO SAS,900370722,,ymseguridadcontrolydiseño@hotmail.com,CL 5 C  69 B  13,4977725,A,30,BOGOTÁ D.C.,4659.0,Comercio al por mayor de otros tipos de maquinaria y equipo n.c.p.,Activo,,,,,,J,Cable UTP  Nivel 6  Nex Network,322.0,Equipos Dotación,M,Materiales,m,metro,ACTIVO,NO,3.0,NO,NO,0.0,0.0,2150.0,19.0,2558.5,8471.0,25012,CUARTO CONTROL,Cuarto de Control,1.0,30000000.0,0,,und,0,SI,SI,NO,NO,SI,NO,
250,PDA EDIFICIOS Y DOTACION COMUNAL ETAPA 5,08 EDIFICACIONES Y DOTACION COMUN,ADPRO,En ejecucion,SI,SIN PROPIETARIO,250,PDA EDIFICIOS Y DOTACION COMUNAL ETAPA 5,40.0,PDA EDIFICIOS Y DOTACION COMUNAL,5031015,PDA URBANISMO,NO,Principal,GRUPOS,2500027,"SISTEMA DE CONTROL DE ACCESO, SEGURIDAD CCTV Y CERCA ELECTRICA KATIOS",Actas de Obra Quincenales,2016-11-30,RENE ALEJANDRO MELO JIMENEZ,01/12/2016,15/09/2017,189.0,189.0,4609.916,875.88404,1036816.2,220525028.6145,262424784.0513,58,5485.8,5485.8,Abierto,C1,Suministro Instalacion,YM SEGURIDAD CONTROL Y DISEÑO SAS,900370722,,ymseguridadcontrolydiseño@hotmail.com,CL 5 C  69 B  13,4977725,A,30,BOGOTÁ D.C.,4659.0,Comercio al por mayor de otros tipos de maquinaria y equipo n.c.p.,Activo,,,,,,J,Cable Electrico Duplex 2x14,338.0,Sistemas CCTV,C,Subcontratos,m,metro,ACTIVO,NO,3.0,NO,NO,0.0,0.0,1456.9,19.0,1733.711,6824.0,25012,CUARTO CONTROL,Cuarto de Control,1.0,30000000.0,0,,und,0,SI,SI,NO,NO,SI,NO,
250,PDA EDIFICIOS Y DOTACION COMUNAL ETAPA 5,08 EDIFICACIONES Y DOTACION COMUN,ADPRO,En ejecucion,SI,SIN PROPIETARIO,250,PDA EDIFICIOS Y DOTACION COMUNAL ETAPA 5,40.0,PDA EDIFICIOS Y DOTACION COMUNAL,5031015,PDA URBANISMO,NO,Principal,GRUPOS,2500027,"SISTEMA DE CONTROL DE ACCESO, SEGURIDAD CCTV Y CERCA ELECTRICA KATIOS",Actas de Obra Quincenales,2016-11-30,RENE ALEJANDRO MELO JIMENEZ,01/12/2016,15/09/2017,3.0,3.0,107520.0,20428.8,383846.4,220525028.6145,262424784.0513,43,127948.8,127948.8,Abierto,C1,Suministro Instalacion,YM SEGURIDAD CONTROL Y DISEÑO SAS,900370722,,ymseguridadcontrolydiseño@hotmail.com,CL 5 C  69 B  13,4977725,A,30,BOGOTÁ D.C.,4659.0,Comercio al por mayor de otros tipos de maquinaria y equipo n.c.p.,Activo,,,,,,J,Boton Parada de Emergencia,322.0,Equipos Dotación,C,Subcontratos,Un,unidad,ACTIVO,NO,3.0,NO,NO,0.0,0.0,115000.0,19.0,136850.0,6495.0,25012,CUARTO CONTROL,Cuarto de Control,1.0,30000000.0,0,,und,0,SI,SI,NO,NO,SI,NO,
250,PDA EDIFICIOS Y DOTACION COMUNAL ETAPA 5,08 EDIFICACIONES Y DOTACION COMUN,ADPRO,En ejecucion,SI,SIN PROPIETARIO,250,PDA EDIFICIOS Y DOTACION COMUNAL ETAPA 5,40.0,PDA EDIFICIOS Y DOTACION COMUNAL,5031015,PDA URBANISMO,NO,Principal,GRUPOS,2500027,"SISTEMA DE CONTROL DE ACCESO, SEGURIDAD CCTV Y CERCA ELECTRICA KATIOS",Actas de Obra Quincenales,2016-11-30,RENE ALEJANDRO MELO JIMENEZ,01/12/2016,15/09/2017,12.0,12.0,105369.6034,20020.22465,1504677.936,220525028.6145,262424784.0513,34,125389.828,125389.828,Abierto,C1,Suministro Instalacion,YM SEGURIDAD CONTROL Y DISEÑO SAS,900370722,,ymseguridadcontrolydiseño@hotmail.com,CL 5 C  69 B  13,4977725,A,30,BOGOTÁ D.C.,4659.0,Comercio al por mayor de otros tipos de maquinaria y equipo n.c.p.,Activo,,,,,,J,Caja en Mamposteria 30x30,332.0,Internas Electricas y Comunicaciones,C,Subcontratos,Un,unidad,ACTIVO,NO,3.0,NO,NO,0.0,0.0,82537.93,19.0,98220.1367,5909.0,25012,CUARTO CONTROL,Cuarto de Control,1.0,30000000.0,0,,und,0,SI,SI,NO,NO,SI,NO,
250,PDA EDIFICIOS Y DOTACION COMUNAL ETAPA 5,08 EDIFICACIONES Y DOTACION COMUN,ADPRO,En ejecucion,SI,SIN PROPIETARIO,250,PDA EDIFICIOS Y DOTACION COMUNAL ETAPA 5,40.0,PDA EDIFICIOS Y DOTACION COMUNAL,5031015,PDA URBANISMO,NO,Principal,GRUPOS,2500027,"SISTEMA DE CONTROL DE ACCESO, SEGURIDAD CCTV Y CERCA ELECTRICA KATIOS",Actas de Obra Quincenales,2016-11-30,RENE ALEJANDRO MELO JIMENEZ,01/12/2016,15/09/2017,440.0,440.0,4946.7328,939.87923,2590109.28,220525028.6145,262424784.0513,31,5886.612,5886.612,Abierto,C1,Suministro Instalacion,YM SEGURIDAD CONTROL Y DISEÑO SAS,900370722,,ymseguridadcontrolydiseño@hotmail.com,CL 5 C  69 B  13,4977725,A,30,BOGOTÁ D.C.,4659.0,Comercio al por mayor de otros tipos de maquinaria y equipo n.c.p.,Activo,,,,,,J,Cable Cobre Encauch 3x10 AWG,332.0,Internas Electricas y Comunicaciones,M,Materiales,m,metro,ACTIVO,NO,0.0,NO,NO,0.0,0.0,6297.4138,19.0,7493.9224,590.0,25012,CUARTO CONTROL,Cuarto de Control,1.0,30000000.0,0,,und,0,SI,SI,NO,NO,SI,NO,
250,PDA EDIFICIOS Y DOTACION COMUNAL ETAPA 5,08 EDIFICACIONES Y DOTACION COMUN,ADPRO,En ejecucion,SI,SIN PROPIETARIO,250,PDA EDIFICIOS Y DOTACION COMUNAL ETAPA 5,40.0,PDA EDIFICIOS Y DOTACION COMUNAL,5031015,PDA URBANISMO,NO,Principal,GRUPOS,2500027,"SISTEMA DE CONTROL DE ACCESO, SEGURIDAD CCTV Y CERCA ELECTRICA KATIOS",Actas de Obra Quincenales,2016-11-30,RENE ALEJANDRO MELO JIMENEZ,01/12/2016,15/09/2017,2.0,2.0,188160.0,35750.4,447820.8,220525028.6145,262424784.0513,44,223910.4,223910.4,Abierto,C1,Suministro Instalacion,YM SEGURIDAD CONTROL Y DISEÑO SAS,900370722,,ymseguridadcontrolydiseño@hotmail.com,CL 5 C  69 B  13,4977725,A,30,BOGOTÁ D.C.,4659.0,Comercio al por mayor de otros tipos de maquinaria y equipo n.c.p.,Activo,,,,,,J,CierraPuertas Metalico,322.0,Equipos Dotación,C,Subcontratos,Un,unidad,ACTIVO,NO,3.0,NO,NO,0.0,0.0,180172.41,19.0,214405.1679,8477.0,25012,CUARTO CONTROL,Cuarto de Control,1.0,30000000.0,0,,und,0,SI,SI,NO,NO,SI,NO,
250,PDA EDIFICIOS Y DOTACION COMUNAL ETAPA 5,08 EDIFICACIONES Y DOTACION COMUN,ADPRO,En ejecucion,SI,SIN PROPIETARIO,250,PDA EDIFICIOS Y DOTACION COMUNAL ETAPA 5,40.0,PDA EDIFICIOS Y DOTACION COMUNAL,5031015,PDA URBANISMO,NO,Principal,GRUPOS,2500027,"SISTEMA DE CONTROL DE ACCESO, SEGURIDAD CCTV Y CERCA ELECTRICA KATIOS",Actas de Obra Quincenales,2016-11-30,RENE ALEJANDRO MELO JIMENEZ,01/12/2016,15/09/2017,217.0,217.0,5456.6387,1036.76135,1409067.8,220525028.6145,262424784.0513,59,6493.4,6493.4,Abierto,C1,Suministro Instalacion,YM SEGURIDAD CONTROL Y DISEÑO SAS,900370722,,ymseguridadcontrolydiseño@hotmail.com,CL 5 C  69 B  13,4977725,A,30,BOGOTÁ D.C.,4659.0,Comercio al por mayor de otros tipos de maquinaria y equipo n.c.p.,Activo,,,,,,J,"Tuberia PVC Presion 3/4""",334.0,Internas Hidrosanitarias,C,Subcontratos,m,metro,ACTIVO,NO,0.0,NO,NO,0.0,0.0,2867.24,19.0,3412.0156,3041.0,25012,CUARTO CONTROL,Cuarto de Control,1.0,30000000.0,0,,und,0,SI,SI,NO,NO,SI,NO,
250,PDA EDIFICIOS Y DOTACION COMUNAL ETAPA 5,08 EDIFICACIONES Y DOTACION COMUN,ADPRO,En ejecucion,SI,SIN PROPIETARIO,250,PDA EDIFICIOS Y DOTACION COMUNAL ETAPA 5,40.0,PDA EDIFICIOS Y DOTACION COMUNAL,5031015,PDA URBANISMO,NO,Principal,GRUPOS,2500027,"SISTEMA DE CONTROL DE ACCESO, SEGURIDAD CCTV Y CERCA ELECTRICA KATIOS",Actas de Obra Quincenales,2016-11-30,RENE ALEJANDRO MELO JIMENEZ,01/12/2016,15/09/2017,5.0,5.0,349977.6034,66495.74465,2082366.74,220525028.6145,262424784.0513,38,416473.348,416473.348,Abierto,C1,Suministro Instalacion,YM SEGURIDAD CONTROL Y DISEÑO SAS,900370722,,ymseguridadcontrolydiseño@hotmail.com,CL 5 C  69 B  13,4977725,A,30,BOGOTÁ D.C.,4659.0,Comercio al por mayor de otros tipos de maquinaria y equipo n.c.p.,Activo,,,,,,J,Protector de  Video y Alimentacion,322.0,Equipos Dotación,C,Subcontratos,Un,unidad,ACTIVO,NO,3.0,NO,NO,0.0,0.0,318600.0,19.0,379134.0,8475.0,25012,CUARTO CONTROL,Cuarto de Control,1.0,30000000.0,0,,und,0,SI,SI,NO,NO,SI,NO,
250,PDA EDIFICIOS Y DOTACION COMUNAL ETAPA 5,08 EDIFICACIONES Y DOTACION COMUN,ADPRO,En ejecucion,SI,SIN PROPIETARIO,250,PDA EDIFICIOS Y DOTACION COMUNAL ETAPA 5,40.0,PDA EDIFICIOS Y DOTACION COMUNAL,5031015,PDA URBANISMO,NO,Principal,GRUPOS,2500027,"SISTEMA DE CONTROL DE ACCESO, SEGURIDAD CCTV Y CERCA ELECTRICA KATIOS",Actas de Obra Quincenales,2016-11-30,RENE ALEJANDRO MELO JIMENEZ,01/12/2016,15/09/2017,2.0,2.0,830400.0,157776.0,1976352.0,220525028.6145,262424784.0513,41,988176.0,988176.0,Abierto,C1,Suministro Instalacion,YM SEGURIDAD CONTROL Y DISEÑO SAS,900370722,,ymseguridadcontrolydiseño@hotmail.com,CL 5 C  69 B  13,4977725,A,30,BOGOTÁ D.C.,4659.0,Comercio al por mayor de otros tipos de maquinaria y equipo n.c.p.,Activo,,,,,,J,Videoportero,338.0,Sistemas CCTV,C,Subcontratos,Un,unidad,ACTIVO,NO,3.0,NO,NO,0.0,0.0,1109875.86,19.0,1320752.2734,6403.0,25012,CUARTO CONTROL,Cuarto de Control,1.0,30000000.0,0,,und,0,SI,SI,NO,NO,SI,NO,
250,PDA EDIFICIOS Y DOTACION COMUNAL ETAPA 5,08 EDIFICACIONES Y DOTACION COMUN,ADPRO,En ejecucion,SI,SIN PROPIETARIO,250,PDA EDIFICIOS Y DOTACION COMUNAL ETAPA 5,40.0,PDA EDIFICIOS Y DOTACION COMUNAL,5031015,PDA URBANISMO,NO,Principal,GRUPOS,2500027,"SISTEMA DE CONTROL DE ACCESO, SEGURIDAD CCTV Y CERCA ELECTRICA KATIOS",Actas de Obra Quincenales,2016-11-30,RENE ALEJANDRO MELO JIMENEZ,01/12/2016,15/09/2017,250.0,250.0,15993.6034,3038.78465,4758097.0,220525028.6145,262424784.0513,29,19032.388,19032.388,Abierto,C1,Suministro Instalacion,YM SEGURIDAD CONTROL Y DISEÑO SAS,900370722,,ymseguridadcontrolydiseño@hotmail.com,CL 5 C  69 B  13,4977725,A,30,BOGOTÁ D.C.,4659.0,Comercio al por mayor de otros tipos de maquinaria y equipo n.c.p.,Activo,,,,,,J,"Canalizacion PVC 1x3/4""",332.0,Internas Electricas y Comunicaciones,C,Subcontratos,m,metro,ACTIVO,NO,0.0,NO,NO,0.0,0.0,3398.28,19.0,4043.9532,4553.0,25012,CUARTO CONTROL,Cuarto de Control,1.0,30000000.0,0,,und,0,SI,SI,NO,NO,SI,NO,
250,PDA EDIFICIOS Y DOTACION COMUNAL ETAPA 5,08 EDIFICACIONES Y DOTACION COMUN,ADPRO,En ejecucion,SI,SIN PROPIETARIO,250,PDA EDIFICIOS Y DOTACION COMUNAL ETAPA 5,40.0,PDA EDIFICIOS Y DOTACION COMUNAL,5031015,PDA URBANISMO,NO,Principal,GRUPOS,2500027,"SISTEMA DE CONTROL DE ACCESO, SEGURIDAD CCTV Y CERCA ELECTRICA KATIOS",Actas de Obra Quincenales,2016-11-30,RENE ALEJANDRO MELO JIMENEZ,01/12/2016,15/09/2017,146.0,146.0,15993.5966,3038.78335,2778727.48,220525028.6145,262424784.0513,60,19032.38,19032.38,Abierto,C1,Suministro Instalacion,YM SEGURIDAD CONTROL Y DISEÑO SAS,900370722,,ymseguridadcontrolydiseño@hotmail.com,CL 5 C  69 B  13,4977725,A,30,BOGOTÁ D.C.,4659.0,Comercio al por mayor de otros tipos de maquinaria y equipo n.c.p.,Activo,,,,,,J,"Canalizacion PVC 1x1""",332.0,Internas Electricas y Comunicaciones,C,Subcontratos,m,metro,ACTIVO,NO,3.0,NO,NO,0.0,0.0,3787.07,19.0,4506.6133,5156.0,25012,CUARTO CONTROL,Cuarto de Control,1.0,30000000.0,0,,und,0,SI,SI,NO,NO,SI,NO,
250,PDA EDIFICIOS Y DOTACION COMUNAL ETAPA 5,08 EDIFICACIONES Y DOTACION COMUN,ADPRO,En ejecucion,SI,SIN PROPIETARIO,250,PDA EDIFICIOS Y DOTACION COMUNAL ETAPA 5,40.0,PDA EDIFICIOS Y DOTACION COMUNAL,5031015,PDA URBANISMO,NO,Principal,GRUPOS,2500027,"SISTEMA DE CONTROL DE ACCESO, SEGURIDAD CCTV Y CERCA ELECTRICA KATIOS",Actas de Obra Quincenales,2016-11-30,RENE ALEJANDRO MELO JIMENEZ,01/12/2016,15/09/2017,90.0,90.0,4609.9224,875.88526,493722.693,220525028.6145,262424784.0513,32,5485.8077,5485.8077,Abierto,C1,Suministro Instalacion,YM SEGURIDAD CONTROL Y DISEÑO SAS,900370722,,ymseguridadcontrolydiseño@hotmail.com,CL 5 C  69 B  13,4977725,A,30,BOGOTÁ D.C.,4659.0,Comercio al por mayor de otros tipos de maquinaria y equipo n.c.p.,Activo,,,,,,J,Cable Encauchetado 3x12,323.0,Ferreteria Herramientas,M,Materiales,m,metro,ACTIVO,NO,3.0,NO,NO,0.0,0.0,3150.0,19.0,3748.5,8096.0,25012,CUARTO CONTROL,Cuarto de Control,1.0,30000000.0,0,,und,0,SI,SI,NO,NO,SI,NO,
250,PDA EDIFICIOS Y DOTACION COMUNAL ETAPA 5,08 EDIFICACIONES Y DOTACION COMUN,ADPRO,En ejecucion,SI,SIN PROPIETARIO,250,PDA EDIFICIOS Y DOTACION COMUNAL ETAPA 5,40.0,PDA EDIFICIOS Y DOTACION COMUNAL,5031015,PDA URBANISMO,NO,Principal,GRUPOS,2500027,"SISTEMA DE CONTROL DE ACCESO, SEGURIDAD CCTV Y CERCA ELECTRICA KATIOS",Actas de Obra Quincenales,2016-11-30,RENE ALEJANDRO MELO JIMENEZ,01/12/2016,15/09/2017,5.0,5.0,211680.0,40219.2,1259496.0,220525028.6145,262424784.0513,25,251899.2,251899.2,Abierto,C1,Suministro Instalacion,YM SEGURIDAD CONTROL Y DISEÑO SAS,900370722,,ymseguridadcontrolydiseño@hotmail.com,CL 5 C  69 B  13,4977725,A,30,BOGOTÁ D.C.,4659.0,Comercio al por mayor de otros tipos de maquinaria y equipo n.c.p.,Activo,,,,,,J,Tablero Breakers 4 ctos,332.0,Internas Electricas y Comunicaciones,M,Materiales,Un,unidad,ACTIVO,NO,0.0,NO,NO,0.0,0.0,39224.14,19.0,46676.7266,3671.0,25012,CUARTO CONTROL,Cuarto de Control,1.0,30000000.0,0,,und,0,SI,SI,NO,NO,SI,NO,
250,PDA EDIFICIOS Y DOTACION COMUNAL ETAPA 5,08 EDIFICACIONES Y DOTACION COMUN,ADPRO,En ejecucion,SI,SIN PROPIETARIO,250,PDA EDIFICIOS Y DOTACION COMUNAL ETAPA 5,40.0,PDA EDIFICIOS Y DOTACION COMUNAL,5031015,PDA URBANISMO,NO,Principal,GRUPOS,2500027,"SISTEMA DE CONTROL DE ACCESO, SEGURIDAD CCTV Y CERCA ELECTRICA KATIOS",Actas de Obra Quincenales,2016-11-30,RENE ALEJANDRO MELO JIMENEZ,01/12/2016,15/09/2017,2.0,2.0,174048.0,33069.12,414234.24,220525028.6145,262424784.0513,56,207117.12,207117.12,Abierto,C1,Suministro Instalacion,YM SEGURIDAD CONTROL Y DISEÑO SAS,900370722,,ymseguridadcontrolydiseño@hotmail.com,CL 5 C  69 B  13,4977725,A,30,BOGOTÁ D.C.,4659.0,Comercio al por mayor de otros tipos de maquinaria y equipo n.c.p.,Activo,,,,,,J,Soporte Para Bandeja Portacable,337.0,Sistemas Datos,M,Materiales,Un,unidad,ACTIVO,NO,0.0,NO,NO,0.0,0.0,15090.52,19.0,17957.7188,2635.0,25012,CUARTO CONTROL,Cuarto de Control,1.0,30000000.0,0,,und,0,SI,SI,NO,NO,SI,NO,
250,PDA EDIFICIOS Y DOTACION COMUNAL ETAPA 5,08 EDIFICACIONES Y DOTACION COMUN,ADPRO,En ejecucion,SI,SIN PROPIETARIO,250,PDA EDIFICIOS Y DOTACION COMUNAL ETAPA 5,40.0,PDA EDIFICIOS Y DOTACION COMUNAL,5031015,PDA URBANISMO,NO,Principal,GRUPOS,2500027,"SISTEMA DE CONTROL DE ACCESO, SEGURIDAD CCTV Y CERCA ELECTRICA KATIOS",Actas de Obra Quincenales,2016-11-30,RENE ALEJANDRO MELO JIMENEZ,01/12/2016,15/09/2017,305.0,305.0,2400.0,456.0,871080.0,220525028.6145,262424784.0513,55,2856.0,2856.0,Abierto,C1,Suministro Instalacion,YM SEGURIDAD CONTROL Y DISEÑO SAS,900370722,,ymseguridadcontrolydiseño@hotmail.com,CL 5 C  69 B  13,4977725,A,30,BOGOTÁ D.C.,4659.0,Comercio al por mayor de otros tipos de maquinaria y equipo n.c.p.,Activo,,,,,,J,Aislador para cable No. 2,332.0,Internas Electricas y Comunicaciones,C,Subcontratos,Un,unidad,ACTIVO,NO,0.0,NO,NO,0.0,0.0,13950.86,19.0,16601.5234,240.0,25012,CUARTO CONTROL,Cuarto de Control,1.0,30000000.0,0,,und,0,SI,SI,NO,NO,SI,NO,
250,PDA EDIFICIOS Y DOTACION COMUNAL ETAPA 5,08 EDIFICACIONES Y DOTACION COMUN,ADPRO,En ejecucion,SI,SIN PROPIETARIO,250,PDA EDIFICIOS Y DOTACION COMUNAL ETAPA 5,40.0,PDA EDIFICIOS Y DOTACION COMUNAL,5031015,PDA URBANISMO,NO,Principal,GRUPOS,2500027,"SISTEMA DE CONTROL DE ACCESO, SEGURIDAD CCTV Y CERCA ELECTRICA KATIOS",Actas de Obra Quincenales,2016-11-30,RENE ALEJANDRO MELO JIMENEZ,01/12/2016,15/09/2017,5.0,5.0,1248441.6034,237203.90465,7428227.54,220525028.6145,262424784.0513,24,1485645.508,1485645.508,Abierto,C1,Suministro Instalacion,YM SEGURIDAD CONTROL Y DISEÑO SAS,900370722,,ymseguridadcontrolydiseño@hotmail.com,CL 5 C  69 B  13,4977725,A,30,BOGOTÁ D.C.,4659.0,Comercio al por mayor de otros tipos de maquinaria y equipo n.c.p.,Activo,,,,,,J,UPS Domo Ptz,322.0,Equipos Dotación,C,Subcontratos,Un,unidad,ACTIVO,NO,3.0,NO,NO,0.0,0.0,1368800.0,19.0,1628872.0,8468.0,25012,CUARTO CONTROL,Cuarto de Control,1.0,30000000.0,0,,und,0,SI,SI,NO,NO,SI,NO,
250,PDA EDIFICIOS Y DOTACION COMUNAL ETAPA 5,08 EDIFICACIONES Y DOTACION COMUN,ADPRO,En ejecucion,SI,SIN PROPIETARIO,250,PDA EDIFICIOS Y DOTACION COMUNAL ETAPA 5,40.0,PDA EDIFICIOS Y DOTACION COMUNAL,5031015,PDA URBANISMO,NO,Principal,GRUPOS,2500027,"SISTEMA DE CONTROL DE ACCESO, SEGURIDAD CCTV Y CERCA ELECTRICA KATIOS",Actas de Obra Quincenales,2016-11-30,RENE ALEJANDRO MELO JIMENEZ,01/12/2016,15/09/2017,5.0,5.0,268128.0,50944.32,1595361.6,220525028.6145,262424784.0513,23,319072.32,319072.32,Abierto,C1,Suministro Instalacion,YM SEGURIDAD CONTROL Y DISEÑO SAS,900370722,,ymseguridadcontrolydiseño@hotmail.com,CL 5 C  69 B  13,4977725,A,30,BOGOTÁ D.C.,4659.0,Comercio al por mayor de otros tipos de maquinaria y equipo n.c.p.,Activo,,,,,,J,Caja Metalica para UPS,322.0,Equipos Dotación,M,Materiales,Un,unidad,ACTIVO,NO,3.0,NO,NO,0.0,0.0,235585.0,19.0,280346.15,8467.0,25012,CUARTO CONTROL,Cuarto de Control,1.0,30000000.0,0,,und,0,SI,SI,NO,NO,SI,NO,
250,PDA EDIFICIOS Y DOTACION COMUNAL ETAPA 5,08 EDIFICACIONES Y DOTACION COMUN,ADPRO,En ejecucion,SI,SIN PROPIETARIO,250,PDA EDIFICIOS Y DOTACION COMUNAL ETAPA 5,40.0,PDA EDIFICIOS Y DOTACION COMUNAL,5031015,PDA URBANISMO,NO,Principal,GRUPOS,2500027,"SISTEMA DE CONTROL DE ACCESO, SEGURIDAD CCTV Y CERCA ELECTRICA KATIOS",Actas de Obra Quincenales,2016-11-30,RENE ALEJANDRO MELO JIMENEZ,01/12/2016,15/09/2017,5.0,5.0,1411200.0,268128.0,8396640.0,220525028.6145,262424784.0513,26,1679328.0,1679328.0,Abierto,C1,Suministro Instalacion,YM SEGURIDAD CONTROL Y DISEÑO SAS,900370722,,ymseguridadcontrolydiseño@hotmail.com,CL 5 C  69 B  13,4977725,A,30,BOGOTÁ D.C.,4659.0,Comercio al por mayor de otros tipos de maquinaria y equipo n.c.p.,Activo,,,,,,J,Sistema Pararayos,322.0,Equipos Dotación,C,Subcontratos,Un,unidad,ACTIVO,NO,3.0,NO,NO,0.0,0.0,1415900.0,19.0,1684921.0,8469.0,25012,CUARTO CONTROL,Cuarto de Control,1.0,30000000.0,0,,und,0,SI,SI,NO,NO,SI,NO,
250,PDA EDIFICIOS Y DOTACION COMUNAL ETAPA 5,08 EDIFICACIONES Y DOTACION COMUN,ADPRO,En ejecucion,SI,SIN PROPIETARIO,250,PDA EDIFICIOS Y DOTACION COMUNAL ETAPA 5,40.0,PDA EDIFICIOS Y DOTACION COMUNAL,5031015,PDA URBANISMO,NO,Principal,GRUPOS,2500027,"SISTEMA DE CONTROL DE ACCESO, SEGURIDAD CCTV Y CERCA ELECTRICA KATIOS",Actas de Obra Quincenales,2016-11-30,RENE ALEJANDRO MELO JIMENEZ,01/12/2016,15/09/2017,6.0,6.0,105369.5966,20020.22335,752338.92,220525028.6145,262424784.0513,57,125389.82,125389.82,Abierto,C1,Suministro Instalacion,YM SEGURIDAD CONTROL Y DISEÑO SAS,900370722,,ymseguridadcontrolydiseño@hotmail.com,CL 5 C  69 B  13,4977725,A,30,BOGOTÁ D.C.,4659.0,Comercio al por mayor de otros tipos de maquinaria y equipo n.c.p.,Activo,,,,,,J,Caja de Inspeccion 20x20,334.0,Internas Hidrosanitarias,C,Subcontratos,Un,unidad,ACTIVO,NO,0.0,NO,NO,0.0,0.0,55603.45,19.0,66168.1055,645.0,25012,CUARTO CONTROL,Cuarto de Control,1.0,30000000.0,0,,und,0,SI,SI,NO,NO,SI,NO,
250,PDA EDIFICIOS Y DOTACION COMUNAL ETAPA 5,08 EDIFICACIONES Y DOTACION COMUN,ADPRO,En ejecucion,SI,SIN PROPIETARIO,250,PDA EDIFICIOS Y DOTACION COMUNAL ETAPA 5,40.0,PDA EDIFICIOS Y DOTACION COMUNAL,5031015,PDA URBANISMO,NO,Principal,GRUPOS,2500027,"SISTEMA DE CONTROL DE ACCESO, SEGURIDAD CCTV Y CERCA ELECTRICA KATIOS",Actas de Obra Quincenales,2016-11-30,RENE ALEJANDRO MELO JIMENEZ,01/12/2016,15/09/2017,15.0,15.0,9600.0,1824.0,171360.0,220525028.6145,262424784.0513,48,11424.0,11424.0,Abierto,C1,Suministro Instalacion,YM SEGURIDAD CONTROL Y DISEÑO SAS,900370722,,ymseguridadcontrolydiseño@hotmail.com,CL 5 C  69 B  13,4977725,A,30,BOGOTÁ D.C.,4659.0,Comercio al por mayor de otros tipos de maquinaria y equipo n.c.p.,Activo,,,,,,J,Canaleta Plastica Pnaduit 10,337.0,Sistemas Datos,M,Materiales,Un,unidad,ACTIVO,NO,0.0,NO,NO,0.0,0.0,52293.1,19.0,62228.789,726.0,25003,SISTEMAS DE SEGURIDAD,Controladoras Maestras Porteria 2,1.0,9994164.76,0,,und,0,SI,SI,NO,NO,SI,NO,
250,PDA EDIFICIOS Y DOTACION COMUNAL ETAPA 5,08 EDIFICACIONES Y DOTACION COMUN,ADPRO,En ejecucion,SI,SIN PROPIETARIO,250,PDA EDIFICIOS Y DOTACION COMUNAL ETAPA 5,40.0,PDA EDIFICIOS Y DOTACION COMUNAL,5031015,PDA URBANISMO,NO,Principal,GRUPOS,2500027,"SISTEMA DE CONTROL DE ACCESO, SEGURIDAD CCTV Y CERCA ELECTRICA KATIOS",Actas de Obra Quincenales,2016-11-30,RENE ALEJANDRO MELO JIMENEZ,01/12/2016,15/09/2017,3.0,3.0,107520.0,20428.8,383846.4,220525028.6145,262424784.0513,49,127948.8,127948.8,Abierto,C1,Suministro Instalacion,YM SEGURIDAD CONTROL Y DISEÑO SAS,900370722,,ymseguridadcontrolydiseño@hotmail.com,CL 5 C  69 B  13,4977725,A,30,BOGOTÁ D.C.,4659.0,Comercio al por mayor de otros tipos de maquinaria y equipo n.c.p.,Activo,,,,,,J,Boton Parada de Emergencia,322.0,Equipos Dotación,C,Subcontratos,Un,unidad,ACTIVO,NO,3.0,NO,NO,0.0,0.0,115000.0,19.0,136850.0,6495.0,25003,SISTEMAS DE SEGURIDAD,Controladoras Maestras Porteria 2,1.0,9994164.76,0,,und,0,SI,SI,NO,NO,SI,NO,
250,PDA EDIFICIOS Y DOTACION COMUNAL ETAPA 5,08 EDIFICACIONES Y DOTACION COMUN,ADPRO,En ejecucion,SI,SIN PROPIETARIO,250,PDA EDIFICIOS Y DOTACION COMUNAL ETAPA 5,40.0,PDA EDIFICIOS Y DOTACION COMUNAL,5031015,PDA URBANISMO,NO,Principal,GRUPOS,2500027,"SISTEMA DE CONTROL DE ACCESO, SEGURIDAD CCTV Y CERCA ELECTRICA KATIOS",Actas de Obra Quincenales,2016-11-30,RENE ALEJANDRO MELO JIMENEZ,01/12/2016,15/09/2017,2.0,2.0,112000.0,21280.0,266560.0,220525028.6145,262424784.0513,47,133280.0,133280.0,Abierto,C1,Suministro Instalacion,YM SEGURIDAD CONTROL Y DISEÑO SAS,900370722,,ymseguridadcontrolydiseño@hotmail.com,CL 5 C  69 B  13,4977725,A,30,BOGOTÁ D.C.,4659.0,Comercio al por mayor de otros tipos de maquinaria y equipo n.c.p.,Activo,,,,,,J,Controladoras Maestras,338.0,Sistemas CCTV,C,Subcontratos,Un,unidad,ACTIVO,NO,0.0,NO,NO,0.0,0.0,16578552.68,19.0,19728477.6892,4482.0,25003,SISTEMAS DE SEGURIDAD,Controladoras Maestras Porteria 2,1.0,9994164.76,0,,und,0,SI,SI,NO,NO,SI,NO,
250,PDA EDIFICIOS Y DOTACION COMUNAL ETAPA 5,08 EDIFICACIONES Y DOTACION COMUN,ADPRO,En ejecucion,SI,SIN PROPIETARIO,250,PDA EDIFICIOS Y DOTACION COMUNAL ETAPA 5,40.0,PDA EDIFICIOS Y DOTACION COMUNAL,5031015,PDA URBANISMO,NO,Principal,GRUPOS,2500027,"SISTEMA DE CONTROL DE ACCESO, SEGURIDAD CCTV Y CERCA ELECTRICA KATIOS",Actas de Obra Quincenales,2016-11-30,RENE ALEJANDRO MELO JIMENEZ,01/12/2016,15/09/2017,2.0,2.0,4653055.681,884080.57939,11074272.5208,220525028.6145,262424784.0513,4,5537136.2604,5537136.2604,Abierto,C1,Suministro Instalacion,YM SEGURIDAD CONTROL Y DISEÑO SAS,900370722,,ymseguridadcontrolydiseño@hotmail.com,CL 5 C  69 B  13,4977725,A,30,BOGOTÁ D.C.,4659.0,Comercio al por mayor de otros tipos de maquinaria y equipo n.c.p.,Activo,,,,,,J,Controladoras Maestras,338.0,Sistemas CCTV,C,Subcontratos,Un,unidad,ACTIVO,NO,0.0,NO,NO,0.0,0.0,16578552.68,19.0,19728477.6892,4482.0,25003,SISTEMAS DE SEGURIDAD,Controladoras Maestras Porteria 2,1.0,9994164.76,0,,und,0,SI,SI,NO,NO,SI,NO,
250,PDA EDIFICIOS Y DOTACION COMUNAL ETAPA 5,08 EDIFICACIONES Y DOTACION COMUN,ADPRO,En ejecucion,SI,SIN PROPIETARIO,250,PDA EDIFICIOS Y DOTACION COMUNAL ETAPA 5,40.0,PDA EDIFICIOS Y DOTACION COMUNAL,5031015,PDA URBANISMO,NO,Principal,GRUPOS,2500027,"SISTEMA DE CONTROL DE ACCESO, SEGURIDAD CCTV Y CERCA ELECTRICA KATIOS",Actas de Obra Quincenales,2016-11-30,RENE ALEJANDRO MELO JIMENEZ,01/12/2016,15/09/2017,2.0,2.0,1716960.0,326222.4,4086364.8,220525028.6145,262424784.0513,3,2043182.4,2043182.4,Abierto,C1,Suministro Instalacion,YM SEGURIDAD CONTROL Y DISEÑO SAS,900370722,,ymseguridadcontrolydiseño@hotmail.com,CL 5 C  69 B  13,4977725,A,30,BOGOTÁ D.C.,4659.0,Comercio al por mayor de otros tipos de maquinaria y equipo n.c.p.,Activo,,,,,,J,"Monitor 32""  LCD",322.0,Equipos Dotación,M,Materiales,Un,unidad,ACTIVO,NO,0.0,NO,NO,0.0,0.0,1812500.0,19.0,2156875.0,8458.0,25002,SISTEMAS DE SEGURIDAD,"Monitor 46""",1.0,3857274.84,0,,und,0,SI,SI,NO,NO,SI,NO,
174,PDA PRELIMINARES,05 OBRAS PRELIMINARES,ADPRO,En ejecucion,SI,SIN PROPIETARIO,174,PDA PRELIMINARES,25.0,PDA GENERALES NO ASIGNADOS,5032010,PDA GG NO ASIGNADOS,NO,Principal,GRUPOS,1740276,REEMBOLSO POR EXAMENES MEDICOS DE INGRESO PERSONAL A OBRA,ACTA DE OBRA,2016-10-25,RENE ALEJANDRO MELO JIMENEZ,01/11/2016,30/11/2016,3.0,3.0,18700.0,0.0,56100.0,1336150.0,1336150.0,8,18700.0,18700.0,Abierto,R,Pagos Sin Retenciones,OUTSOURCING Y TEMPORALES S.A.S. SIGLA OTEM S.A.S.,830091033,,admin.colombia4@jobandtalent.com,CR 12  90  19 P4,5088150,A,60,BOGOTÁ D.C.,7820.0,Actividades de empresas de servicios temporales.,Activo,,,,,,J,Examen de Ingreso,999.0,Varios,C,Subcontratos,Un,unidad,ACTIVO,NO,3.0,NO,NO,0.0,0.0,775862.07,19.0,923275.8633,4054.0,14002,PRELIMINARES,Examen Medico,1.0,5000000.0,0,,und,0,SI,SI,NO,NO,SI,NO,
174,PDA PRELIMINARES,05 OBRAS PRELIMINARES,ADPRO,En ejecucion,SI,SIN PROPIETARIO,174,PDA PRELIMINARES,25.0,PDA GENERALES NO ASIGNADOS,5032010,PDA GG NO ASIGNADOS,NO,Principal,GRUPOS,1740267,REEMBOLSO POR EXAMENES MEDICOS DE INGRESO PERSONAL A OBRA,ACTA DE OBRA,2016-06-28,RENE ALEJANDRO MELO JIMENEZ,28/06/2016,30/12/2016,10.0,10.0,9800.0,0.0,98000.0,1823550.0,1823550.0,6,9800.0,9800.0,Abierto,R,Pagos Sin Retenciones,OUTSOURCING Y TEMPORALES S.A.S. SIGLA OTEM S.A.S.,830091033,,admin.colombia4@jobandtalent.com,CR 12  90  19 P4,5088150,A,60,BOGOTÁ D.C.,7820.0,Actividades de empresas de servicios temporales.,Activo,,,,,,J,Examen de Ingreso,999.0,Varios,C,Subcontratos,Un,unidad,ACTIVO,NO,3.0,NO,NO,0.0,0.0,775862.07,19.0,923275.8633,4054.0,14002,PRELIMINARES,Examen Medico,1.0,5000000.0,0,,und,0,SI,SI,NO,NO,SI,NO,
174,PDA PRELIMINARES,05 OBRAS PRELIMINARES,ADPRO,En ejecucion,SI,SIN PROPIETARIO,174,PDA PRELIMINARES,25.0,PDA GENERALES NO ASIGNADOS,5032010,PDA GG NO ASIGNADOS,NO,Principal,GRUPOS,1740267,REEMBOLSO POR EXAMENES MEDICOS DE INGRESO PERSONAL A OBRA,ACTA DE OBRA,2016-06-28,RENE ALEJANDRO MELO JIMENEZ,28/06/2016,30/12/2016,13.0,13.0,7300.0,0.0,94900.0,1823550.0,1823550.0,3,7300.0,7300.0,Abierto,R,Pagos Sin Retenciones,OUTSOURCING Y TEMPORALES S.A.S. SIGLA OTEM S.A.S.,830091033,,admin.colombia4@jobandtalent.com,CR 12  90  19 P4,5088150,A,60,BOGOTÁ D.C.,7820.0,Actividades de empresas de servicios temporales.,Activo,,,,,,J,Examen de Ingreso,999.0,Varios,C,Subcontratos,Un,unidad,ACTIVO,NO,3.0,NO,NO,0.0,0.0,775862.07,19.0,923275.8633,4054.0,14002,PRELIMINARES,Examen Medico,1.0,5000000.0,0,,und,0,SI,SI,NO,NO,SI,NO,
174,PDA PRELIMINARES,05 OBRAS PRELIMINARES,ADPRO,En ejecucion,SI,SIN PROPIETARIO,174,PDA PRELIMINARES,25.0,PDA GENERALES NO ASIGNADOS,5032010,PDA GG NO ASIGNADOS,NO,Principal,GRUPOS,1740267,REEMBOLSO POR EXAMENES MEDICOS DE INGRESO PERSONAL A OBRA,ACTA DE OBRA,2016-06-28,RENE ALEJANDRO MELO JIMENEZ,28/06/2016,30/12/2016,9.0,9.0,15400.0,0.0,138600.0,1823550.0,1823550.0,4,15400.0,15400.0,Abierto,R,Pagos Sin Retenciones,OUTSOURCING Y TEMPORALES S.A.S. SIGLA OTEM S.A.S.,830091033,,admin.colombia4@jobandtalent.com,CR 12  90  19 P4,5088150,A,60,BOGOTÁ D.C.,7820.0,Actividades de empresas de servicios temporales.,Activo,,,,,,J,Examen de Ingreso,999.0,Varios,C,Subcontratos,Un,unidad,ACTIVO,NO,3.0,NO,NO,0.0,0.0,775862.07,19.0,923275.8633,4054.0,14002,PRELIMINARES,Examen Medico,1.0,5000000.0,0,,und,0,SI,SI,NO,NO,SI,NO,
174,PDA PRELIMINARES,05 OBRAS PRELIMINARES,ADPRO,En ejecucion,SI,SIN PROPIETARIO,174,PDA PRELIMINARES,25.0,PDA GENERALES NO ASIGNADOS,5032010,PDA GG NO ASIGNADOS,NO,Principal,GRUPOS,1740267,REEMBOLSO POR EXAMENES MEDICOS DE INGRESO PERSONAL A OBRA,ACTA DE OBRA,2016-06-28,RENE ALEJANDRO MELO JIMENEZ,28/06/2016,30/12/2016,4.0,4.0,7300.0,0.0,29200.0,1823550.0,1823550.0,2,7300.0,7300.0,Abierto,R,Pagos Sin Retenciones,OUTSOURCING Y TEMPORALES S.A.S. SIGLA OTEM S.A.S.,830091033,,admin.colombia4@jobandtalent.com,CR 12  90  19 P4,5088150,A,60,BOGOTÁ D.C.,7820.0,Actividades de empresas de servicios temporales.,Activo,,,,,,J,Examen de Ingreso,999.0,Varios,C,Subcontratos,Un,unidad,ACTIVO,NO,3.0,NO,NO,0.0,0.0,775862.07,19.0,923275.8633,4054.0,14002,PRELIMINARES,Examen Medico,1.0,5000000.0,0,,und,0,SI,SI,NO,NO,SI,NO,
174,PDA PRELIMINARES,05 OBRAS PRELIMINARES,ADPRO,En ejecucion,SI,SIN PROPIETARIO,174,PDA PRELIMINARES,25.0,PDA GENERALES NO ASIGNADOS,5032010,PDA GG NO ASIGNADOS,NO,Principal,GRUPOS,1740267,REEMBOLSO POR EXAMENES MEDICOS DE INGRESO PERSONAL A OBRA,ACTA DE OBRA,2016-06-28,RENE ALEJANDRO MELO JIMENEZ,28/06/2016,30/12/2016,10.0,10.0,12500.0,0.0,125000.0,1823550.0,1823550.0,7,12500.0,12500.0,Abierto,R,Pagos Sin Retenciones,OUTSOURCING Y TEMPORALES S.A.S. SIGLA OTEM S.A.S.,830091033,,admin.colombia4@jobandtalent.com,CR 12  90  19 P4,5088150,A,60,BOGOTÁ D.C.,7820.0,Actividades de empresas de servicios temporales.,Activo,,,,,,J,Examen de Ingreso,999.0,Varios,C,Subcontratos,Un,unidad,ACTIVO,NO,3.0,NO,NO,0.0,0.0,775862.07,19.0,923275.8633,4054.0,14002,PRELIMINARES,Examen Medico,1.0,5000000.0,0,,und,0,SI,SI,NO,NO,SI,NO,
174,PDA PRELIMINARES,05 OBRAS PRELIMINARES,ADPRO,En ejecucion,SI,SIN PROPIETARIO,174,PDA PRELIMINARES,25.0,PDA GENERALES NO ASIGNADOS,5032010,PDA GG NO ASIGNADOS,NO,Principal,GRUPOS,1740267,REEMBOLSO POR EXAMENES MEDICOS DE INGRESO PERSONAL A OBRA,ACTA DE OBRA,2016-06-28,RENE ALEJANDRO MELO JIMENEZ,28/06/2016,30/12/2016,10.0,10.0,13450.0,0.0,134500.0,1823550.0,1823550.0,1,13450.0,13450.0,Abierto,R,Pagos Sin Retenciones,OUTSOURCING Y TEMPORALES S.A.S. SIGLA OTEM S.A.S.,830091033,,admin.colombia4@jobandtalent.com,CR 12  90  19 P4,5088150,A,60,BOGOTÁ D.C.,7820.0,Actividades de empresas de servicios temporales.,Activo,,,,,,J,Examen de Ingreso,999.0,Varios,C,Subcontratos,Un,unidad,ACTIVO,NO,3.0,NO,NO,0.0,0.0,775862.07,19.0,923275.8633,4054.0,14002,PRELIMINARES,Examen Medico,1.0,5000000.0,0,,und,0,SI,SI,NO,NO,SI,NO,
174,PDA PRELIMINARES,05 OBRAS PRELIMINARES,ADPRO,En ejecucion,SI,SIN PROPIETARIO,174,PDA PRELIMINARES,25.0,PDA GENERALES NO ASIGNADOS,5032010,PDA GG NO ASIGNADOS,NO,Principal,GRUPOS,1740270,REEMBOLSO POR EXAMENES MEDICOS DE INGRESO PERSONAL A OBRA,ACTA DE OBRA,2016-09-02,RENE ALEJANDRO MELO JIMENEZ,02/09/2016,01/10/2016,3.0,3.0,7300.0,0.0,21900.0,838700.0,838700.0,10,7300.0,7300.0,Abierto,R,Pagos Sin Retenciones,OUTSOURCING Y TEMPORALES S.A.S. SIGLA OTEM S.A.S.,830091033,,admin.colombia4@jobandtalent.com,CR 12  90  19 P4,5088150,A,60,BOGOTÁ D.C.,7820.0,Actividades de empresas de servicios temporales.,Activo,,,,,,J,Examen de Ingreso,999.0,Varios,C,Subcontratos,Un,unidad,ACTIVO,NO,3.0,NO,NO,0.0,0.0,775862.07,19.0,923275.8633,4054.0,14002,PRELIMINARES,Examen Medico,1.0,5000000.0,0,,und,0,SI,SI,NO,NO,SI,NO,
174,PDA PRELIMINARES,05 OBRAS PRELIMINARES,ADPRO,En ejecucion,SI,SIN PROPIETARIO,174,PDA PRELIMINARES,25.0,PDA GENERALES NO ASIGNADOS,5032010,PDA GG NO ASIGNADOS,NO,Principal,GRUPOS,1740270,REEMBOLSO POR EXAMENES MEDICOS DE INGRESO PERSONAL A OBRA,ACTA DE OBRA,2016-09-02,RENE ALEJANDRO MELO JIMENEZ,02/09/2016,01/10/2016,3.0,3.0,7300.0,0.0,21900.0,838700.0,838700.0,2,7300.0,7300.0,Abierto,R,Pagos Sin Retenciones,OUTSOURCING Y TEMPORALES S.A.S. SIGLA OTEM S.A.S.,830091033,,admin.colombia4@jobandtalent.com,CR 12  90  19 P4,5088150,A,60,BOGOTÁ D.C.,7820.0,Actividades de empresas de servicios temporales.,Activo,,,,,,J,Examen de Ingreso,999.0,Varios,C,Subcontratos,Un,unidad,ACTIVO,NO,3.0,NO,NO,0.0,0.0,775862.07,19.0,923275.8633,4054.0,14002,PRELIMINARES,Examen Medico,1.0,5000000.0,0,,und,0,SI,SI,NO,NO,SI,NO,
174,PDA PRELIMINARES,05 OBRAS PRELIMINARES,ADPRO,En ejecucion,SI,SIN PROPIETARIO,174,PDA PRELIMINARES,25.0,PDA GENERALES NO ASIGNADOS,5032010,PDA GG NO ASIGNADOS,NO,Principal,GRUPOS,1740270,REEMBOLSO POR EXAMENES MEDICOS DE INGRESO PERSONAL A OBRA,ACTA DE OBRA,2016-09-02,RENE ALEJANDRO MELO JIMENEZ,02/09/2016,01/10/2016,4.0,4.0,9800.0,0.0,39200.0,838700.0,838700.0,6,9800.0,9800.0,Abierto,R,Pagos Sin Retenciones,OUTSOURCING Y TEMPORALES S.A.S. SIGLA OTEM S.A.S.,830091033,,admin.colombia4@jobandtalent.com,CR 12  90  19 P4,5088150,A,60,BOGOTÁ D.C.,7820.0,Actividades de empresas de servicios temporales.,Activo,,,,,,J,Examen de Ingreso,999.0,Varios,C,Subcontratos,Un,unidad,ACTIVO,NO,3.0,NO,NO,0.0,0.0,775862.07,19.0,923275.8633,4054.0,14002,PRELIMINARES,Examen Medico,1.0,5000000.0,0,,und,0,SI,SI,NO,NO,SI,NO,
174,PDA PRELIMINARES,05 OBRAS PRELIMINARES,ADPRO,En ejecucion,SI,SIN PROPIETARIO,174,PDA PRELIMINARES,25.0,PDA GENERALES NO ASIGNADOS,5032010,PDA GG NO ASIGNADOS,NO,Principal,GRUPOS,1740270,REEMBOLSO POR EXAMENES MEDICOS DE INGRESO PERSONAL A OBRA,ACTA DE OBRA,2016-09-02,RENE ALEJANDRO MELO JIMENEZ,02/09/2016,01/10/2016,2.0,2.0,9800.0,0.0,19600.0,838700.0,838700.0,9,9800.0,9800.0,Abierto,R,Pagos Sin Retenciones,OUTSOURCING Y TEMPORALES S.A.S. SIGLA OTEM S.A.S.,830091033,,admin.colombia4@jobandtalent.com,CR 12  90  19 P4,5088150,A,60,BOGOTÁ D.C.,7820.0,Actividades de empresas de servicios temporales.,Activo,,,,,,J,Examen de Ingreso,999.0,Varios,C,Subcontratos,Un,unidad,ACTIVO,NO,3.0,NO,NO,0.0,0.0,775862.07,19.0,923275.8633,4054.0,14002,PRELIMINARES,Examen Medico,1.0,5000000.0,0,,und,0,SI,SI,NO,NO,SI,NO,
174,PDA PRELIMINARES,05 OBRAS PRELIMINARES,ADPRO,En ejecucion,SI,SIN PROPIETARIO,174,PDA PRELIMINARES,25.0,PDA GENERALES NO ASIGNADOS,5032010,PDA GG NO ASIGNADOS,NO,Principal,GRUPOS,1740270,REEMBOLSO POR EXAMENES MEDICOS DE INGRESO PERSONAL A OBRA,ACTA DE OBRA,2016-09-02,RENE ALEJANDRO MELO JIMENEZ,02/09/2016,01/10/2016,4.0,4.0,12500.0,0.0,50000.0,838700.0,838700.0,7,12500.0,12500.0,Abierto,R,Pagos Sin Retenciones,OUTSOURCING Y TEMPORALES S.A.S. SIGLA OTEM S.A.S.,830091033,,admin.colombia4@jobandtalent.com,CR 12  90  19 P4,5088150,A,60,BOGOTÁ D.C.,7820.0,Actividades de empresas de servicios temporales.,Activo,,,,,,J,Examen de Ingreso,999.0,Varios,C,Subcontratos,Un,unidad,ACTIVO,NO,3.0,NO,NO,0.0,0.0,775862.07,19.0,923275.8633,4054.0,14002,PRELIMINARES,Examen Medico,1.0,5000000.0,0,,und,0,SI,SI,NO,NO,SI,NO,
174,PDA PRELIMINARES,05 OBRAS PRELIMINARES,ADPRO,En ejecucion,SI,SIN PROPIETARIO,174,PDA PRELIMINARES,25.0,PDA GENERALES NO ASIGNADOS,5032010,PDA GG NO ASIGNADOS,NO,Principal,GRUPOS,1740270,REEMBOLSO POR EXAMENES MEDICOS DE INGRESO PERSONAL A OBRA,ACTA DE OBRA,2016-09-02,RENE ALEJANDRO MELO JIMENEZ,02/09/2016,01/10/2016,4.0,4.0,120150.0,0.0,480600.0,838700.0,838700.0,5,120150.0,120150.0,Abierto,R,Pagos Sin Retenciones,OUTSOURCING Y TEMPORALES S.A.S. SIGLA OTEM S.A.S.,830091033,,admin.colombia4@jobandtalent.com,CR 12  90  19 P4,5088150,A,60,BOGOTÁ D.C.,7820.0,Actividades de empresas de servicios temporales.,Activo,,,,,,J,Examen de Ingreso,999.0,Varios,C,Subcontratos,Un,unidad,ACTIVO,NO,3.0,NO,NO,0.0,0.0,775862.07,19.0,923275.8633,4054.0,14002,PRELIMINARES,Examen Medico,1.0,5000000.0,0,,und,0,SI,SI,NO,NO,SI,NO,
174,PDA PRELIMINARES,05 OBRAS PRELIMINARES,ADPRO,En ejecucion,SI,SIN PROPIETARIO,174,PDA PRELIMINARES,25.0,PDA GENERALES NO ASIGNADOS,5032010,PDA GG NO ASIGNADOS,NO,Principal,GRUPOS,1740270,REEMBOLSO POR EXAMENES MEDICOS DE INGRESO PERSONAL A OBRA,ACTA DE OBRA,2016-09-02,RENE ALEJANDRO MELO JIMENEZ,02/09/2016,01/10/2016,4.0,4.0,13450.0,0.0,53800.0,838700.0,838700.0,1,13450.0,13450.0,Abierto,R,Pagos Sin Retenciones,OUTSOURCING Y TEMPORALES S.A.S. SIGLA OTEM S.A.S.,830091033,,admin.colombia4@jobandtalent.com,CR 12  90  19 P4,5088150,A,60,BOGOTÁ D.C.,7820.0,Actividades de empresas de servicios temporales.,Activo,,,,,,J,Examen de Ingreso,999.0,Varios,C,Subcontratos,Un,unidad,ACTIVO,NO,3.0,NO,NO,0.0,0.0,775862.07,19.0,923275.8633,4054.0,14002,PRELIMINARES,Examen Medico,1.0,5000000.0,0,,und,0,SI,SI,NO,NO,SI,NO,
174,PDA PRELIMINARES,05 OBRAS PRELIMINARES,ADPRO,En ejecucion,SI,SIN PROPIETARIO,174,PDA PRELIMINARES,25.0,PDA GENERALES NO ASIGNADOS,5032010,PDA GG NO ASIGNADOS,NO,Principal,GRUPOS,1740270,REEMBOLSO POR EXAMENES MEDICOS DE INGRESO PERSONAL A OBRA,ACTA DE OBRA,2016-09-02,RENE ALEJANDRO MELO JIMENEZ,02/09/2016,01/10/2016,6.0,6.0,15400.0,0.0,92400.0,838700.0,838700.0,4,15400.0,15400.0,Abierto,R,Pagos Sin Retenciones,OUTSOURCING Y TEMPORALES S.A.S. SIGLA OTEM S.A.S.,830091033,,admin.colombia4@jobandtalent.com,CR 12  90  19 P4,5088150,A,60,BOGOTÁ D.C.,7820.0,Actividades de empresas de servicios temporales.,Activo,,,,,,J,Examen de Ingreso,999.0,Varios,C,Subcontratos,Un,unidad,ACTIVO,NO,3.0,NO,NO,0.0,0.0,775862.07,19.0,923275.8633,4054.0,14002,PRELIMINARES,Examen Medico,1.0,5000000.0,0,,und,0,SI,SI,NO,NO,SI,NO,
174,PDA PRELIMINARES,05 OBRAS PRELIMINARES,ADPRO,En ejecucion,SI,SIN PROPIETARIO,174,PDA PRELIMINARES,25.0,PDA GENERALES NO ASIGNADOS,5032010,PDA GG NO ASIGNADOS,NO,Principal,GRUPOS,1740270,REEMBOLSO POR EXAMENES MEDICOS DE INGRESO PERSONAL A OBRA,ACTA DE OBRA,2016-09-02,RENE ALEJANDRO MELO JIMENEZ,02/09/2016,01/10/2016,3.0,3.0,7300.0,0.0,21900.0,838700.0,838700.0,3,7300.0,7300.0,Abierto,R,Pagos Sin Retenciones,OUTSOURCING Y TEMPORALES S.A.S. SIGLA OTEM S.A.S.,830091033,,admin.colombia4@jobandtalent.com,CR 12  90  19 P4,5088150,A,60,BOGOTÁ D.C.,7820.0,Actividades de empresas de servicios temporales.,Activo,,,,,,J,Examen de Ingreso,999.0,Varios,C,Subcontratos,Un,unidad,ACTIVO,NO,3.0,NO,NO,0.0,0.0,775862.07,19.0,923275.8633,4054.0,14002,PRELIMINARES,Examen Medico,1.0,5000000.0,0,,und,0,SI,SI,NO,NO,SI,NO,
174,PDA PRELIMINARES,05 OBRAS PRELIMINARES,ADPRO,En ejecucion,SI,SIN PROPIETARIO,174,PDA PRELIMINARES,25.0,PDA GENERALES NO ASIGNADOS,5032010,PDA GG NO ASIGNADOS,NO,Principal,GRUPOS,1740276,REEMBOLSO POR EXAMENES MEDICOS DE INGRESO PERSONAL A OBRA,ACTA DE OBRA,2016-10-25,RENE ALEJANDRO MELO JIMENEZ,01/11/2016,30/11/2016,9.0,9.0,7300.0,0.0,65700.0,1336150.0,1336150.0,10,7300.0,7300.0,Abierto,R,Pagos Sin Retenciones,OUTSOURCING Y TEMPORALES S.A.S. SIGLA OTEM S.A.S.,830091033,,admin.colombia4@jobandtalent.com,CR 12  90  19 P4,5088150,A,60,BOGOTÁ D.C.,7820.0,Actividades de empresas de servicios temporales.,Activo,,,,,,J,Examen de Ingreso,999.0,Varios,C,Subcontratos,Un,unidad,ACTIVO,NO,3.0,NO,NO,0.0,0.0,775862.07,19.0,923275.8633,4054.0,14002,PRELIMINARES,Examen Medico,1.0,5000000.0,0,,und,0,SI,SI,NO,NO,SI,NO,
174,PDA PRELIMINARES,05 OBRAS PRELIMINARES,ADPRO,En ejecucion,SI,SIN PROPIETARIO,174,PDA PRELIMINARES,25.0,PDA GENERALES NO ASIGNADOS,5032010,PDA GG NO ASIGNADOS,NO,Principal,GRUPOS,1740276,REEMBOLSO POR EXAMENES MEDICOS DE INGRESO PERSONAL A OBRA,ACTA DE OBRA,2016-10-25,RENE ALEJANDRO MELO JIMENEZ,01/11/2016,30/11/2016,9.0,9.0,120150.0,0.0,1081350.0,1336150.0,1336150.0,5,120150.0,120150.0,Abierto,R,Pagos Sin Retenciones,OUTSOURCING Y TEMPORALES S.A.S. SIGLA OTEM S.A.S.,830091033,,admin.colombia4@jobandtalent.com,CR 12  90  19 P4,5088150,A,60,BOGOTÁ D.C.,7820.0,Actividades de empresas de servicios temporales.,Activo,,,,,,J,Examen de Ingreso,999.0,Varios,C,Subcontratos,Un,unidad,ACTIVO,NO,3.0,NO,NO,0.0,0.0,775862.07,19.0,923275.8633,4054.0,14002,PRELIMINARES,Examen Medico,1.0,5000000.0,0,,und,0,SI,SI,NO,NO,SI,NO,
174,PDA PRELIMINARES,05 OBRAS PRELIMINARES,ADPRO,En ejecucion,SI,SIN PROPIETARIO,174,PDA PRELIMINARES,25.0,PDA GENERALES NO ASIGNADOS,5032010,PDA GG NO ASIGNADOS,NO,Principal,GRUPOS,1740276,REEMBOLSO POR EXAMENES MEDICOS DE INGRESO PERSONAL A OBRA,ACTA DE OBRA,2016-10-25,RENE ALEJANDRO MELO JIMENEZ,01/11/2016,30/11/2016,8.0,8.0,15400.0,0.0,123200.0,1336150.0,1336150.0,4,15400.0,15400.0,Abierto,R,Pagos Sin Retenciones,OUTSOURCING Y TEMPORALES S.A.S. SIGLA OTEM S.A.S.,830091033,,admin.colombia4@jobandtalent.com,CR 12  90  19 P4,5088150,A,60,BOGOTÁ D.C.,7820.0,Actividades de empresas de servicios temporales.,Activo,,,,,,J,Examen de Ingreso,999.0,Varios,C,Subcontratos,Un,unidad,ACTIVO,NO,3.0,NO,NO,0.0,0.0,775862.07,19.0,923275.8633,4054.0,14002,PRELIMINARES,Examen Medico,1.0,5000000.0,0,,und,0,SI,SI,NO,NO,SI,NO,
174,PDA PRELIMINARES,05 OBRAS PRELIMINARES,ADPRO,En ejecucion,SI,SIN PROPIETARIO,174,PDA PRELIMINARES,25.0,PDA GENERALES NO ASIGNADOS,5032010,PDA GG NO ASIGNADOS,NO,Principal,GRUPOS,1740267,REEMBOLSO POR EXAMENES MEDICOS DE INGRESO PERSONAL A OBRA,ACTA DE OBRA,2016-06-28,RENE ALEJANDRO MELO JIMENEZ,28/06/2016,30/12/2016,9.0,9.0,120150.0,0.0,1081350.0,1823550.0,1823550.0,5,120150.0,120150.0,Abierto,R,Pagos Sin Retenciones,OUTSOURCING Y TEMPORALES S.A.S. SIGLA OTEM S.A.S.,830091033,,admin.colombia4@jobandtalent.com,CR 12  90  19 P4,5088150,A,60,BOGOTÁ D.C.,7820.0,Actividades de empresas de servicios temporales.,Activo,,,,,,J,Examen de Ingreso,999.0,Varios,C,Subcontratos,Un,unidad,ACTIVO,NO,3.0,NO,NO,0.0,0.0,775862.07,19.0,923275.8633,4054.0,14002,PRELIMINARES,Examen Medico,1.0,5000000.0,0,,und,0,SI,SI,NO,NO,SI,NO,
174,PDA PRELIMINARES,05 OBRAS PRELIMINARES,ADPRO,En ejecucion,SI,SIN PROPIETARIO,174,PDA PRELIMINARES,25.0,PDA GENERALES NO ASIGNADOS,5032010,PDA GG NO ASIGNADOS,NO,Principal,GRUPOS,1740267,REEMBOLSO POR EXAMENES MEDICOS DE INGRESO PERSONAL A OBRA,ACTA DE OBRA,2016-06-28,RENE ALEJANDRO MELO JIMENEZ,28/06/2016,30/12/2016,6.0,6.0,18700.0,0.0,112200.0,1823550.0,1823550.0,8,18700.0,18700.0,Abierto,R,Pagos Sin Retenciones,OUTSOURCING Y TEMPORALES S.A.S. SIGLA OTEM S.A.S.,830091033,,admin.colombia4@jobandtalent.com,CR 12  90  19 P4,5088150,A,60,BOGOTÁ D.C.,7820.0,Actividades de empresas de servicios temporales.,Activo,,,,,,J,Examen de Ingreso,999.0,Varios,C,Subcontratos,Un,unidad,ACTIVO,NO,3.0,NO,NO,0.0,0.0,775862.07,19.0,923275.8633,4054.0,14002,PRELIMINARES,Examen Medico,1.0,5000000.0,0,,und,0,SI,SI,NO,NO,SI,NO,
174,PDA PRELIMINARES,05 OBRAS PRELIMINARES,ADPRO,En ejecucion,SI,SIN PROPIETARIO,174,PDA PRELIMINARES,25.0,PDA GENERALES NO ASIGNADOS,5032010,PDA GG NO ASIGNADOS,NO,Principal,GRUPOS,1740270,REEMBOLSO POR EXAMENES MEDICOS DE INGRESO PERSONAL A OBRA,ACTA DE OBRA,2016-09-02,RENE ALEJANDRO MELO JIMENEZ,02/09/2016,01/10/2016,2.0,2.0,18700.0,0.0,37400.0,838700.0,838700.0,8,18700.0,18700.0,Abierto,R,Pagos Sin Retenciones,OUTSOURCING Y TEMPORALES S.A.S. SIGLA OTEM S.A.S.,830091033,,admin.colombia4@jobandtalent.com,CR 12  90  19 P4,5088150,A,60,BOGOTÁ D.C.,7820.0,Actividades de empresas de servicios temporales.,Activo,,,,,,J,Examen de Ingreso,999.0,Varios,C,Subcontratos,Un,unidad,ACTIVO,NO,3.0,NO,NO,0.0,0.0,775862.07,19.0,923275.8633,4054.0,14002,PRELIMINARES,Examen Medico,1.0,5000000.0,0,,und,0,SI,SI,NO,NO,SI,NO,
174,PDA PRELIMINARES,05 OBRAS PRELIMINARES,ADPRO,En ejecucion,SI,SIN PROPIETARIO,174,PDA PRELIMINARES,25.0,PDA GENERALES NO ASIGNADOS,5032010,PDA GG NO ASIGNADOS,NO,Principal,GRUPOS,1740258,CONSTRUCCION CARRETEABLE CLUB HOUSE,ACTAS QUINCENALES,2016-02-01,NATHALIA CAROLINA MORENO ORDOÑEZ,31/01/2016,18/08/2016,112.0,112.0,34145.1068,260.1532,3853389.12,13898761.0775,14004656.4,2,34405.26,34405.26,Abierto,B,Civil Mano de Obra,G Y R CONSTRUCCIONES S.A.S.,900337949,,gyrconstrucciones01@hotmail.com,CL 69  A  75 62  OF 201,3132104391,A,30,BOGOTÁ D.C.,4290.0,Construcción de otras obras de ingeniería civil.,Activo,,,,,,J,Recebo Comun B-200,319.0,Concretos Morteros Agregados,C,Subcontratos,m3,metro cubico,ACTIVO,NO,0.0,NO,NO,0.0,0.0,30103.3613,19.0,35823.0,2369.0,6008,PRELIMINARES,Mantenimieto Carreteables Lote E,1.0,20000000.0,0,,Sg,0,SI,SI,NO,NO,SI,NO,
174,PDA PRELIMINARES,05 OBRAS PRELIMINARES,ADPRO,En ejecucion,SI,SIN PROPIETARIO,174,PDA PRELIMINARES,25.0,PDA GENERALES NO ASIGNADOS,5032010,PDA GG NO ASIGNADOS,NO,Principal,GRUPOS,1740258,CONSTRUCCION CARRETEABLE CLUB HOUSE,ACTAS QUINCENALES,2016-02-01,NATHALIA CAROLINA MORENO ORDOÑEZ,31/01/2016,18/08/2016,232.8,232.8,43275.3828,329.7172,10151267.28,13898761.0775,14004656.4,1,43605.1,43605.1,Abierto,B,Civil Mano de Obra,G Y R CONSTRUCCIONES S.A.S.,900337949,,gyrconstrucciones01@hotmail.com,CL 69  A  75 62  OF 201,3132104391,A,30,BOGOTÁ D.C.,4290.0,Construcción de otras obras de ingeniería civil.,Activo,,,,,,J,Rajon,319.0,Concretos Morteros Agregados,C,Subcontratos,m3,metro cubico,ACTIVO,NO,0.0,NO,NO,0.0,0.0,52236.9748,19.0,62162.0,2366.0,6008,PRELIMINARES,Mantenimieto Carreteables Lote E,1.0,20000000.0,0,,Sg,0,SI,SI,NO,NO,SI,NO,
250,PDA EDIFICIOS Y DOTACION COMUNAL ETAPA 5,08 EDIFICACIONES Y DOTACION COMUN,ADPRO,En ejecucion,SI,SIN PROPIETARIO,250,PDA EDIFICIOS Y DOTACION COMUNAL ETAPA 5,40.0,PDA EDIFICIOS Y DOTACION COMUNAL,5031015,PDA URBANISMO,NO,Principal,GRUPOS,2500002,"CONSTRUCCION CIMENTACION Y ESTRUCTURA PORTERIA, CUARTO BASURAS, SALON COMUNAL",Actas de Obra Quincenales,2016-03-29,RENE ALEJANDRO MELO JIMENEZ,29/03/2016,30/09/2016,0.49,0.49,18692.3661,130.03385,9222.976,68280478.7949,68755473.42997,25,18822.4,18822.4,Abierto,B,Civil Mano de Obra,P Y M CONSTRUCCIONES S.A.S,900721897,,SEGUNDO.MORANTES@hotmail.com,CR 102 129 50,6925791,A,0,BOGOTÁ D.C.,4111.0,Construcción de edificios residenciales.,Activo,,,,,,J,Mdo Placa Tapa Inspeccion e=6cm,345.0,Mano Obra Obras Urbanismo,O,MdeO Contratista,m2,metro cuadrado,ACTIVO,NO,3.0,NO,NO,0.0,0.0,21551.72,19.0,25646.5468,4831.0,4020,TANQUE DE AGUA,Placa Tapa Inspeccion 3000 PSI e=6cm    ,1.0,45160.9596,0,,m2,0,SI,SI,NO,NO,SI,NO,
250,PDA EDIFICIOS Y DOTACION COMUNAL ETAPA 5,08 EDIFICACIONES Y DOTACION COMUN,ADPRO,En ejecucion,SI,SIN PROPIETARIO,250,PDA EDIFICIOS Y DOTACION COMUNAL ETAPA 5,40.0,PDA EDIFICIOS Y DOTACION COMUNAL,5031015,PDA URBANISMO,NO,Principal,GRUPOS,2500027,"SISTEMA DE CONTROL DE ACCESO, SEGURIDAD CCTV Y CERCA ELECTRICA KATIOS",Actas de Obra Quincenales,2016-11-30,RENE ALEJANDRO MELO JIMENEZ,01/12/2016,15/09/2017,1.0,1.0,49000.0,9310.0,58310.0,220525028.6145,262424784.0513,53,58310.0,58310.0,Abierto,C1,Suministro Instalacion,YM SEGURIDAD CONTROL Y DISEÑO SAS,900370722,,ymseguridadcontrolydiseño@hotmail.com,CL 5 C  69 B  13,4977725,A,30,BOGOTÁ D.C.,4659.0,Comercio al por mayor de otros tipos de maquinaria y equipo n.c.p.,Activo,,,,,,J,Cable UTP Cat 6,332.0,Internas Electricas y Comunicaciones,M,Materiales,m,metro,ACTIVO,NO,3.0,NO,NO,0.0,0.0,2200.0,19.0,2618.0,8757.0,25012,CUARTO CONTROL,Cuarto de Control,1.0,30000000.0,0,,und,0,SI,SI,NO,NO,SI,NO,
250,PDA EDIFICIOS Y DOTACION COMUNAL ETAPA 5,08 EDIFICACIONES Y DOTACION COMUN,ADPRO,En ejecucion,SI,SIN PROPIETARIO,250,PDA EDIFICIOS Y DOTACION COMUNAL ETAPA 5,40.0,PDA EDIFICIOS Y DOTACION COMUNAL,5031015,PDA URBANISMO,NO,Principal,GRUPOS,2500027,"SISTEMA DE CONTROL DE ACCESO, SEGURIDAD CCTV Y CERCA ELECTRICA KATIOS",Actas de Obra Quincenales,2016-11-30,RENE ALEJANDRO MELO JIMENEZ,01/12/2016,15/09/2017,1.0,1.0,74000.0,14060.0,88060.0,220525028.6145,262424784.0513,52,88060.0,88060.0,Abierto,C1,Suministro Instalacion,YM SEGURIDAD CONTROL Y DISEÑO SAS,900370722,,ymseguridadcontrolydiseño@hotmail.com,CL 5 C  69 B  13,4977725,A,30,BOGOTÁ D.C.,4659.0,Comercio al por mayor de otros tipos de maquinaria y equipo n.c.p.,Activo,,,,,,J,Cable UTP  Nivel 6  Nex Network,322.0,Equipos Dotación,M,Materiales,m,metro,ACTIVO,NO,3.0,NO,NO,0.0,0.0,2150.0,19.0,2558.5,8471.0,25012,CUARTO CONTROL,Cuarto de Control,1.0,30000000.0,0,,und,0,SI,SI,NO,NO,SI,NO,
250,PDA EDIFICIOS Y DOTACION COMUNAL ETAPA 5,08 EDIFICACIONES Y DOTACION COMUN,ADPRO,En ejecucion,SI,SIN PROPIETARIO,250,PDA EDIFICIOS Y DOTACION COMUNAL ETAPA 5,40.0,PDA EDIFICIOS Y DOTACION COMUNAL,5031015,PDA URBANISMO,NO,Principal,GRUPOS,2500027,"SISTEMA DE CONTROL DE ACCESO, SEGURIDAD CCTV Y CERCA ELECTRICA KATIOS",Actas de Obra Quincenales,2016-11-30,RENE ALEJANDRO MELO JIMENEZ,01/12/2016,15/09/2017,1.0,1.0,165000.0,31350.0,196350.0,220525028.6145,262424784.0513,54,196350.0,196350.0,Abierto,C1,Suministro Instalacion,YM SEGURIDAD CONTROL Y DISEÑO SAS,900370722,,ymseguridadcontrolydiseño@hotmail.com,CL 5 C  69 B  13,4977725,A,30,BOGOTÁ D.C.,4659.0,Comercio al por mayor de otros tipos de maquinaria y equipo n.c.p.,Activo,,,,,,J,Extension cable Duplex N 12,323.0,Ferreteria Herramientas,M,Materiales,m,metro,ACTIVO,NO,3.0,NO,NO,0.0,0.0,711.21,19.0,846.3399,8482.0,25012,CUARTO CONTROL,Cuarto de Control,1.0,30000000.0,0,,und,0,SI,SI,NO,NO,SI,NO,
419,PDA CLUB HOUSE,08 EDIFICACIONES Y DOTACION COMUN,ADPRO,En ejecucion,SI,SIN PROPIETARIO,419,PDA CLUB HOUSE,40.0,PDA EDIFICIOS Y DOTACION COMUNAL,5031015,PDA URBANISMO,NO,Principal,GRUPOS,4190007,"SUMINISTRO EQUIPOS PARA PISCINA, SAUNA, TURCO Y SISTEMA DE CALEFACCION","Anticipo 20% , saldo en actas de Obra",2016-01-15,RENE ALEJANDRO MELO JIMENEZ,25/01/2016,30/06/2017,1.0,1.0,829500.0,157605.0,987105.0,56493400.0,67227146.0,3,987105.0,987105.0,Abierto,C,Suministro,AQUACTIVA S.A.S.,900349384,,contabilidad@aquactiva.com.co,CL 127 B BIS  46  45,8132253,A,30,BOGOTÁ D.C.,4290.0,Construcción de otras obras de ingeniería civil.,Activo,,,,,,J,Equipo,322.0,Equipos Dotación,M,Materiales,Un,unidad,ACTIVO,NO,3.0,NO,NO,0.0,0.0,8620.69,19.0,10258.6211,4049.0,23010,PDA CLUB HOUSE,Dotacion Seguridad Zona Piscinas,1.0,10799250.0,0,,gl,0,SI,SI,NO,NO,SI,NO,
419,PDA CLUB HOUSE,08 EDIFICACIONES Y DOTACION COMUN,ADPRO,En ejecucion,SI,SIN PROPIETARIO,419,PDA CLUB HOUSE,40.0,PDA EDIFICIOS Y DOTACION COMUNAL,5031015,PDA URBANISMO,NO,Principal,GRUPOS,4190007,"SUMINISTRO EQUIPOS PARA PISCINA, SAUNA, TURCO Y SISTEMA DE CALEFACCION","Anticipo 20% , saldo en actas de Obra",2016-01-15,RENE ALEJANDRO MELO JIMENEZ,25/01/2016,30/06/2017,1.0,1.0,13268500.0,2521015.0,15789515.0,56493400.0,67227146.0,6,15789515.0,15789515.0,Abierto,C,Suministro,AQUACTIVA S.A.S.,900349384,,contabilidad@aquactiva.com.co,CL 127 B BIS  46  45,8132253,A,30,BOGOTÁ D.C.,4290.0,Construcción de otras obras de ingeniería civil.,Activo,,,,,,J,Equipo,322.0,Equipos Dotación,M,Materiales,Un,unidad,ACTIVO,NO,3.0,NO,NO,0.0,0.0,8620.69,19.0,10258.6211,4049.0,23005,PDA CLUB HOUSE,Equipo Calefaccion,1.0,115703500.0,0,,gl,0,SI,SI,NO,NO,SI,NO,
419,PDA CLUB HOUSE,08 EDIFICACIONES Y DOTACION COMUN,ADPRO,En ejecucion,SI,SIN PROPIETARIO,419,PDA CLUB HOUSE,40.0,PDA EDIFICIOS Y DOTACION COMUNAL,5031015,PDA URBANISMO,NO,Principal,GRUPOS,4190007,"SUMINISTRO EQUIPOS PARA PISCINA, SAUNA, TURCO Y SISTEMA DE CALEFACCION","Anticipo 20% , saldo en actas de Obra",2016-01-15,RENE ALEJANDRO MELO JIMENEZ,25/01/2016,30/06/2017,1.0,1.0,12108500.0,2300615.0,14409115.0,56493400.0,67227146.0,7,14409115.0,14409115.0,Abierto,C,Suministro,AQUACTIVA S.A.S.,900349384,,contabilidad@aquactiva.com.co,CL 127 B BIS  46  45,8132253,A,30,BOGOTÁ D.C.,4290.0,Construcción de otras obras de ingeniería civil.,Activo,,,,,,J,Equipo,322.0,Equipos Dotación,M,Materiales,Un,unidad,ACTIVO,NO,3.0,NO,NO,0.0,0.0,8620.69,19.0,10258.6211,4049.0,23005,PDA CLUB HOUSE,Equipo Calefaccion,1.0,115703500.0,0,,gl,0,SI,SI,NO,NO,SI,NO,
419,PDA CLUB HOUSE,08 EDIFICACIONES Y DOTACION COMUN,ADPRO,En ejecucion,SI,SIN PROPIETARIO,419,PDA CLUB HOUSE,40.0,PDA EDIFICIOS Y DOTACION COMUNAL,5031015,PDA URBANISMO,NO,Principal,GRUPOS,4190008,"INSTALACION EQUIPOS PARA PISCINA, SAUNA, TURCO Y SISTEMA DE CALEFACCION",Actas de Obra Quincenales,2016-01-15,RENE ALEJANDRO MELO JIMENEZ,25/01/2016,30/06/2017,1.0,1.0,10737682.7586,2040159.72413,12777842.4827,72757741.3795,86581712.24155,15,12777842.4827,12777842.4827,Abierto,C4,Instalacion,AQUACTIVA S.A.S.,900349384,,contabilidad@aquactiva.com.co,CL 127 B BIS  46  45,8132253,A,30,BOGOTÁ D.C.,4290.0,Construcción de otras obras de ingeniería civil.,Activo,,,,,,J,Instalacion Equipo,322.0,Equipos Dotación,C,Subcontratos,Un,unidad,ACTIVO,NO,3.0,NO,NO,0.0,0.0,20587000.0,19.0,24498530.0,5005.0,23005,PDA CLUB HOUSE,Equipo Calefaccion,1.0,115703500.0,0,,gl,0,SI,SI,NO,NO,SI,NO,
250,PDA EDIFICIOS Y DOTACION COMUNAL ETAPA 5,08 EDIFICACIONES Y DOTACION COMUN,ADPRO,En ejecucion,SI,SIN PROPIETARIO,250,PDA EDIFICIOS Y DOTACION COMUNAL ETAPA 5,40.0,PDA EDIFICIOS Y DOTACION COMUNAL,5031015,PDA URBANISMO,NO,Principal,GRUPOS,2500027,"SISTEMA DE CONTROL DE ACCESO, SEGURIDAD CCTV Y CERCA ELECTRICA KATIOS",Actas de Obra Quincenales,2016-11-30,RENE ALEJANDRO MELO JIMENEZ,01/12/2016,15/09/2017,1.0,1.0,813792.0,154620.48,968412.48,220525028.6145,262424784.0513,37,968412.48,968412.48,Abierto,C1,Suministro Instalacion,YM SEGURIDAD CONTROL Y DISEÑO SAS,900370722,,ymseguridadcontrolydiseño@hotmail.com,CL 5 C  69 B  13,4977725,A,30,BOGOTÁ D.C.,4659.0,Comercio al por mayor de otros tipos de maquinaria y equipo n.c.p.,Activo,,,,,,J,Switch de 8 puertos 10/100/1000,322.0,Equipos Dotación,C,Subcontratos,Un,unidad,ACTIVO,NO,3.0,NO,NO,0.0,0.0,1293103.45,19.0,1538793.1055,8474.0,25012,CUARTO CONTROL,Cuarto de Control,1.0,30000000.0,0,,und,0,SI,SI,NO,NO,SI,NO,
250,PDA EDIFICIOS Y DOTACION COMUNAL ETAPA 5,08 EDIFICACIONES Y DOTACION COMUN,ADPRO,En ejecucion,SI,SIN PROPIETARIO,250,PDA EDIFICIOS Y DOTACION COMUNAL ETAPA 5,40.0,PDA EDIFICIOS Y DOTACION COMUNAL,5031015,PDA URBANISMO,NO,Principal,GRUPOS,2500027,"SISTEMA DE CONTROL DE ACCESO, SEGURIDAD CCTV Y CERCA ELECTRICA KATIOS",Actas de Obra Quincenales,2016-11-30,RENE ALEJANDRO MELO JIMENEZ,01/12/2016,15/09/2017,1.0,1.0,7644000.0,1452360.0,9096360.0,220525028.6145,262424784.0513,27,9096360.0,9096360.0,Abierto,C1,Suministro Instalacion,YM SEGURIDAD CONTROL Y DISEÑO SAS,900370722,,ymseguridadcontrolydiseño@hotmail.com,CL 5 C  69 B  13,4977725,A,30,BOGOTÁ D.C.,4659.0,Comercio al por mayor de otros tipos de maquinaria y equipo n.c.p.,Activo,,,,,,J,Antena Receptora,322.0,Equipos Dotación,C,Subcontratos,Un,unidad,ACTIVO,NO,3.0,NO,NO,0.0,0.0,8122348.0,19.0,9665594.12,8470.0,25012,CUARTO CONTROL,Cuarto de Control,1.0,30000000.0,0,,und,0,SI,SI,NO,NO,SI,NO,
250,PDA EDIFICIOS Y DOTACION COMUNAL ETAPA 5,08 EDIFICACIONES Y DOTACION COMUN,ADPRO,En ejecucion,SI,SIN PROPIETARIO,250,PDA EDIFICIOS Y DOTACION COMUNAL ETAPA 5,40.0,PDA EDIFICIOS Y DOTACION COMUNAL,5031015,PDA URBANISMO,NO,Principal,GRUPOS,2500027,"SISTEMA DE CONTROL DE ACCESO, SEGURIDAD CCTV Y CERCA ELECTRICA KATIOS",Actas de Obra Quincenales,2016-11-30,RENE ALEJANDRO MELO JIMENEZ,01/12/2016,15/09/2017,1.0,1.0,611520.0,116188.8,727708.8,220525028.6145,262424784.0513,45,727708.8,727708.8,Abierto,C1,Suministro Instalacion,YM SEGURIDAD CONTROL Y DISEÑO SAS,900370722,,ymseguridadcontrolydiseño@hotmail.com,CL 5 C  69 B  13,4977725,A,30,BOGOTÁ D.C.,4659.0,Comercio al por mayor de otros tipos de maquinaria y equipo n.c.p.,Activo,,,,,,J,Gabinete de Piso,338.0,Sistemas CCTV,C,Subcontratos,Un,unidad,ACTIVO,NO,3.0,NO,NO,0.0,0.0,1256000.0,19.0,1494640.0,7426.0,25012,CUARTO CONTROL,Cuarto de Control,1.0,30000000.0,0,,und,0,SI,SI,NO,NO,SI,NO,
250,PDA EDIFICIOS Y DOTACION COMUNAL ETAPA 5,08 EDIFICACIONES Y DOTACION COMUN,ADPRO,En ejecucion,SI,SIN PROPIETARIO,250,PDA EDIFICIOS Y DOTACION COMUNAL ETAPA 5,40.0,PDA EDIFICIOS Y DOTACION COMUNAL,5031015,PDA URBANISMO,NO,Principal,GRUPOS,2500027,"SISTEMA DE CONTROL DE ACCESO, SEGURIDAD CCTV Y CERCA ELECTRICA KATIOS",Actas de Obra Quincenales,2016-11-30,RENE ALEJANDRO MELO JIMENEZ,01/12/2016,15/09/2017,1.0,1.0,456288.0,86694.72,542982.72,220525028.6145,262424784.0513,35,542982.72,542982.72,Abierto,C1,Suministro Instalacion,YM SEGURIDAD CONTROL Y DISEÑO SAS,900370722,,ymseguridadcontrolydiseño@hotmail.com,CL 5 C  69 B  13,4977725,A,30,BOGOTÁ D.C.,4659.0,Comercio al por mayor de otros tipos de maquinaria y equipo n.c.p.,Activo,,,,,,J,Patch Panel de 24 Puertos Cat 6,322.0,Equipos Dotación,C,Subcontratos,Un,unidad,ACTIVO,NO,3.0,NO,NO,0.0,0.0,415400.0,19.0,494326.0,8472.0,25012,CUARTO CONTROL,Cuarto de Control,1.0,30000000.0,0,,und,0,SI,SI,NO,NO,SI,NO,
250,PDA EDIFICIOS Y DOTACION COMUNAL ETAPA 5,08 EDIFICACIONES Y DOTACION COMUN,ADPRO,En ejecucion,SI,SIN PROPIETARIO,250,PDA EDIFICIOS Y DOTACION COMUNAL ETAPA 5,40.0,PDA EDIFICIOS Y DOTACION COMUNAL,5031015,PDA URBANISMO,NO,Principal,GRUPOS,2500027,"SISTEMA DE CONTROL DE ACCESO, SEGURIDAD CCTV Y CERCA ELECTRICA KATIOS",Actas de Obra Quincenales,2016-11-30,RENE ALEJANDRO MELO JIMENEZ,01/12/2016,15/09/2017,1.0,1.0,1728000.0,328320.0,2056320.0,220525028.6145,262424784.0513,40,2056320.0,2056320.0,Abierto,C1,Suministro Instalacion,YM SEGURIDAD CONTROL Y DISEÑO SAS,900370722,,ymseguridadcontrolydiseño@hotmail.com,CL 5 C  69 B  13,4977725,A,30,BOGOTÁ D.C.,4659.0,Comercio al por mayor de otros tipos de maquinaria y equipo n.c.p.,Activo,,,,,,J,Computador,999.0,Varios,M,Materiales,Un,unidad,ACTIVO,NO,3.0,NO,NO,0.0,0.0,1637931.03,19.0,1949137.9257,4043.0,25012,CUARTO CONTROL,Cuarto de Control,1.0,30000000.0,0,,und,0,SI,SI,NO,NO,SI,NO,
250,PDA EDIFICIOS Y DOTACION COMUNAL ETAPA 5,08 EDIFICACIONES Y DOTACION COMUN,ADPRO,En ejecucion,SI,SIN PROPIETARIO,250,PDA EDIFICIOS Y DOTACION COMUNAL ETAPA 5,40.0,PDA EDIFICIOS Y DOTACION COMUNAL,5031015,PDA URBANISMO,NO,Principal,GRUPOS,2500027,"SISTEMA DE CONTROL DE ACCESO, SEGURIDAD CCTV Y CERCA ELECTRICA KATIOS",Actas de Obra Quincenales,2016-11-30,RENE ALEJANDRO MELO JIMENEZ,01/12/2016,15/09/2017,1.0,1.0,2408448.0,457605.12,2866053.12,220525028.6145,262424784.0513,36,2866053.12,2866053.12,Abierto,C1,Suministro Instalacion,YM SEGURIDAD CONTROL Y DISEÑO SAS,900370722,,ymseguridadcontrolydiseño@hotmail.com,CL 5 C  69 B  13,4977725,A,30,BOGOTÁ D.C.,4659.0,Comercio al por mayor de otros tipos de maquinaria y equipo n.c.p.,Activo,,,,,,J,Switch de 24 puertos 10/100/1000,322.0,Equipos Dotación,C,Subcontratos,Un,unidad,ACTIVO,NO,3.0,NO,NO,0.0,0.0,2368000.0,19.0,2817920.0,8473.0,25012,CUARTO CONTROL,Cuarto de Control,1.0,30000000.0,0,,und,0,SI,SI,NO,NO,SI,NO,
250,PDA EDIFICIOS Y DOTACION COMUNAL ETAPA 5,08 EDIFICACIONES Y DOTACION COMUN,ADPRO,En ejecucion,SI,SIN PROPIETARIO,250,PDA EDIFICIOS Y DOTACION COMUNAL ETAPA 5,40.0,PDA EDIFICIOS Y DOTACION COMUNAL,5031015,PDA URBANISMO,NO,Principal,GRUPOS,2500027,"SISTEMA DE CONTROL DE ACCESO, SEGURIDAD CCTV Y CERCA ELECTRICA KATIOS",Actas de Obra Quincenales,2016-11-30,RENE ALEJANDRO MELO JIMENEZ,01/12/2016,15/09/2017,1.0,1.0,7644000.0,1452360.0,9096360.0,220525028.6145,262424784.0513,28,9096360.0,9096360.0,Abierto,C1,Suministro Instalacion,YM SEGURIDAD CONTROL Y DISEÑO SAS,900370722,,ymseguridadcontrolydiseño@hotmail.com,CL 5 C  69 B  13,4977725,A,30,BOGOTÁ D.C.,4659.0,Comercio al por mayor de otros tipos de maquinaria y equipo n.c.p.,Activo,,,,,,J,Antena Receptora,322.0,Equipos Dotación,C,Subcontratos,Un,unidad,ACTIVO,NO,3.0,NO,NO,0.0,0.0,8122348.0,19.0,9665594.12,8470.0,25012,CUARTO CONTROL,Cuarto de Control,1.0,30000000.0,0,,und,0,SI,SI,NO,NO,SI,NO,
419,PDA CLUB HOUSE,08 EDIFICACIONES Y DOTACION COMUN,ADPRO,En ejecucion,SI,SIN PROPIETARIO,419,PDA CLUB HOUSE,40.0,PDA EDIFICIOS Y DOTACION COMUNAL,5031015,PDA URBANISMO,NO,Principal,GRUPOS,4190012,SUMINISTRO E INSTALACION ASCENSOR PANORAMICO,Segun Acuerdo de Pagos,2016-04-06,RENE ALEJANDRO MELO JIMENEZ,18/04/2016,30/05/2017,1.0,1.0,5500000.0,1045000.0,6545000.0,96236000.0,114520840.0,2,6545000.0,6545000.0,Abierto,C6,Suministro e Instalacion con pago Anticipado,SMART MOTION S.A.S,900661724,,juanmaldonado@smartmotion.com.co,CR 65 A  5 A  10,5643381,A,0,BOGOTÁ D.C.,2816.0,Fabricación de equipo de elevación y manipulación.,Activo,,,,,,J,Instalacion Ascensor,346.0,Mano Obra Gris,O,MdeO Contratista,Un,unidad,ACTIVO,NO,3.0,NO,NO,0.0,0.0,15600000.0,19.0,18564000.0,7388.0,23001,PDA CLUB HOUSE,Ascensor Panoramico,1.0,81815300.0,0,,und,0,SI,SI,NO,NO,SI,NO,
419,PDA CLUB HOUSE,08 EDIFICACIONES Y DOTACION COMUN,ADPRO,En ejecucion,SI,SIN PROPIETARIO,419,PDA CLUB HOUSE,40.0,PDA EDIFICIOS Y DOTACION COMUNAL,5031015,PDA URBANISMO,NO,Principal,GRUPOS,4190012,SUMINISTRO E INSTALACION ASCENSOR PANORAMICO,Segun Acuerdo de Pagos,2016-04-06,RENE ALEJANDRO MELO JIMENEZ,18/04/2016,30/05/2017,1.0,1.0,13000000.0,2470000.0,15470000.0,96236000.0,114520840.0,3,15470000.0,15470000.0,Abierto,C6,Suministro e Instalacion con pago Anticipado,SMART MOTION S.A.S,900661724,,juanmaldonado@smartmotion.com.co,CR 65 A  5 A  10,5643381,A,0,BOGOTÁ D.C.,2816.0,Fabricación de equipo de elevación y manipulación.,Activo,,,,,,J,Estructura Autoportante Ascensor,322.0,Equipos Dotación,C,Subcontratos,Un,unidad,ACTIVO,NO,3.0,NO,NO,0.0,0.0,13000000.0,19.0,15470000.0,7991.0,23001,PDA CLUB HOUSE,Ascensor Panoramico,1.0,81815300.0,0,,und,0,SI,SI,NO,NO,SI,NO,
419,PDA CLUB HOUSE,08 EDIFICACIONES Y DOTACION COMUN,ADPRO,En ejecucion,SI,SIN PROPIETARIO,419,PDA CLUB HOUSE,40.0,PDA EDIFICIOS Y DOTACION COMUNAL,5031015,PDA URBANISMO,NO,Principal,GRUPOS,4190012,SUMINISTRO E INSTALACION ASCENSOR PANORAMICO,Segun Acuerdo de Pagos,2016-04-06,RENE ALEJANDRO MELO JIMENEZ,18/04/2016,30/05/2017,1.0,1.0,6000000.0,1140000.0,7140000.0,96236000.0,114520840.0,4,7140000.0,7140000.0,Abierto,C6,Suministro e Instalacion con pago Anticipado,SMART MOTION S.A.S,900661724,,juanmaldonado@smartmotion.com.co,CR 65 A  5 A  10,5643381,A,0,BOGOTÁ D.C.,2816.0,Fabricación de equipo de elevación y manipulación.,Activo,,,,,,J,Ascensor Panoramico 2 Paradas,322.0,Equipos Dotación,C,Subcontratos,Un,unidad,ACTIVO,NO,3.0,NO,NO,0.0,0.0,59771551.72,19.0,71128146.5468,5476.0,23001,PDA CLUB HOUSE,Ascensor Panoramico,1.0,81815300.0,0,,und,0,SI,SI,NO,NO,SI,NO,
419,PDA CLUB HOUSE,08 EDIFICACIONES Y DOTACION COMUN,ADPRO,En ejecucion,SI,SIN PROPIETARIO,419,PDA CLUB HOUSE,40.0,PDA EDIFICIOS Y DOTACION COMUNAL,5031015,PDA URBANISMO,NO,Principal,GRUPOS,4190012,SUMINISTRO E INSTALACION ASCENSOR PANORAMICO,Segun Acuerdo de Pagos,2016-04-06,RENE ALEJANDRO MELO JIMENEZ,18/04/2016,30/05/2017,1.0,1.0,71736000.0,13629840.0,85365840.0,96236000.0,114520840.0,1,85365840.0,85365840.0,Abierto,C6,Suministro e Instalacion con pago Anticipado,SMART MOTION S.A.S,900661724,,juanmaldonado@smartmotion.com.co,CR 65 A  5 A  10,5643381,A,0,BOGOTÁ D.C.,2816.0,Fabricación de equipo de elevación y manipulación.,Activo,,,,,,J,Ascensor Panoramico 2 Paradas,322.0,Equipos Dotación,C,Subcontratos,Un,unidad,ACTIVO,NO,3.0,NO,NO,0.0,0.0,59771551.72,19.0,71128146.5468,5476.0,23001,PDA CLUB HOUSE,Ascensor Panoramico,1.0,81815300.0,0,,und,0,SI,SI,NO,NO,SI,NO,
419,PDA CLUB HOUSE,08 EDIFICACIONES Y DOTACION COMUN,ADPRO,En ejecucion,SI,SIN PROPIETARIO,419,PDA CLUB HOUSE,40.0,PDA EDIFICIOS Y DOTACION COMUNAL,5031015,PDA URBANISMO,NO,Principal,GRUPOS,4190008,"INSTALACION EQUIPOS PARA PISCINA, SAUNA, TURCO Y SISTEMA DE CALEFACCION",Actas de Obra Quincenales,2016-01-15,RENE ALEJANDRO MELO JIMENEZ,25/01/2016,30/06/2017,1.0,1.0,14935000.0,2837650.0,17772650.0,72757741.3795,86581712.24155,2,17772650.0,17772650.0,Abierto,C4,Instalacion,AQUACTIVA S.A.S.,900349384,,contabilidad@aquactiva.com.co,CL 127 B BIS  46  45,8132253,A,30,BOGOTÁ D.C.,4290.0,Construcción de otras obras de ingeniería civil.,Activo,,,,,,J,Redes Servicios,311.0,Actividades Obra,C,Subcontratos,Un,unidad,ACTIVO,NO,0.0,NO,NO,0.0,0.0,8879.31,19.0,10566.3789,2378.0,23002,PDA CLUB HOUSE,Equipos Piscina,1.0,72652250.0,0,,gl,0,SI,SI,NO,NO,SI,NO,
419,PDA CLUB HOUSE,08 EDIFICACIONES Y DOTACION COMUN,ADPRO,En ejecucion,SI,SIN PROPIETARIO,419,PDA CLUB HOUSE,40.0,PDA EDIFICIOS Y DOTACION COMUNAL,5031015,PDA URBANISMO,NO,Principal,GRUPOS,4190008,"INSTALACION EQUIPOS PARA PISCINA, SAUNA, TURCO Y SISTEMA DE CALEFACCION",Actas de Obra Quincenales,2016-01-15,RENE ALEJANDRO MELO JIMENEZ,25/01/2016,30/06/2017,1.0,1.0,15680000.0,2979200.0,18659200.0,72757741.3795,86581712.24155,3,18659200.0,18659200.0,Abierto,C4,Instalacion,AQUACTIVA S.A.S.,900349384,,contabilidad@aquactiva.com.co,CL 127 B BIS  46  45,8132253,A,30,BOGOTÁ D.C.,4290.0,Construcción de otras obras de ingeniería civil.,Activo,,,,,,J,Redes Servicios,311.0,Actividades Obra,C,Subcontratos,Un,unidad,ACTIVO,NO,0.0,NO,NO,0.0,0.0,8879.31,19.0,10566.3789,2378.0,23002,PDA CLUB HOUSE,Equipos Piscina,1.0,72652250.0,0,,gl,0,SI,SI,NO,NO,SI,NO,
250,PDA EDIFICIOS Y DOTACION COMUNAL ETAPA 5,08 EDIFICACIONES Y DOTACION COMUN,ADPRO,En ejecucion,SI,SIN PROPIETARIO,250,PDA EDIFICIOS Y DOTACION COMUNAL ETAPA 5,40.0,PDA EDIFICIOS Y DOTACION COMUNAL,5031015,PDA URBANISMO,NO,Principal,GRUPOS,2500027,"SISTEMA DE CONTROL DE ACCESO, SEGURIDAD CCTV Y CERCA ELECTRICA KATIOS",Actas de Obra Quincenales,2016-11-30,RENE ALEJANDRO MELO JIMENEZ,01/12/2016,15/09/2017,1.0,1.0,3500000.0,665000.0,4165000.0,220525028.6145,262424784.0513,12,4165000.0,4165000.0,Abierto,C1,Suministro Instalacion,YM SEGURIDAD CONTROL Y DISEÑO SAS,900370722,,ymseguridadcontrolydiseño@hotmail.com,CL 5 C  69 B  13,4977725,A,30,BOGOTÁ D.C.,4659.0,Comercio al por mayor de otros tipos de maquinaria y equipo n.c.p.,Activo,,,,,,J,Sistemas CCTV,338.0,Sistemas CCTV,C,Subcontratos,Un,unidad,ACTIVO,NO,3.0,NO,NO,0.0,0.0,1145517.24,19.0,1363165.5156,7493.0,25006,SISTEMAS DE SEGURIDAD,Sistema de Citofonia,1.0,2680952.96,0,,und,0,SI,SI,NO,NO,SI,NO,
250,PDA EDIFICIOS Y DOTACION COMUNAL ETAPA 5,08 EDIFICACIONES Y DOTACION COMUN,ADPRO,En ejecucion,SI,SIN PROPIETARIO,250,PDA EDIFICIOS Y DOTACION COMUNAL ETAPA 5,40.0,PDA EDIFICIOS Y DOTACION COMUNAL,5031015,PDA URBANISMO,NO,Principal,GRUPOS,2500027,"SISTEMA DE CONTROL DE ACCESO, SEGURIDAD CCTV Y CERCA ELECTRICA KATIOS",Actas de Obra Quincenales,2016-11-30,RENE ALEJANDRO MELO JIMENEZ,01/12/2016,15/09/2017,1.0,1.0,2500000.0,475000.0,2975000.0,220525028.6145,262424784.0513,11,2975000.0,2975000.0,Abierto,C1,Suministro Instalacion,YM SEGURIDAD CONTROL Y DISEÑO SAS,900370722,,ymseguridadcontrolydiseño@hotmail.com,CL 5 C  69 B  13,4977725,A,30,BOGOTÁ D.C.,4659.0,Comercio al por mayor de otros tipos de maquinaria y equipo n.c.p.,Activo,,,,,,J,Sistema Control De Acceso,322.0,Equipos Dotación,C,Subcontratos,Un,unidad,ACTIVO,NO,3.0,NO,NO,0.0,0.0,3500000.0,19.0,4165000.0,8461.0,25006,SISTEMAS DE SEGURIDAD,Sistema de Citofonia,1.0,2680952.96,0,,und,0,SI,SI,NO,NO,SI,NO,
419,PDA CLUB HOUSE,08 EDIFICACIONES Y DOTACION COMUN,ADPRO,En ejecucion,SI,SIN PROPIETARIO,419,PDA CLUB HOUSE,40.0,PDA EDIFICIOS Y DOTACION COMUNAL,5031015,PDA URBANISMO,NO,Principal,GRUPOS,4190008,"INSTALACION EQUIPOS PARA PISCINA, SAUNA, TURCO Y SISTEMA DE CALEFACCION",Actas de Obra Quincenales,2016-01-15,RENE ALEJANDRO MELO JIMENEZ,25/01/2016,30/06/2017,1.0,1.0,11262317.2414,2139840.27587,13402157.5173,72757741.3795,86581712.24155,1,13402157.5173,13402157.5173,Abierto,C4,Instalacion,AQUACTIVA S.A.S.,900349384,,contabilidad@aquactiva.com.co,CL 127 B BIS  46  45,8132253,A,30,BOGOTÁ D.C.,4290.0,Construcción de otras obras de ingeniería civil.,Activo,,,,,,J,Instalacion Equipo,322.0,Equipos Dotación,C,Subcontratos,Un,unidad,ACTIVO,NO,3.0,NO,NO,0.0,0.0,20587000.0,19.0,24498530.0,5005.0,23002,PDA CLUB HOUSE,Equipos Piscina,1.0,72652250.0,0,,gl,0,SI,SI,NO,NO,SI,NO,
419,PDA CLUB HOUSE,08 EDIFICACIONES Y DOTACION COMUN,ADPRO,En ejecucion,SI,SIN PROPIETARIO,419,PDA CLUB HOUSE,40.0,PDA EDIFICIOS Y DOTACION COMUNAL,5031015,PDA URBANISMO,NO,Principal,GRUPOS,4190007,"SUMINISTRO EQUIPOS PARA PISCINA, SAUNA, TURCO Y SISTEMA DE CALEFACCION","Anticipo 20% , saldo en actas de Obra",2016-01-15,RENE ALEJANDRO MELO JIMENEZ,25/01/2016,30/06/2017,1.0,1.0,21339200.0,4054448.0,25393648.0,56493400.0,67227146.0,1,25393648.0,25393648.0,Abierto,C,Suministro,AQUACTIVA S.A.S.,900349384,,contabilidad@aquactiva.com.co,CL 127 B BIS  46  45,8132253,A,30,BOGOTÁ D.C.,4290.0,Construcción de otras obras de ingeniería civil.,Activo,,,,,,J,Equipo,322.0,Equipos Dotación,M,Materiales,Un,unidad,ACTIVO,NO,3.0,NO,NO,0.0,0.0,8620.69,19.0,10258.6211,4049.0,23002,PDA CLUB HOUSE,Equipos Piscina,1.0,72652250.0,0,,gl,0,SI,SI,NO,NO,SI,NO,
419,PDA CLUB HOUSE,08 EDIFICACIONES Y DOTACION COMUN,ADPRO,En ejecucion,SI,SIN PROPIETARIO,419,PDA CLUB HOUSE,40.0,PDA EDIFICIOS Y DOTACION COMUNAL,5031015,PDA URBANISMO,NO,Principal,GRUPOS,4190007,"SUMINISTRO EQUIPOS PARA PISCINA, SAUNA, TURCO Y SISTEMA DE CALEFACCION","Anticipo 20% , saldo en actas de Obra",2016-01-15,RENE ALEJANDRO MELO JIMENEZ,25/01/2016,30/06/2017,1.0,1.0,5277700.0,1002763.0,6280463.0,56493400.0,67227146.0,2,6280463.0,6280463.0,Abierto,C,Suministro,AQUACTIVA S.A.S.,900349384,,contabilidad@aquactiva.com.co,CL 127 B BIS  46  45,8132253,A,30,BOGOTÁ D.C.,4290.0,Construcción de otras obras de ingeniería civil.,Activo,,,,,,J,Equipo,322.0,Equipos Dotación,M,Materiales,Un,unidad,ACTIVO,NO,3.0,NO,NO,0.0,0.0,8620.69,19.0,10258.6211,4049.0,23002,PDA CLUB HOUSE,Equipos Piscina,1.0,72652250.0,0,,gl,0,SI,SI,NO,NO,SI,NO,
419,PDA CLUB HOUSE,08 EDIFICACIONES Y DOTACION COMUN,ADPRO,En ejecucion,SI,SIN PROPIETARIO,419,PDA CLUB HOUSE,40.0,PDA EDIFICIOS Y DOTACION COMUNAL,5031015,PDA URBANISMO,NO,Principal,GRUPOS,4190007,"SUMINISTRO EQUIPOS PARA PISCINA, SAUNA, TURCO Y SISTEMA DE CALEFACCION","Anticipo 20% , saldo en actas de Obra",2016-01-15,RENE ALEJANDRO MELO JIMENEZ,25/01/2016,30/06/2017,1.0,1.0,1890000.0,359100.0,2249100.0,56493400.0,67227146.0,8,2249100.0,2249100.0,Abierto,C,Suministro,AQUACTIVA S.A.S.,900349384,,contabilidad@aquactiva.com.co,CL 127 B BIS  46  45,8132253,A,30,BOGOTÁ D.C.,4290.0,Construcción de otras obras de ingeniería civil.,Activo,,,,,,J,Motobomba 2 HP con Trampa,322.0,Equipos Dotación,M,Materiales,Un,unidad,ACTIVO,NO,3.0,NO,NO,0.0,0.0,3017241.38,19.0,3590517.2422,7902.0,23002,PDA CLUB HOUSE,Equipos Piscina,1.0,72652250.0,0,,gl,0,SI,SI,NO,NO,SI,NO,
419,PDA CLUB HOUSE,08 EDIFICACIONES Y DOTACION COMUN,ADPRO,En ejecucion,SI,SIN PROPIETARIO,419,PDA CLUB HOUSE,40.0,PDA EDIFICIOS Y DOTACION COMUNAL,5031015,PDA URBANISMO,NO,Principal,GRUPOS,4190007,"SUMINISTRO EQUIPOS PARA PISCINA, SAUNA, TURCO Y SISTEMA DE CALEFACCION","Anticipo 20% , saldo en actas de Obra",2016-01-15,RENE ALEJANDRO MELO JIMENEZ,25/01/2016,30/06/2017,1.0,1.0,1780000.0,338200.0,2118200.0,56493400.0,67227146.0,9,2118200.0,2118200.0,Abierto,C,Suministro,AQUACTIVA S.A.S.,900349384,,contabilidad@aquactiva.com.co,CL 127 B BIS  46  45,8132253,A,30,BOGOTÁ D.C.,4290.0,Construcción de otras obras de ingeniería civil.,Activo,,,,,,J,Reflector Led 150W,385.0,Iluminacion,M,Materiales,Un,unidad,ACTIVO,NO,3.0,NO,NO,0.0,0.0,1280000.0,19.0,1523200.0,6702.0,23002,PDA CLUB HOUSE,Equipos Piscina,1.0,72652250.0,0,,gl,0,SI,SI,NO,NO,SI,NO,
174,PDA PRELIMINARES,05 OBRAS PRELIMINARES,ADPRO,En ejecucion,SI,SIN PROPIETARIO,174,PDA PRELIMINARES,25.0,PDA GENERALES NO ASIGNADOS,5032010,PDA GG NO ASIGNADOS,NO,Principal,GRUPOS,1740276,REEMBOLSO POR EXAMENES MEDICOS DE INGRESO PERSONAL A OBRA,ACTA DE OBRA,2016-10-25,RENE ALEJANDRO MELO JIMENEZ,01/11/2016,30/11/2016,1.0,1.0,9800.0,0.0,9800.0,1336150.0,1336150.0,6,9800.0,9800.0,Abierto,R,Pagos Sin Retenciones,OUTSOURCING Y TEMPORALES S.A.S. SIGLA OTEM S.A.S.,830091033,,admin.colombia4@jobandtalent.com,CR 12  90  19 P4,5088150,A,60,BOGOTÁ D.C.,7820.0,Actividades de empresas de servicios temporales.,Activo,,,,,,J,Examen de Ingreso,999.0,Varios,C,Subcontratos,Un,unidad,ACTIVO,NO,3.0,NO,NO,0.0,0.0,775862.07,19.0,923275.8633,4054.0,14002,PRELIMINARES,Examen Medico,1.0,5000000.0,0,,und,0,SI,SI,NO,NO,SI,NO,
174,PDA PRELIMINARES,05 OBRAS PRELIMINARES,ADPRO,En ejecucion,SI,SIN PROPIETARIO,174,PDA PRELIMINARES,25.0,PDA GENERALES NO ASIGNADOS,5032010,PDA GG NO ASIGNADOS,NO,Principal,GRUPOS,1740267,REEMBOLSO POR EXAMENES MEDICOS DE INGRESO PERSONAL A OBRA,ACTA DE OBRA,2016-06-28,RENE ALEJANDRO MELO JIMENEZ,28/06/2016,30/12/2016,1.0,1.0,9800.0,0.0,9800.0,1823550.0,1823550.0,9,9800.0,9800.0,Abierto,R,Pagos Sin Retenciones,OUTSOURCING Y TEMPORALES S.A.S. SIGLA OTEM S.A.S.,830091033,,admin.colombia4@jobandtalent.com,CR 12  90  19 P4,5088150,A,60,BOGOTÁ D.C.,7820.0,Actividades de empresas de servicios temporales.,Activo,,,,,,J,Examen de Ingreso,999.0,Varios,C,Subcontratos,Un,unidad,ACTIVO,NO,3.0,NO,NO,0.0,0.0,775862.07,19.0,923275.8633,4054.0,14002,PRELIMINARES,Examen Medico,1.0,5000000.0,0,,und,0,SI,SI,NO,NO,SI,NO,
337,PDA LOCATIVAS,10 OBRAS EJECUCION DE GARANTIAS,ADPRO,En ejecucion,SI,SIN PROPIETARIO,337,PDA LOCATIVAS,25.0,PDA GENERALES NO ASIGNADOS,5032010,PDA GG NO ASIGNADOS,NO,Principal,GRUPOS,3370128,"SUMINISTRO E INSTALACION VIDRIOS EN BARU, ESTORAQUES, DARIEN GALERAS Y FARALLONES",Actas de Obra Quincenales,2016-06-20,RENE ALEJANDRO MELO JIMENEZ,20/06/2016,20/09/2016,1.0,1.0,1200000.0,192000.0,1392000.0,9714580.1724,11268913.0,12,1392000.0,1392000.0,Abierto,B3,Civil Todo Costo,CARDOVIDRIOS LIMITADA,830097891,,cardovidriosltda@gmail.com,CL 74 B  120 B  19,3133938532,A,60,BOGOTÁ D.C.,4330.0,Terminación y acabado de edificios y obras de ingeniería civil.,Activo,,,,,,J,Ventaneria Locativas,384.0,Locativas,C,Subcontratos,Un,unidad,ACTIVO,NO,0.0,NO,NO,0.0,0.0,8620.69,19.0,10258.6211,4731.0,9011,PDA LOCATIVAS CHINGAZA,Ventaneria Aislada,32.0,1089696.0,0,,und,0,SI,SI,NO,NO,SI,NO,
93,PDA INFRAESTRUCTURA,02 OBRAS URBANAS,ADPRO,En ejecucion,SI,SIN PROPIETARIO,93,PDA INFRAESTRUCTURA,37.0,PDA INFRAESTRUCTURA,5031015,PDA URBANISMO,NO,Principal,GRUPOS,930104,CONSTRUCCION CERRAMIENTO LATERAL CANCHA MULTIPLE CANAL CENTRAL,Actas de Obra Quincenales,2016-01-21,RENE ALEJANDRO MELO JIMENEZ,22/01/2016,22/03/2016,33.5,33.5,149132.321,867.679,5025000.0,5411017.7151,5442500.0,1,150000.0,150000.0,Abierto,B3,Civil Todo Costo,CUBIERTAS Y CANALES JUANDA S.A.S.,900631381,,juandamono2010@gmail.com,CL 130 D BIS  124  51,3118128902,A,30,BOGOTÁ D.C.,4111.0,Construcción de edificios residenciales.,Activo,,,,,,J,Cerramiento Malla Eslabonada,316.0,Carpinteria Metalica,C,Subcontratos,m2,metro cuadrado,ACTIVO,NO,0.0,NO,NO,0.0,0.0,39224.1379,19.0,46676.7241,869.0,1006,PONTONES,Pontones,3.0,600000000.0,0,,Sg,0,SI,SI,NO,NO,SI,NO,
93,PDA INFRAESTRUCTURA,02 OBRAS URBANAS,ADPRO,En ejecucion,SI,SIN PROPIETARIO,93,PDA INFRAESTRUCTURA,37.0,PDA INFRAESTRUCTURA,5031015,PDA URBANISMO,NO,Principal,GRUPOS,930104,CONSTRUCCION CERRAMIENTO LATERAL CANCHA MULTIPLE CANAL CENTRAL,Actas de Obra Quincenales,2016-01-21,RENE ALEJANDRO MELO JIMENEZ,22/01/2016,22/03/2016,1.0,1.0,415084.9602,2415.0398,417500.0,5411017.7151,5442500.0,2,417500.0,417500.0,Abierto,B3,Civil Todo Costo,CUBIERTAS Y CANALES JUANDA S.A.S.,900631381,,juandamono2010@gmail.com,CL 130 D BIS  124  51,3118128902,A,30,BOGOTÁ D.C.,4111.0,Construcción de edificios residenciales.,Activo,,,,,,J,Cerramiento Malla Eslabonada,316.0,Carpinteria Metalica,C,Subcontratos,m2,metro cuadrado,ACTIVO,NO,0.0,NO,NO,0.0,0.0,39224.1379,19.0,46676.7241,869.0,1006,PONTONES,Pontones,3.0,600000000.0,0,,Sg,0,SI,SI,NO,NO,SI,NO,
93,PDA INFRAESTRUCTURA,02 OBRAS URBANAS,ADPRO,En ejecucion,SI,SIN PROPIETARIO,93,PDA INFRAESTRUCTURA,37.0,PDA INFRAESTRUCTURA,5031015,PDA URBANISMO,NO,Principal,GRUPOS,930105,INSTALACION MALLA DE PROTECCION CANAL CENTRAL,Actas de Obra Quincenales,2016-01-22,RENE ALEJANDRO MELO JIMENEZ,22/01/2016,31/03/2016,192.0,192.0,38222.0217,277.9783,7392000.0,15916245.4873,16032000.0,2,38500.0,38500.0,Abierto,B3,Civil Todo Costo,G Y R CONSTRUCCIONES S.A.S.,900337949,,gyrconstrucciones01@hotmail.com,CL 69  A  75 62  OF 201,3132104391,A,30,BOGOTÁ D.C.,4290.0,Construcción de otras obras de ingeniería civil.,Activo,,,,,,J,Poste Metalico h=20m,332.0,Internas Electricas y Comunicaciones,C,Subcontratos,Un,unidad,ACTIVO,NO,3.0,NO,NO,0.0,0.0,5236078.45,19.0,6230933.3555,5547.0,1006,PONTONES,Pontones,3.0,600000000.0,0,,Sg,0,SI,SI,NO,NO,SI,NO,
93,PDA INFRAESTRUCTURA,02 OBRAS URBANAS,ADPRO,En ejecucion,SI,SIN PROPIETARIO,93,PDA INFRAESTRUCTURA,37.0,PDA INFRAESTRUCTURA,5031015,PDA URBANISMO,NO,Principal,GRUPOS,930105,INSTALACION MALLA DE PROTECCION CANAL CENTRAL,Actas de Obra Quincenales,2016-01-22,RENE ALEJANDRO MELO JIMENEZ,22/01/2016,31/03/2016,480.0,480.0,17870.0361,129.9639,8640000.0,15916245.4873,16032000.0,1,18000.0,18000.0,Abierto,B3,Civil Todo Costo,G Y R CONSTRUCCIONES S.A.S.,900337949,,gyrconstrucciones01@hotmail.com,CL 69  A  75 62  OF 201,3132104391,A,30,BOGOTÁ D.C.,4290.0,Construcción de otras obras de ingeniería civil.,Activo,,,,,,J,Malla Plastica Verde 1.00x1.00m,323.0,Ferreteria Herramientas,M,Materiales,m,metro,ACTIVO,NO,3.0,NO,NO,0.0,0.0,6500.0,19.0,7735.0,6466.0,1006,PONTONES,Pontones,3.0,600000000.0,0,,Sg,0,SI,SI,NO,NO,SI,NO,
93,PDA INFRAESTRUCTURA,02 OBRAS URBANAS,ADPRO,En ejecucion,SI,SIN PROPIETARIO,93,PDA INFRAESTRUCTURA,37.0,PDA INFRAESTRUCTURA,5031015,PDA URBANISMO,NO,Principal,GRUPOS,930102,BARANDA PROTECCION  CICLORUTA CANAL CENTRAL,Actas de Obra Quincenales,2016-01-04,RENE ALEJANDRO MELO JIMENEZ,04/01/2016,26/02/2016,25.0,25.0,100000.0,16000.0,2900000.0,4900000.0,5684000.0,2,116000.0,116000.0,Abierto,B3,Civil Todo Costo,INDUSTRIAS METALICAS RUIZBER S.A.S,900538388,,ruizbersas@hotmail.com,CR 91 91 15,4612662,P,0,BOGOTÁ D.C.,,,Activo,,,,,,J,Baranda Metalica,316.0,Carpinteria Metalica,C,Subcontratos,m,metro,ACTIVO,NO,0.0,NO,NO,0.0,0.0,114500.0,19.0,136255.0,396.0,1006,PONTONES,Pontones,3.0,600000000.0,0,,Sg,0,SI,SI,NO,NO,SI,NO,
93,PDA INFRAESTRUCTURA,02 OBRAS URBANAS,ADPRO,En ejecucion,SI,SIN PROPIETARIO,93,PDA INFRAESTRUCTURA,37.0,PDA INFRAESTRUCTURA,5031015,PDA URBANISMO,NO,Principal,GRUPOS,930102,BARANDA PROTECCION  CICLORUTA CANAL CENTRAL,Actas de Obra Quincenales,2016-01-04,RENE ALEJANDRO MELO JIMENEZ,04/01/2016,26/02/2016,24.0,24.0,100000.0,16000.0,2784000.0,4900000.0,5684000.0,1,116000.0,116000.0,Abierto,B3,Civil Todo Costo,INDUSTRIAS METALICAS RUIZBER S.A.S,900538388,,ruizbersas@hotmail.com,CR 91 91 15,4612662,P,0,BOGOTÁ D.C.,,,Activo,,,,,,J,Baranda Metalica,316.0,Carpinteria Metalica,C,Subcontratos,m,metro,ACTIVO,NO,0.0,NO,NO,0.0,0.0,114500.0,19.0,136255.0,396.0,1006,PONTONES,Pontones,3.0,600000000.0,0,,Sg,0,SI,SI,NO,NO,SI,NO,
337,PDA LOCATIVAS,10 OBRAS EJECUCION DE GARANTIAS,ADPRO,En ejecucion,SI,SIN PROPIETARIO,337,PDA LOCATIVAS,25.0,PDA GENERALES NO ASIGNADOS,5032010,PDA GG NO ASIGNADOS,NO,Principal,GRUPOS,3370128,"SUMINISTRO E INSTALACION VIDRIOS EN BARU, ESTORAQUES, DARIEN GALERAS Y FARALLONES",Actas de Obra Quincenales,2016-06-20,RENE ALEJANDRO MELO JIMENEZ,20/06/2016,20/09/2016,1.0,1.0,325000.0,52000.0,377000.0,9714580.1724,11268913.0,1,377000.0,377000.0,Abierto,B3,Civil Todo Costo,CARDOVIDRIOS LIMITADA,830097891,,cardovidriosltda@gmail.com,CL 74 B  120 B  19,3133938532,A,60,BOGOTÁ D.C.,4330.0,Terminación y acabado de edificios y obras de ingeniería civil.,Activo,,,,,,J,Ventaneria Locativas,384.0,Locativas,C,Subcontratos,Un,unidad,ACTIVO,NO,0.0,NO,NO,0.0,0.0,8620.69,19.0,10258.6211,4731.0,9002,PDA LOCATIVAS AYAPEL,Ventaneria Town House Medianera,24.0,613537.44,0,,und,0,SI,SI,NO,NO,SI,NO,
93,PDA INFRAESTRUCTURA,02 OBRAS URBANAS,ADPRO,En ejecucion,SI,SIN PROPIETARIO,93,PDA INFRAESTRUCTURA,37.0,PDA INFRAESTRUCTURA,5031015,PDA URBANISMO,NO,Principal,GRUPOS,930108,SUMINISTRO E INSTALACION CERRAMIENTO Y PUERTA BOX COULVERT,Actas de Obra Quincenales,2016-04-06,RENE ALEJANDRO MELO JIMENEZ,11/04/2016,01/07/2016,1.0,1.0,2560000.0,409600.0,2969600.0,2560000.0,2969600.0,1,2969600.0,2969600.0,Abierto,C1,Suministro Instalacion,INDUSTRIAS METALICAS RUIZBER S.A.S,900538388,,ruizbersas@hotmail.com,CR 91 91 15,4612662,P,0,BOGOTÁ D.C.,,,Activo,,,,,,J,Cerramiento Malla Eslabonada,316.0,Carpinteria Metalica,C,Subcontratos,m2,metro cuadrado,ACTIVO,NO,0.0,NO,NO,0.0,0.0,39224.1379,19.0,46676.7241,869.0,1006,PONTONES,Pontones,3.0,600000000.0,0,,Sg,0,SI,SI,NO,NO,SI,NO,
337,PDA LOCATIVAS,10 OBRAS EJECUCION DE GARANTIAS,ADPRO,En ejecucion,SI,SIN PROPIETARIO,337,PDA LOCATIVAS,25.0,PDA GENERALES NO ASIGNADOS,5032010,PDA GG NO ASIGNADOS,NO,Principal,GRUPOS,3370128,"SUMINISTRO E INSTALACION VIDRIOS EN BARU, ESTORAQUES, DARIEN GALERAS Y FARALLONES",Actas de Obra Quincenales,2016-06-20,RENE ALEJANDRO MELO JIMENEZ,20/06/2016,20/09/2016,1.0,1.0,192500.0,30800.0,223300.0,9714580.1724,11268913.0,2,223300.0,223300.0,Abierto,B3,Civil Todo Costo,CARDOVIDRIOS LIMITADA,830097891,,cardovidriosltda@gmail.com,CL 74 B  120 B  19,3133938532,A,60,BOGOTÁ D.C.,4330.0,Terminación y acabado de edificios y obras de ingeniería civil.,Activo,,,,,,J,Ventaneria Locativas,384.0,Locativas,C,Subcontratos,Un,unidad,ACTIVO,NO,0.0,NO,NO,0.0,0.0,8620.69,19.0,10258.6211,4731.0,9006,PDA LOCATIVAS ESTORAQUES,Ventaneria Town House Medianera,24.0,613537.44,0,,und,0,SI,SI,NO,NO,SI,NO,
337,PDA LOCATIVAS,10 OBRAS EJECUCION DE GARANTIAS,ADPRO,En ejecucion,SI,SIN PROPIETARIO,337,PDA LOCATIVAS,25.0,PDA GENERALES NO ASIGNADOS,5032010,PDA GG NO ASIGNADOS,NO,Principal,GRUPOS,3370128,"SUMINISTRO E INSTALACION VIDRIOS EN BARU, ESTORAQUES, DARIEN GALERAS Y FARALLONES",Actas de Obra Quincenales,2016-06-20,RENE ALEJANDRO MELO JIMENEZ,20/06/2016,20/09/2016,1.0,1.0,198000.0,31680.0,229680.0,9714580.1724,11268913.0,3,229680.0,229680.0,Abierto,B3,Civil Todo Costo,CARDOVIDRIOS LIMITADA,830097891,,cardovidriosltda@gmail.com,CL 74 B  120 B  19,3133938532,A,60,BOGOTÁ D.C.,4330.0,Terminación y acabado de edificios y obras de ingeniería civil.,Activo,,,,,,J,Ventaneria Locativas,384.0,Locativas,C,Subcontratos,Un,unidad,ACTIVO,NO,0.0,NO,NO,0.0,0.0,8620.69,19.0,10258.6211,4731.0,9006,PDA LOCATIVAS ESTORAQUES,Ventaneria Town House Medianera,24.0,613537.44,0,,und,0,SI,SI,NO,NO,SI,NO,
337,PDA LOCATIVAS,10 OBRAS EJECUCION DE GARANTIAS,ADPRO,En ejecucion,SI,SIN PROPIETARIO,337,PDA LOCATIVAS,25.0,PDA GENERALES NO ASIGNADOS,5032010,PDA GG NO ASIGNADOS,NO,Principal,GRUPOS,3370128,"SUMINISTRO E INSTALACION VIDRIOS EN BARU, ESTORAQUES, DARIEN GALERAS Y FARALLONES",Actas de Obra Quincenales,2016-06-20,RENE ALEJANDRO MELO JIMENEZ,20/06/2016,20/09/2016,1.0,1.0,1810000.0,289600.0,2099600.0,9714580.1724,11268913.0,4,2099600.0,2099600.0,Abierto,B3,Civil Todo Costo,CARDOVIDRIOS LIMITADA,830097891,,cardovidriosltda@gmail.com,CL 74 B  120 B  19,3133938532,A,60,BOGOTÁ D.C.,4330.0,Terminación y acabado de edificios y obras de ingeniería civil.,Activo,,,,,,J,Ventaneria Locativas,384.0,Locativas,C,Subcontratos,Un,unidad,ACTIVO,NO,0.0,NO,NO,0.0,0.0,8620.69,19.0,10258.6211,4731.0,9006,PDA LOCATIVAS ESTORAQUES,Ventaneria Town House Medianera,24.0,613537.44,0,,und,0,SI,SI,NO,NO,SI,NO,
337,PDA LOCATIVAS,10 OBRAS EJECUCION DE GARANTIAS,ADPRO,En ejecucion,SI,SIN PROPIETARIO,337,PDA LOCATIVAS,25.0,PDA GENERALES NO ASIGNADOS,5032010,PDA GG NO ASIGNADOS,NO,Principal,GRUPOS,3370143,"SUMINISTRO E INSTALACION VIDRIOS LOCATIVAS VENTANERIA GALERAS, IGUAQUE, FARALLONES",Actas de Obra Quincenales,2016-09-05,RENE ALEJANDRO MELO JIMENEZ,11/09/2016,20/02/2017,2.0,2.0,219617.1983,41727.26768,522688.932,3035472.0434,3612211.7317,1,261344.466,261344.466,Abierto,H1,Orden de T/S - 4,PRONTOALUM HNS SAS,900549349,,prontoalumhermanos@gmail.com,CL 55 A SUR 33  82,6948879,A,30,BOGOTÁ D.C.,4111.0,Construcción de edificios residenciales.,Activo,,,,,,J,Ventaneria Locativas,384.0,Locativas,C,Subcontratos,Un,unidad,ACTIVO,NO,0.0,NO,NO,0.0,0.0,8620.69,19.0,10258.6211,4731.0,9008,PDA LOCATIVAS GALERAS,Ventaneria Pareada,60.0,1280254.8,0,,und,0,SI,SI,NO,NO,SI,NO,
337,PDA LOCATIVAS,10 OBRAS EJECUCION DE GARANTIAS,ADPRO,En ejecucion,SI,SIN PROPIETARIO,337,PDA LOCATIVAS,25.0,PDA GENERALES NO ASIGNADOS,5032010,PDA GG NO ASIGNADOS,NO,Principal,GRUPOS,3370128,"SUMINISTRO E INSTALACION VIDRIOS EN BARU, ESTORAQUES, DARIEN GALERAS Y FARALLONES",Actas de Obra Quincenales,2016-06-20,RENE ALEJANDRO MELO JIMENEZ,20/06/2016,20/09/2016,1.0,1.0,1810000.0,289600.0,2099600.0,9714580.1724,11268913.0,7,2099600.0,2099600.0,Abierto,B3,Civil Todo Costo,CARDOVIDRIOS LIMITADA,830097891,,cardovidriosltda@gmail.com,CL 74 B  120 B  19,3133938532,A,60,BOGOTÁ D.C.,4330.0,Terminación y acabado de edificios y obras de ingeniería civil.,Activo,,,,,,J,Ventaneria Locativas,384.0,Locativas,C,Subcontratos,Un,unidad,ACTIVO,NO,0.0,NO,NO,0.0,0.0,8620.69,19.0,10258.6211,4731.0,9008,PDA LOCATIVAS GALERAS,Ventaneria Pareada,60.0,1280254.8,0,,und,0,SI,SI,NO,NO,SI,NO,
337,PDA LOCATIVAS,10 OBRAS EJECUCION DE GARANTIAS,ADPRO,En ejecucion,SI,SIN PROPIETARIO,337,PDA LOCATIVAS,25.0,PDA GENERALES NO ASIGNADOS,5032010,PDA GG NO ASIGNADOS,NO,Principal,GRUPOS,3370128,"SUMINISTRO E INSTALACION VIDRIOS EN BARU, ESTORAQUES, DARIEN GALERAS Y FARALLONES",Actas de Obra Quincenales,2016-06-20,RENE ALEJANDRO MELO JIMENEZ,20/06/2016,20/09/2016,1.0,1.0,810000.0,129600.0,939600.0,9714580.1724,11268913.0,8,939600.0,939600.0,Abierto,B3,Civil Todo Costo,CARDOVIDRIOS LIMITADA,830097891,,cardovidriosltda@gmail.com,CL 74 B  120 B  19,3133938532,A,60,BOGOTÁ D.C.,4330.0,Terminación y acabado de edificios y obras de ingeniería civil.,Activo,,,,,,J,Ventaneria Locativas,384.0,Locativas,C,Subcontratos,Un,unidad,ACTIVO,NO,0.0,NO,NO,0.0,0.0,8620.69,19.0,10258.6211,4731.0,9008,PDA LOCATIVAS GALERAS,Ventaneria Pareada,60.0,1280254.8,0,,und,0,SI,SI,NO,NO,SI,NO,
337,PDA LOCATIVAS,10 OBRAS EJECUCION DE GARANTIAS,ADPRO,En ejecucion,SI,SIN PROPIETARIO,337,PDA LOCATIVAS,25.0,PDA GENERALES NO ASIGNADOS,5032010,PDA GG NO ASIGNADOS,NO,Principal,GRUPOS,3370128,"SUMINISTRO E INSTALACION VIDRIOS EN BARU, ESTORAQUES, DARIEN GALERAS Y FARALLONES",Actas de Obra Quincenales,2016-06-20,RENE ALEJANDRO MELO JIMENEZ,20/06/2016,20/09/2016,1.0,1.0,810000.0,129600.0,939600.0,9714580.1724,11268913.0,6,939600.0,939600.0,Abierto,B3,Civil Todo Costo,CARDOVIDRIOS LIMITADA,830097891,,cardovidriosltda@gmail.com,CL 74 B  120 B  19,3133938532,A,60,BOGOTÁ D.C.,4330.0,Terminación y acabado de edificios y obras de ingeniería civil.,Activo,,,,,,J,Ventaneria Locativas,384.0,Locativas,C,Subcontratos,Un,unidad,ACTIVO,NO,0.0,NO,NO,0.0,0.0,8620.69,19.0,10258.6211,4731.0,9007,PDA LOCATIVAS DARIEN,Ventaneria Pareada,66.0,1408280.28,0,,und,0,SI,SI,NO,NO,SI,NO,
337,PDA LOCATIVAS,10 OBRAS EJECUCION DE GARANTIAS,ADPRO,En ejecucion,SI,SIN PROPIETARIO,337,PDA LOCATIVAS,25.0,PDA GENERALES NO ASIGNADOS,5032010,PDA GG NO ASIGNADOS,NO,Principal,GRUPOS,3370128,"SUMINISTRO E INSTALACION VIDRIOS EN BARU, ESTORAQUES, DARIEN GALERAS Y FARALLONES",Actas de Obra Quincenales,2016-06-20,RENE ALEJANDRO MELO JIMENEZ,20/06/2016,20/09/2016,1.0,1.0,416880.1724,66700.82758,483581.0,9714580.1724,11268913.0,5,483581.0,483581.0,Abierto,B3,Civil Todo Costo,CARDOVIDRIOS LIMITADA,830097891,,cardovidriosltda@gmail.com,CL 74 B  120 B  19,3133938532,A,60,BOGOTÁ D.C.,4330.0,Terminación y acabado de edificios y obras de ingeniería civil.,Activo,,,,,,J,Ventaneria Locativas,384.0,Locativas,C,Subcontratos,Un,unidad,ACTIVO,NO,0.0,NO,NO,0.0,0.0,8620.69,19.0,10258.6211,4731.0,9007,PDA LOCATIVAS DARIEN,Ventaneria Pareada,66.0,1408280.28,0,,und,0,SI,SI,NO,NO,SI,NO,
337,PDA LOCATIVAS,10 OBRAS EJECUCION DE GARANTIAS,ADPRO,En ejecucion,SI,SIN PROPIETARIO,337,PDA LOCATIVAS,25.0,PDA GENERALES NO ASIGNADOS,5032010,PDA GG NO ASIGNADOS,NO,Principal,GRUPOS,3370141,"VIDRIOS PARA MARQUESINA Y VENTANAS Y ESPEJOS - LOCATIVAS DARIEN, ESTORAQUES, FARALLONES, GALERAS",Actas de Obra Quincenales,2016-08-29,RENE ALEJANDRO MELO JIMENEZ,04/09/2016,20/02/2017,1.0,1.0,890000.0,142400.0,1032400.0,2849080.0,3304932.8,1,1032400.0,1032400.0,Abierto,H1,Orden de T/S - 4,CARDOVIDRIOS LIMITADA,830097891,,cardovidriosltda@gmail.com,CL 74 B  120 B  19,3133938532,A,60,BOGOTÁ D.C.,4330.0,Terminación y acabado de edificios y obras de ingeniería civil.,Activo,,,,,,J,Ventaneria Locativas,384.0,Locativas,C,Subcontratos,Un,unidad,ACTIVO,NO,0.0,NO,NO,0.0,0.0,8620.69,19.0,10258.6211,4731.0,9007,PDA LOCATIVAS DARIEN,Ventaneria Pareada,66.0,1408280.28,0,,und,0,SI,SI,NO,NO,SI,NO,
337,PDA LOCATIVAS,10 OBRAS EJECUCION DE GARANTIAS,ADPRO,En ejecucion,SI,SIN PROPIETARIO,337,PDA LOCATIVAS,25.0,PDA GENERALES NO ASIGNADOS,5032010,PDA GG NO ASIGNADOS,NO,Principal,GRUPOS,3370141,"VIDRIOS PARA MARQUESINA Y VENTANAS Y ESPEJOS - LOCATIVAS DARIEN, ESTORAQUES, FARALLONES, GALERAS",Actas de Obra Quincenales,2016-08-29,RENE ALEJANDRO MELO JIMENEZ,04/09/2016,20/02/2017,1.0,1.0,890000.0,142400.0,1032400.0,2849080.0,3304932.8,2,1032400.0,1032400.0,Abierto,H1,Orden de T/S - 4,CARDOVIDRIOS LIMITADA,830097891,,cardovidriosltda@gmail.com,CL 74 B  120 B  19,3133938532,A,60,BOGOTÁ D.C.,4330.0,Terminación y acabado de edificios y obras de ingeniería civil.,Activo,,,,,,J,Ventaneria Locativas,384.0,Locativas,C,Subcontratos,Un,unidad,ACTIVO,NO,0.0,NO,NO,0.0,0.0,8620.69,19.0,10258.6211,4731.0,9008,PDA LOCATIVAS GALERAS,Ventaneria Pareada,60.0,1280254.8,0,,und,0,SI,SI,NO,NO,SI,NO,
337,PDA LOCATIVAS,10 OBRAS EJECUCION DE GARANTIAS,ADPRO,En ejecucion,SI,SIN PROPIETARIO,337,PDA LOCATIVAS,25.0,PDA GENERALES NO ASIGNADOS,5032010,PDA GG NO ASIGNADOS,NO,Principal,GRUPOS,3370143,"SUMINISTRO E INSTALACION VIDRIOS LOCATIVAS VENTANERIA GALERAS, IGUAQUE, FARALLONES",Actas de Obra Quincenales,2016-09-05,RENE ALEJANDRO MELO JIMENEZ,11/09/2016,20/02/2017,2.0,2.0,237861.0,45193.59,566109.18,3035472.0434,3612211.7317,4,283054.59,283054.59,Abierto,H1,Orden de T/S - 4,PRONTOALUM HNS SAS,900549349,,prontoalumhermanos@gmail.com,CL 55 A SUR 33  82,6948879,A,30,BOGOTÁ D.C.,4111.0,Construcción de edificios residenciales.,Activo,,,,,,J,Ventaneria Locativas,384.0,Locativas,C,Subcontratos,Un,unidad,ACTIVO,NO,0.0,NO,NO,0.0,0.0,8620.69,19.0,10258.6211,4731.0,9013,PDA LOCATIVAS IGUAQUE,Ventaneria Aislada,25.0,851325.0,0,,und,0,SI,SI,NO,NO,SI,NO,
337,PDA LOCATIVAS,10 OBRAS EJECUCION DE GARANTIAS,ADPRO,En ejecucion,SI,SIN PROPIETARIO,337,PDA LOCATIVAS,25.0,PDA GENERALES NO ASIGNADOS,5032010,PDA GG NO ASIGNADOS,NO,Principal,GRUPOS,3370128,"SUMINISTRO E INSTALACION VIDRIOS EN BARU, ESTORAQUES, DARIEN GALERAS Y FARALLONES",Actas de Obra Quincenales,2016-06-20,RENE ALEJANDRO MELO JIMENEZ,20/06/2016,20/09/2016,1.0,1.0,810000.0,129600.0,939600.0,9714580.1724,11268913.0,11,939600.0,939600.0,Abierto,B3,Civil Todo Costo,CARDOVIDRIOS LIMITADA,830097891,,cardovidriosltda@gmail.com,CL 74 B  120 B  19,3133938532,A,60,BOGOTÁ D.C.,4330.0,Terminación y acabado de edificios y obras de ingeniería civil.,Activo,,,,,,J,Ventaneria Locativas,384.0,Locativas,C,Subcontratos,Un,unidad,ACTIVO,NO,0.0,NO,NO,0.0,0.0,8620.69,19.0,10258.6211,4731.0,9010,PDA LOCATIVAS FARALLONES,Ventaneria Town House Medianera,50.0,1278203.0,0,,und,0,SI,SI,NO,NO,SI,NO,
337,PDA LOCATIVAS,10 OBRAS EJECUCION DE GARANTIAS,ADPRO,En ejecucion,SI,SIN PROPIETARIO,337,PDA LOCATIVAS,25.0,PDA GENERALES NO ASIGNADOS,5032010,PDA GG NO ASIGNADOS,NO,Principal,GRUPOS,3370141,"VIDRIOS PARA MARQUESINA Y VENTANAS Y ESPEJOS - LOCATIVAS DARIEN, ESTORAQUES, FARALLONES, GALERAS",Actas de Obra Quincenales,2016-08-29,RENE ALEJANDRO MELO JIMENEZ,04/09/2016,20/02/2017,1.0,1.0,208000.0,33280.0,241280.0,2849080.0,3304932.8,3,241280.0,241280.0,Abierto,H1,Orden de T/S - 4,CARDOVIDRIOS LIMITADA,830097891,,cardovidriosltda@gmail.com,CL 74 B  120 B  19,3133938532,A,60,BOGOTÁ D.C.,4330.0,Terminación y acabado de edificios y obras de ingeniería civil.,Activo,,,,,,J,Ventaneria Locativas,384.0,Locativas,C,Subcontratos,Un,unidad,ACTIVO,NO,0.0,NO,NO,0.0,0.0,8620.69,19.0,10258.6211,4731.0,9010,PDA LOCATIVAS FARALLONES,Ventaneria Town House Medianera,50.0,1278203.0,0,,und,0,SI,SI,NO,NO,SI,NO,
337,PDA LOCATIVAS,10 OBRAS EJECUCION DE GARANTIAS,ADPRO,En ejecucion,SI,SIN PROPIETARIO,337,PDA LOCATIVAS,25.0,PDA GENERALES NO ASIGNADOS,5032010,PDA GG NO ASIGNADOS,NO,Principal,GRUPOS,3370128,"SUMINISTRO E INSTALACION VIDRIOS EN BARU, ESTORAQUES, DARIEN GALERAS Y FARALLONES",Actas de Obra Quincenales,2016-06-20,RENE ALEJANDRO MELO JIMENEZ,20/06/2016,20/09/2016,1.0,1.0,220000.0,35200.0,255200.0,9714580.1724,11268913.0,10,255200.0,255200.0,Abierto,B3,Civil Todo Costo,CARDOVIDRIOS LIMITADA,830097891,,cardovidriosltda@gmail.com,CL 74 B  120 B  19,3133938532,A,60,BOGOTÁ D.C.,4330.0,Terminación y acabado de edificios y obras de ingeniería civil.,Activo,,,,,,J,Ventaneria Locativas,384.0,Locativas,C,Subcontratos,Un,unidad,ACTIVO,NO,0.0,NO,NO,0.0,0.0,8620.69,19.0,10258.6211,4731.0,9009,PDA LOCATIVAS FARALLONES,Ventaneria Town House Esquinera,36.0,920306.16,0,,und,0,SI,SI,NO,NO,SI,NO,
337,PDA LOCATIVAS,10 OBRAS EJECUCION DE GARANTIAS,ADPRO,En ejecucion,SI,SIN PROPIETARIO,337,PDA LOCATIVAS,25.0,PDA GENERALES NO ASIGNADOS,5032010,PDA GG NO ASIGNADOS,NO,Principal,GRUPOS,3370128,"SUMINISTRO E INSTALACION VIDRIOS EN BARU, ESTORAQUES, DARIEN GALERAS Y FARALLONES",Actas de Obra Quincenales,2016-06-20,RENE ALEJANDRO MELO JIMENEZ,20/06/2016,20/09/2016,1.0,1.0,32000.0,5120.0,37120.0,9714580.1724,11268913.0,9,37120.0,37120.0,Abierto,B3,Civil Todo Costo,CARDOVIDRIOS LIMITADA,830097891,,cardovidriosltda@gmail.com,CL 74 B  120 B  19,3133938532,A,60,BOGOTÁ D.C.,4330.0,Terminación y acabado de edificios y obras de ingeniería civil.,Activo,,,,,,J,Ventaneria Locativas,384.0,Locativas,C,Subcontratos,Un,unidad,ACTIVO,NO,0.0,NO,NO,0.0,0.0,8620.69,19.0,10258.6211,4731.0,9009,PDA LOCATIVAS FARALLONES,Ventaneria Town House Esquinera,36.0,920306.16,0,,und,0,SI,SI,NO,NO,SI,NO,
337,PDA LOCATIVAS,10 OBRAS EJECUCION DE GARANTIAS,ADPRO,En ejecucion,SI,SIN PROPIETARIO,337,PDA LOCATIVAS,25.0,PDA GENERALES NO ASIGNADOS,5032010,PDA GG NO ASIGNADOS,NO,Principal,GRUPOS,3370143,"SUMINISTRO E INSTALACION VIDRIOS LOCATIVAS VENTANERIA GALERAS, IGUAQUE, FARALLONES",Actas de Obra Quincenales,2016-09-05,RENE ALEJANDRO MELO JIMENEZ,11/09/2016,20/02/2017,1.0,1.0,302182.3966,57414.65535,359597.052,3035472.0434,3612211.7317,9,359597.052,359597.052,Abierto,H1,Orden de T/S - 4,PRONTOALUM HNS SAS,900549349,,prontoalumhermanos@gmail.com,CL 55 A SUR 33  82,6948879,A,30,BOGOTÁ D.C.,4111.0,Construcción de edificios residenciales.,Activo,,,,,,J,Ventaneria Locativas,384.0,Locativas,C,Subcontratos,Un,unidad,ACTIVO,NO,0.0,NO,NO,0.0,0.0,8620.69,19.0,10258.6211,4731.0,9009,PDA LOCATIVAS FARALLONES,Ventaneria Town House Esquinera,36.0,920306.16,0,,und,0,SI,SI,NO,NO,SI,NO,
337,PDA LOCATIVAS,10 OBRAS EJECUCION DE GARANTIAS,ADPRO,En ejecucion,SI,SIN PROPIETARIO,337,PDA LOCATIVAS,25.0,PDA GENERALES NO ASIGNADOS,5032010,PDA GG NO ASIGNADOS,NO,Principal,GRUPOS,3370143,"SUMINISTRO E INSTALACION VIDRIOS LOCATIVAS VENTANERIA GALERAS, IGUAQUE, FARALLONES",Actas de Obra Quincenales,2016-09-05,RENE ALEJANDRO MELO JIMENEZ,11/09/2016,20/02/2017,1.0,1.0,94800.0,18012.0,112812.0,3035472.0434,3612211.7317,8,112812.0,112812.0,Abierto,H1,Orden de T/S - 4,PRONTOALUM HNS SAS,900549349,,prontoalumhermanos@gmail.com,CL 55 A SUR 33  82,6948879,A,30,BOGOTÁ D.C.,4111.0,Construcción de edificios residenciales.,Activo,,,,,,J,Ventaneria Locativas,384.0,Locativas,C,Subcontratos,Un,unidad,ACTIVO,NO,0.0,NO,NO,0.0,0.0,8620.69,19.0,10258.6211,4731.0,9009,PDA LOCATIVAS FARALLONES,Ventaneria Town House Esquinera,36.0,920306.16,0,,und,0,SI,SI,NO,NO,SI,NO,
337,PDA LOCATIVAS,10 OBRAS EJECUCION DE GARANTIAS,ADPRO,En ejecucion,SI,SIN PROPIETARIO,337,PDA LOCATIVAS,25.0,PDA GENERALES NO ASIGNADOS,5032010,PDA GG NO ASIGNADOS,NO,Principal,GRUPOS,3370128,"SUMINISTRO E INSTALACION VIDRIOS EN BARU, ESTORAQUES, DARIEN GALERAS Y FARALLONES",Actas de Obra Quincenales,2016-06-20,RENE ALEJANDRO MELO JIMENEZ,20/06/2016,20/09/2016,1.0,1.0,175200.0,28032.0,203232.0,9714580.1724,11268913.0,13,203232.0,203232.0,Abierto,B3,Civil Todo Costo,CARDOVIDRIOS LIMITADA,830097891,,cardovidriosltda@gmail.com,CL 74 B  120 B  19,3133938532,A,60,BOGOTÁ D.C.,4330.0,Terminación y acabado de edificios y obras de ingeniería civil.,Activo,,,,,,J,Ventaneria Locativas,384.0,Locativas,C,Subcontratos,Un,unidad,ACTIVO,NO,0.0,NO,NO,0.0,0.0,8620.69,19.0,10258.6211,4731.0,9013,PDA LOCATIVAS IGUAQUE,Ventaneria Aislada,25.0,851325.0,0,,und,0,SI,SI,NO,NO,SI,NO,
337,PDA LOCATIVAS,10 OBRAS EJECUCION DE GARANTIAS,ADPRO,En ejecucion,SI,SIN PROPIETARIO,337,PDA LOCATIVAS,25.0,PDA GENERALES NO ASIGNADOS,5032010,PDA GG NO ASIGNADOS,NO,Principal,GRUPOS,3370143,"SUMINISTRO E INSTALACION VIDRIOS LOCATIVAS VENTANERIA GALERAS, IGUAQUE, FARALLONES",Actas de Obra Quincenales,2016-09-05,RENE ALEJANDRO MELO JIMENEZ,11/09/2016,20/02/2017,2.0,2.0,256214.3966,48680.73535,609790.264,3035472.0434,3612211.7317,3,304895.132,304895.132,Abierto,H1,Orden de T/S - 4,PRONTOALUM HNS SAS,900549349,,prontoalumhermanos@gmail.com,CL 55 A SUR 33  82,6948879,A,30,BOGOTÁ D.C.,4111.0,Construcción de edificios residenciales.,Activo,,,,,,J,Ventaneria Locativas,384.0,Locativas,C,Subcontratos,Un,unidad,ACTIVO,NO,0.0,NO,NO,0.0,0.0,8620.69,19.0,10258.6211,4731.0,9013,PDA LOCATIVAS IGUAQUE,Ventaneria Aislada,25.0,851325.0,0,,und,0,SI,SI,NO,NO,SI,NO,
337,PDA LOCATIVAS,10 OBRAS EJECUCION DE GARANTIAS,ADPRO,En ejecucion,SI,SIN PROPIETARIO,337,PDA LOCATIVAS,25.0,PDA GENERALES NO ASIGNADOS,5032010,PDA GG NO ASIGNADOS,NO,Principal,GRUPOS,3370143,"SUMINISTRO E INSTALACION VIDRIOS LOCATIVAS VENTANERIA GALERAS, IGUAQUE, FARALLONES",Actas de Obra Quincenales,2016-09-05,RENE ALEJANDRO MELO JIMENEZ,11/09/2016,20/02/2017,1.0,1.0,454608.0,86375.52,540983.52,3035472.0434,3612211.7317,2,540983.52,540983.52,Abierto,H1,Orden de T/S - 4,PRONTOALUM HNS SAS,900549349,,prontoalumhermanos@gmail.com,CL 55 A SUR 33  82,6948879,A,30,BOGOTÁ D.C.,4111.0,Construcción de edificios residenciales.,Activo,,,,,,J,Ventaneria Locativas,384.0,Locativas,C,Subcontratos,Un,unidad,ACTIVO,NO,0.0,NO,NO,0.0,0.0,8620.69,19.0,10258.6211,4731.0,9013,PDA LOCATIVAS IGUAQUE,Ventaneria Aislada,25.0,851325.0,0,,und,0,SI,SI,NO,NO,SI,NO,
337,PDA LOCATIVAS,10 OBRAS EJECUCION DE GARANTIAS,ADPRO,En ejecucion,SI,SIN PROPIETARIO,337,PDA LOCATIVAS,25.0,PDA GENERALES NO ASIGNADOS,5032010,PDA GG NO ASIGNADOS,NO,Principal,GRUPOS,3370141,"VIDRIOS PARA MARQUESINA Y VENTANAS Y ESPEJOS - LOCATIVAS DARIEN, ESTORAQUES, FARALLONES, GALERAS",Actas de Obra Quincenales,2016-08-29,RENE ALEJANDRO MELO JIMENEZ,04/09/2016,20/02/2017,1.0,1.0,208000.0,33280.0,241280.0,2849080.0,3304932.8,4,241280.0,241280.0,Abierto,H1,Orden de T/S - 4,CARDOVIDRIOS LIMITADA,830097891,,cardovidriosltda@gmail.com,CL 74 B  120 B  19,3133938532,A,60,BOGOTÁ D.C.,4330.0,Terminación y acabado de edificios y obras de ingeniería civil.,Activo,,,,,,J,Ventaneria Locativas,384.0,Locativas,C,Subcontratos,Un,unidad,ACTIVO,NO,0.0,NO,NO,0.0,0.0,8620.69,19.0,10258.6211,4731.0,9013,PDA LOCATIVAS IGUAQUE,Ventaneria Aislada,25.0,851325.0,0,,und,0,SI,SI,NO,NO,SI,NO,
337,PDA LOCATIVAS,10 OBRAS EJECUCION DE GARANTIAS,ADPRO,En ejecucion,SI,SIN PROPIETARIO,337,PDA LOCATIVAS,25.0,PDA GENERALES NO ASIGNADOS,5032010,PDA GG NO ASIGNADOS,NO,Principal,GRUPOS,3370141,"VIDRIOS PARA MARQUESINA Y VENTANAS Y ESPEJOS - LOCATIVAS DARIEN, ESTORAQUES, FARALLONES, GALERAS",Actas de Obra Quincenales,2016-08-29,RENE ALEJANDRO MELO JIMENEZ,04/09/2016,20/02/2017,2.0,2.0,326540.0,52246.4,757572.8,2849080.0,3304932.8,5,378786.4,378786.4,Abierto,H1,Orden de T/S - 4,CARDOVIDRIOS LIMITADA,830097891,,cardovidriosltda@gmail.com,CL 74 B  120 B  19,3133938532,A,60,BOGOTÁ D.C.,4330.0,Terminación y acabado de edificios y obras de ingeniería civil.,Activo,,,,,,J,Ventaneria Locativas,384.0,Locativas,C,Subcontratos,Un,unidad,ACTIVO,NO,0.0,NO,NO,0.0,0.0,8620.69,19.0,10258.6211,4731.0,9013,PDA LOCATIVAS IGUAQUE,Ventaneria Aislada,25.0,851325.0,0,,und,0,SI,SI,NO,NO,SI,NO,
337,PDA LOCATIVAS,10 OBRAS EJECUCION DE GARANTIAS,ADPRO,En ejecucion,SI,SIN PROPIETARIO,337,PDA LOCATIVAS,25.0,PDA GENERALES NO ASIGNADOS,5032010,PDA GG NO ASIGNADOS,NO,Principal,GRUPOS,3370128,"SUMINISTRO E INSTALACION VIDRIOS EN BARU, ESTORAQUES, DARIEN GALERAS Y FARALLONES",Actas de Obra Quincenales,2016-06-20,RENE ALEJANDRO MELO JIMENEZ,20/06/2016,20/09/2016,1.0,1.0,905000.0,144800.0,1049800.0,9714580.1724,11268913.0,14,1049800.0,1049800.0,Abierto,B3,Civil Todo Costo,CARDOVIDRIOS LIMITADA,830097891,,cardovidriosltda@gmail.com,CL 74 B  120 B  19,3133938532,A,60,BOGOTÁ D.C.,4330.0,Terminación y acabado de edificios y obras de ingeniería civil.,Activo,,,,,,J,Ventaneria Locativas,384.0,Locativas,C,Subcontratos,Un,unidad,ACTIVO,NO,0.0,NO,NO,0.0,0.0,8620.69,19.0,10258.6211,4731.0,9013,PDA LOCATIVAS IGUAQUE,Ventaneria Aislada,25.0,851325.0,0,,und,0,SI,SI,NO,NO,SI,NO,
337,PDA LOCATIVAS,10 OBRAS EJECUCION DE GARANTIAS,ADPRO,En ejecucion,SI,SIN PROPIETARIO,337,PDA LOCATIVAS,25.0,PDA GENERALES NO ASIGNADOS,5032010,PDA GG NO ASIGNADOS,NO,Principal,GRUPOS,3370145,SUMINISTRO E INSTALACION CARPINTERIA MADERA LOCATIVAS FARALLONES,Actas de Obra Quincenales,2016-09-28,RENE ALEJANDRO MELO JIMENEZ,28/09/2016,31/12/2016,2.0,0.0,38793.1034,7370.68965,0.0,0.0,0.0,2,46163.793,46163.793,Abierto,H1,Orden de T/S - 4,PRODUMADERAS SAS,900349812,,produmaderas@hotmail.com,CL 74 A 70 B 45 BRR BONANZA,2522926,P,30,BOGOTÁ D.C.,,,Activo,,,,,,J,Carpinteria Madera Locativas,384.0,Locativas,C,Subcontratos,Un,unidad,ACTIVO,NO,0.0,NO,NO,0.0,0.0,8620.69,19.0,10258.6211,4727.0,5009,PDA LOCATIVAS FARALLONES,Carpinteria Madera Town House Esquinera,36.0,2664000.0,0,,und,0,SI,SI,NO,NO,SI,NO,
337,PDA LOCATIVAS,10 OBRAS EJECUCION DE GARANTIAS,ADPRO,En ejecucion,SI,SIN PROPIETARIO,337,PDA LOCATIVAS,25.0,PDA GENERALES NO ASIGNADOS,5032010,PDA GG NO ASIGNADOS,NO,Principal,GRUPOS,3370145,SUMINISTRO E INSTALACION CARPINTERIA MADERA LOCATIVAS FARALLONES,Actas de Obra Quincenales,2016-09-28,RENE ALEJANDRO MELO JIMENEZ,28/09/2016,31/12/2016,15.0,0.0,25862.069,4913.79311,0.0,0.0,0.0,1,30775.8621,30775.8621,Abierto,H1,Orden de T/S - 4,PRODUMADERAS SAS,900349812,,produmaderas@hotmail.com,CL 74 A 70 B 45 BRR BONANZA,2522926,P,30,BOGOTÁ D.C.,,,Activo,,,,,,J,Carpinteria Madera Locativas,384.0,Locativas,C,Subcontratos,Un,unidad,ACTIVO,NO,0.0,NO,NO,0.0,0.0,8620.69,19.0,10258.6211,4727.0,5009,PDA LOCATIVAS FARALLONES,Carpinteria Madera Town House Esquinera,36.0,2664000.0,0,,und,0,SI,SI,NO,NO,SI,NO,
337,PDA LOCATIVAS,10 OBRAS EJECUCION DE GARANTIAS,ADPRO,En ejecucion,SI,SIN PROPIETARIO,337,PDA LOCATIVAS,25.0,PDA GENERALES NO ASIGNADOS,5032010,PDA GG NO ASIGNADOS,NO,Principal,GRUPOS,3370145,SUMINISTRO E INSTALACION CARPINTERIA MADERA LOCATIVAS FARALLONES,Actas de Obra Quincenales,2016-09-28,RENE ALEJANDRO MELO JIMENEZ,28/09/2016,31/12/2016,1.0,0.0,689655.1724,131034.48276,0.0,0.0,0.0,4,820689.6552,820689.6552,Abierto,H1,Orden de T/S - 4,PRODUMADERAS SAS,900349812,,produmaderas@hotmail.com,CL 74 A 70 B 45 BRR BONANZA,2522926,P,30,BOGOTÁ D.C.,,,Activo,,,,,,J,Carpinteria Madera Locativas,384.0,Locativas,C,Subcontratos,Un,unidad,ACTIVO,NO,0.0,NO,NO,0.0,0.0,8620.69,19.0,10258.6211,4727.0,5009,PDA LOCATIVAS FARALLONES,Carpinteria Madera Town House Esquinera,36.0,2664000.0,0,,und,0,SI,SI,NO,NO,SI,NO,
337,PDA LOCATIVAS,10 OBRAS EJECUCION DE GARANTIAS,ADPRO,En ejecucion,SI,SIN PROPIETARIO,337,PDA LOCATIVAS,25.0,PDA GENERALES NO ASIGNADOS,5032010,PDA GG NO ASIGNADOS,NO,Principal,GRUPOS,3370145,SUMINISTRO E INSTALACION CARPINTERIA MADERA LOCATIVAS FARALLONES,Actas de Obra Quincenales,2016-09-28,RENE ALEJANDRO MELO JIMENEZ,28/09/2016,31/12/2016,5.0,0.0,155172.4138,29482.75862,0.0,0.0,0.0,3,184655.1724,184655.1724,Abierto,H1,Orden de T/S - 4,PRODUMADERAS SAS,900349812,,produmaderas@hotmail.com,CL 74 A 70 B 45 BRR BONANZA,2522926,P,30,BOGOTÁ D.C.,,,Activo,,,,,,J,Carpinteria Madera Locativas,384.0,Locativas,C,Subcontratos,Un,unidad,ACTIVO,NO,0.0,NO,NO,0.0,0.0,8620.69,19.0,10258.6211,4727.0,5009,PDA LOCATIVAS FARALLONES,Carpinteria Madera Town House Esquinera,36.0,2664000.0,0,,und,0,SI,SI,NO,NO,SI,NO,
337,PDA LOCATIVAS,10 OBRAS EJECUCION DE GARANTIAS,ADPRO,En ejecucion,SI,SIN PROPIETARIO,337,PDA LOCATIVAS,25.0,PDA GENERALES NO ASIGNADOS,5032010,PDA GG NO ASIGNADOS,NO,Principal,GRUPOS,3370131,CARPINTERIA MADERA LOCATIVAS BARU Y DARIEN,ACTA DE OBRA,2016-06-27,RENE ALEJANDRO MELO JIMENEZ,27/06/2016,15/09/2016,1.0,1.0,1512931.0345,242068.9655,1755000.0,2202586.2069,2555000.0,1,1755000.0,1755000.0,Abierto,H1,Orden de T/S - 4,PRODUMADERAS SAS,900349812,,produmaderas@hotmail.com,CL 74 A 70 B 45 BRR BONANZA,2522926,P,30,BOGOTÁ D.C.,,,Activo,,,,,,J,Carpinteria Madera Locativas,384.0,Locativas,C,Subcontratos,Un,unidad,ACTIVO,NO,0.0,NO,NO,0.0,0.0,8620.69,19.0,10258.6211,4727.0,5007,PDA LOCATIVAS DARIEN,Carpinteria Madera Pareada,66.0,6222029.88,0,,und,0,SI,SI,NO,NO,SI,NO,
337,PDA LOCATIVAS,10 OBRAS EJECUCION DE GARANTIAS,ADPRO,En ejecucion,SI,SIN PROPIETARIO,337,PDA LOCATIVAS,25.0,PDA GENERALES NO ASIGNADOS,5032010,PDA GG NO ASIGNADOS,NO,Principal,GRUPOS,3370131,CARPINTERIA MADERA LOCATIVAS BARU Y DARIEN,ACTA DE OBRA,2016-06-27,RENE ALEJANDRO MELO JIMENEZ,27/06/2016,15/09/2016,1.0,1.0,689655.1724,110344.8276,800000.0,2202586.2069,2555000.0,2,800000.0,800000.0,Abierto,H1,Orden de T/S - 4,PRODUMADERAS SAS,900349812,,produmaderas@hotmail.com,CL 74 A 70 B 45 BRR BONANZA,2522926,P,30,BOGOTÁ D.C.,,,Activo,,,,,,J,Carpinteria Madera Locativas,384.0,Locativas,C,Subcontratos,Un,unidad,ACTIVO,NO,0.0,NO,NO,0.0,0.0,8620.69,19.0,10258.6211,4727.0,5007,PDA LOCATIVAS DARIEN,Carpinteria Madera Pareada,66.0,6222029.88,0,,und,0,SI,SI,NO,NO,SI,NO,
174,PDA PRELIMINARES,05 OBRAS PRELIMINARES,ADPRO,En ejecucion,SI,SIN PROPIETARIO,174,PDA PRELIMINARES,25.0,PDA GENERALES NO ASIGNADOS,5032010,PDA GG NO ASIGNADOS,NO,Principal,GRUPOS,1740256,INSTALACION RED PROVISIONAL AGUA KATIOS,Actas de Obra Quincenales,2016-01-05,RENE ALEJANDRO MELO JIMENEZ,05/01/2016,13/07/2016,16.0,11.0,159304.8516,695.1484,1760000.0,9425423.3798,9466552.5,8,160000.0,160000.0,Abierto,B2,Civil Proceso Constructivo,INSTALACIONES HIDRAULICAS SANITARIAS Y A GAS GP SAS,900714049,,gersan525@hotmail.com,CR 121 128 B  52 BL 162  AP 503,3134203541,A,0,BOGOTÁ D.C.,4322.0,"Instalaciones de fontanería, calefacción y aire acondicionado.",Activo,,,,,,J,Tee PEAD PE100 PN10 d=110mm,335.0,Redes Enterradas Rejillas Sumideros,M,Materiales,Un,unidad,ACTIVO,NO,3.0,NO,NO,0.0,0.0,49400.0,19.0,58786.0,4990.0,4001,PRELIMINARES,Obras Provisionales Sanitarias,1.065,81925657.5,0,,Sg,0,SI,SI,NO,NO,SI,NO,
174,PDA PRELIMINARES,05 OBRAS PRELIMINARES,ADPRO,En ejecucion,SI,SIN PROPIETARIO,174,PDA PRELIMINARES,25.0,PDA GENERALES NO ASIGNADOS,5032010,PDA GG NO ASIGNADOS,NO,Principal,GRUPOS,1740256,INSTALACION RED PROVISIONAL AGUA KATIOS,Actas de Obra Quincenales,2016-01-05,RENE ALEJANDRO MELO JIMENEZ,05/01/2016,13/07/2016,1600.05,1000.0,1194.7864,5.2136,1200000.0,9425423.3798,9466552.5,3,1200.0,1200.0,Abierto,B2,Civil Proceso Constructivo,INSTALACIONES HIDRAULICAS SANITARIAS Y A GAS GP SAS,900714049,,gersan525@hotmail.com,CR 121 128 B  52 BL 162  AP 503,3134203541,A,0,BOGOTÁ D.C.,4322.0,"Instalaciones de fontanería, calefacción y aire acondicionado.",Activo,,,,,,J,"Instalacion Tuberia Presion 1""",344.0,Mano Obra Redes Urbanismo,O,MdeO Contratista,m,metro,ACTIVO,NO,3.0,NO,NO,0.0,0.0,1925.62,19.0,2291.4878,4378.0,4001,PRELIMINARES,Obras Provisionales Sanitarias,1.065,81925657.5,0,,Sg,0,SI,SI,NO,NO,SI,NO,
174,PDA PRELIMINARES,05 OBRAS PRELIMINARES,ADPRO,En ejecucion,SI,SIN PROPIETARIO,174,PDA PRELIMINARES,25.0,PDA GENERALES NO ASIGNADOS,5032010,PDA GG NO ASIGNADOS,NO,Principal,GRUPOS,1740256,INSTALACION RED PROVISIONAL AGUA KATIOS,Actas de Obra Quincenales,2016-01-05,RENE ALEJANDRO MELO JIMENEZ,05/01/2016,13/07/2016,3.0,3.0,17921.7958,78.2042,54000.0,9425423.3798,9466552.5,5,18000.0,18000.0,Abierto,B2,Civil Proceso Constructivo,INSTALACIONES HIDRAULICAS SANITARIAS Y A GAS GP SAS,900714049,,gersan525@hotmail.com,CR 121 128 B  52 BL 162  AP 503,3134203541,A,0,BOGOTÁ D.C.,4322.0,"Instalaciones de fontanería, calefacción y aire acondicionado.",Activo,,,,,,J,"Registro Incorporacion AG d:1/2""",334.0,Internas Hidrosanitarias,M,Materiales,Un,unidad,ACTIVO,NO,0.0,NO,NO,0.0,0.0,12925.0,19.0,15380.75,2435.0,4001,PRELIMINARES,Obras Provisionales Sanitarias,1.065,81925657.5,0,,Sg,0,SI,SI,NO,NO,SI,NO,
174,PDA PRELIMINARES,05 OBRAS PRELIMINARES,ADPRO,En ejecucion,SI,SIN PROPIETARIO,174,PDA PRELIMINARES,25.0,PDA GENERALES NO ASIGNADOS,5032010,PDA GG NO ASIGNADOS,NO,Principal,GRUPOS,1740256,INSTALACION RED PROVISIONAL AGUA KATIOS,Actas de Obra Quincenales,2016-01-05,RENE ALEJANDRO MELO JIMENEZ,05/01/2016,13/07/2016,23.0,13.0,17921.7958,78.2042,234000.0,9425423.3798,9466552.5,6,18000.0,18000.0,Abierto,B2,Civil Proceso Constructivo,INSTALACIONES HIDRAULICAS SANITARIAS Y A GAS GP SAS,900714049,,gersan525@hotmail.com,CR 121 128 B  52 BL 162  AP 503,3134203541,A,0,BOGOTÁ D.C.,4322.0,"Instalaciones de fontanería, calefacción y aire acondicionado.",Activo,,,,,,J,"Registro 1/2""",334.0,Internas Hidrosanitarias,C,Subcontratos,Un,unidad,ACTIVO,NO,0.0,NO,NO,0.0,0.0,22462.07,19.0,26729.8633,2428.0,4001,PRELIMINARES,Obras Provisionales Sanitarias,1.065,81925657.5,0,,Sg,0,SI,SI,NO,NO,SI,NO,
174,PDA PRELIMINARES,05 OBRAS PRELIMINARES,ADPRO,En ejecucion,SI,SIN PROPIETARIO,174,PDA PRELIMINARES,25.0,PDA GENERALES NO ASIGNADOS,5032010,PDA GG NO ASIGNADOS,NO,Principal,GRUPOS,1740256,INSTALACION RED PROVISIONAL AGUA KATIOS,Actas de Obra Quincenales,2016-01-05,RENE ALEJANDRO MELO JIMENEZ,05/01/2016,13/07/2016,1600.05,1000.0,4181.7524,18.2476,4200000.0,9425423.3798,9466552.5,2,4200.0,4200.0,Abierto,B2,Civil Proceso Constructivo,INSTALACIONES HIDRAULICAS SANITARIAS Y A GAS GP SAS,900714049,,gersan525@hotmail.com,CR 121 128 B  52 BL 162  AP 503,3134203541,A,0,BOGOTÁ D.C.,4322.0,"Instalaciones de fontanería, calefacción y aire acondicionado.",Activo,,,,,,J,Tubo PEAD PD100 PE 10 25mm,335.0,Redes Enterradas Rejillas Sumideros,M,Materiales,m,metro,ACTIVO,NO,3.0,NO,NO,0.0,0.0,1559.48,19.0,1855.7812,4950.0,4001,PRELIMINARES,Obras Provisionales Sanitarias,1.065,81925657.5,0,,Sg,0,SI,SI,NO,NO,SI,NO,
174,PDA PRELIMINARES,05 OBRAS PRELIMINARES,ADPRO,En ejecucion,SI,SIN PROPIETARIO,174,PDA PRELIMINARES,25.0,PDA GENERALES NO ASIGNADOS,5032010,PDA GG NO ASIGNADOS,NO,Principal,GRUPOS,1740256,INSTALACION RED PROVISIONAL AGUA KATIOS,Actas de Obra Quincenales,2016-01-05,RENE ALEJANDRO MELO JIMENEZ,05/01/2016,13/07/2016,5.0,5.0,53765.3874,234.6126,270000.0,9425423.3798,9466552.5,7,54000.0,54000.0,Abierto,B2,Civil Proceso Constructivo,INSTALACIONES HIDRAULICAS SANITARIAS Y A GAS GP SAS,900714049,,gersan525@hotmail.com,CR 121 128 B  52 BL 162  AP 503,3134203541,A,0,BOGOTÁ D.C.,4322.0,"Instalaciones de fontanería, calefacción y aire acondicionado.",Activo,,,,,,J,Tapon PEAD PN10 d=110mm,335.0,Redes Enterradas Rejillas Sumideros,M,Materiales,Un,unidad,ACTIVO,NO,0.0,NO,NO,0.0,0.0,72655.17,19.0,86459.6523,4577.0,4001,PRELIMINARES,Obras Provisionales Sanitarias,1.065,81925657.5,0,,Sg,0,SI,SI,NO,NO,SI,NO,
174,PDA PRELIMINARES,05 OBRAS PRELIMINARES,ADPRO,En ejecucion,SI,SIN PROPIETARIO,174,PDA PRELIMINARES,25.0,PDA GENERALES NO ASIGNADOS,5032010,PDA GG NO ASIGNADOS,NO,Principal,GRUPOS,1740256,INSTALACION RED PROVISIONAL AGUA KATIOS,Actas de Obra Quincenales,2016-01-05,RENE ALEJANDRO MELO JIMENEZ,05/01/2016,13/07/2016,3.0,2.0,34101.1948,148.8052,68500.0,9425423.3798,9466552.5,4,34250.0,34250.0,Abierto,B2,Civil Proceso Constructivo,INSTALACIONES HIDRAULICAS SANITARIAS Y A GAS GP SAS,900714049,,gersan525@hotmail.com,CR 121 128 B  52 BL 162  AP 503,3134203541,A,0,BOGOTÁ D.C.,4322.0,"Instalaciones de fontanería, calefacción y aire acondicionado.",Activo,,,,,,J,"Collar Derivacion PVC 3x1/2""",335.0,Redes Enterradas Rejillas Sumideros,M,Materiales,Un,unidad,ACTIVO,NO,0.0,NO,NO,0.0,0.0,7077.59,19.0,8422.3321,1059.0,4001,PRELIMINARES,Obras Provisionales Sanitarias,1.065,81925657.5,0,,Sg,0,SI,SI,NO,NO,SI,NO,
174,PDA PRELIMINARES,05 OBRAS PRELIMINARES,ADPRO,En ejecucion,SI,SIN PROPIETARIO,174,PDA PRELIMINARES,25.0,PDA GENERALES NO ASIGNADOS,5032010,PDA GG NO ASIGNADOS,NO,Principal,GRUPOS,1740256,INSTALACION RED PROVISIONAL AGUA KATIOS,Actas de Obra Quincenales,2016-01-05,RENE ALEJANDRO MELO JIMENEZ,05/01/2016,13/07/2016,96.0,60.0,27879.2202,121.6548,1680052.5,9425423.3798,9466552.5,1,28000.875,28000.875,Abierto,B2,Civil Proceso Constructivo,INSTALACIONES HIDRAULICAS SANITARIAS Y A GAS GP SAS,900714049,,gersan525@hotmail.com,CR 121 128 B  52 BL 162  AP 503,3134203541,A,0,BOGOTÁ D.C.,4322.0,"Instalaciones de fontanería, calefacción y aire acondicionado.",Activo,,,,,,J,Excavacion Zanjas Tuberia,311.0,Actividades Obra,C,Subcontratos,m3,metro cubico,ACTIVO,NO,0.0,NO,NO,0.0,0.0,3620.69,19.0,4308.6211,1510.0,4001,PRELIMINARES,Obras Provisionales Sanitarias,1.065,81925657.5,0,,Sg,0,SI,SI,NO,NO,SI,NO,
250,PDA EDIFICIOS Y DOTACION COMUNAL ETAPA 5,08 EDIFICACIONES Y DOTACION COMUN,ADPRO,En ejecucion,SI,SIN PROPIETARIO,250,PDA EDIFICIOS Y DOTACION COMUNAL ETAPA 5,40.0,PDA EDIFICIOS Y DOTACION COMUNAL,5031015,PDA URBANISMO,NO,Principal,GRUPOS,2500002,"CONSTRUCCION CIMENTACION Y ESTRUCTURA PORTERIA, CUARTO BASURAS, SALON COMUNAL",Actas de Obra Quincenales,2016-03-29,RENE ALEJANDRO MELO JIMENEZ,29/03/2016,30/09/2016,2.48,2.48,20854.9223,145.07772,52080.0,68280478.7949,68755473.42997,2,21000.0,21000.0,Abierto,B,Civil Mano de Obra,P Y M CONSTRUCCIONES S.A.S,900721897,,SEGUNDO.MORANTES@hotmail.com,CR 102 129 50,6925791,A,0,BOGOTÁ D.C.,4111.0,Construcción de edificios residenciales.,Activo,,,,,,J,Excavacion Manual Compacta Zanja 0a50cm,345.0,Mano Obra Obras Urbanismo,O,MdeO Contratista,m3,metro cubico,ACTIVO,NO,3.0,NO,NO,0.0,0.0,24300.0,19.0,30000.0,4395.0,2002,CUARTO BASURAS,Excavación Manual Cabezales,1.18,31370.3,0,,m3,0,SI,SI,NO,NO,SI,NO,
250,PDA EDIFICIOS Y DOTACION COMUNAL ETAPA 5,08 EDIFICACIONES Y DOTACION COMUN,ADPRO,En ejecucion,SI,SIN PROPIETARIO,250,PDA EDIFICIOS Y DOTACION COMUNAL ETAPA 5,40.0,PDA EDIFICIOS Y DOTACION COMUNAL,5031015,PDA URBANISMO,NO,Principal,GRUPOS,2500002,"CONSTRUCCION CIMENTACION Y ESTRUCTURA PORTERIA, CUARTO BASURAS, SALON COMUNAL",Actas de Obra Quincenales,2016-03-29,RENE ALEJANDRO MELO JIMENEZ,29/03/2016,30/09/2016,5.0,5.0,131312.4123,913.47765,661129.45,68280478.7949,68755473.42997,10,132225.89,132225.89,Abierto,B,Civil Mano de Obra,P Y M CONSTRUCCIONES S.A.S,900721897,,SEGUNDO.MORANTES@hotmail.com,CR 102 129 50,6925791,A,0,BOGOTÁ D.C.,4111.0,Construcción de edificios residenciales.,Activo,,,,,,J,Mdo Viga Amarre Rectangular Concreto,311.0,Actividades Obra,O,MdeO Contratista,m3,metro cubico,ACTIVO,NO,3.0,NO,NO,0.0,0.0,229480.29,19.0,283309.0,4394.0,3012,CUARTO BASURAS,Viga Cimentacion Concreto 3000 PSI,5.0,2524549.968,0,,m3,0,SI,SI,NO,NO,SI,NO,
250,PDA EDIFICIOS Y DOTACION COMUNAL ETAPA 5,08 EDIFICACIONES Y DOTACION COMUN,ADPRO,En ejecucion,SI,SIN PROPIETARIO,250,PDA EDIFICIOS Y DOTACION COMUNAL ETAPA 5,40.0,PDA EDIFICIOS Y DOTACION COMUNAL,5031015,PDA URBANISMO,NO,Principal,GRUPOS,2500002,"CONSTRUCCION CIMENTACION Y ESTRUCTURA PORTERIA, CUARTO BASURAS, SALON COMUNAL",Actas de Obra Quincenales,2016-03-29,RENE ALEJANDRO MELO JIMENEZ,29/03/2016,30/09/2016,2.64,2.64,126173.4715,877.7285,335415.168,68280478.7949,68755473.42997,8,127051.2,127051.2,Abierto,B,Civil Mano de Obra,P Y M CONSTRUCCIONES S.A.S,900721897,,SEGUNDO.MORANTES@hotmail.com,CR 102 129 50,6925791,A,0,BOGOTÁ D.C.,4111.0,Construcción de edificios residenciales.,Activo,,,,,,J,MdO Dado en Concreto,311.0,Actividades Obra,O,MdeO Contratista,m3,metro cubico,ACTIVO,NO,3.0,NO,NO,0.0,0.0,106916.45,19.0,127230.5755,4296.0,3007,CUARTO BASURAS,Cabezales en Concreto,1.18,624703.7924,0,,m3,0,SI,SI,NO,NO,SI,NO,
419,PDA CLUB HOUSE,08 EDIFICACIONES Y DOTACION COMUN,ADPRO,En ejecucion,SI,SIN PROPIETARIO,419,PDA CLUB HOUSE,40.0,PDA EDIFICIOS Y DOTACION COMUNAL,5031015,PDA URBANISMO,NO,Principal,GRUPOS,4190010,RELLENO COMPACTADO PISCINA CLUB HOUSE,Actas de Obra Quincenales,2016-03-28,RENE ALEJANDRO MELO JIMENEZ,28/03/2016,19/08/2016,512.0,450.0,14890.7104,109.2896,6750000.0,6700819.6721,6750000.0,1,15000.0,15000.0,Abierto,B2,Civil Proceso Constructivo,C R M INGENIERIA SAS,900727248,,cringenieriacivil@gmail.com,CR 59 B  66 A  42,4657853,A,0,BOGOTÁ D.C.,4290.0,Construcción de otras obras de ingeniería civil.,Activo,,,,,,J,Recebo Comun B-200,319.0,Concretos Morteros Agregados,C,Subcontratos,m3,metro cubico,ACTIVO,NO,0.0,NO,NO,0.0,0.0,30103.3613,19.0,35823.0,2369.0,2005,PDA CLUB HOUSE,Relleno Recebo,377.34,18225522.0,0,,m3,0,SI,SI,NO,NO,SI,NO,
250,PDA EDIFICIOS Y DOTACION COMUNAL ETAPA 5,08 EDIFICACIONES Y DOTACION COMUN,ADPRO,En ejecucion,SI,SIN PROPIETARIO,250,PDA EDIFICIOS Y DOTACION COMUNAL ETAPA 5,40.0,PDA EDIFICIOS Y DOTACION COMUNAL,5031015,PDA URBANISMO,NO,Principal,GRUPOS,2500011,ACABADOS CIELORASO DOTACION COMUNAL KATIOS,Actas de Obra Quincenales,2016-08-29,RENE ALEJANDRO MELO JIMENEZ,29/08/2016,08/08/2017,83.34,83.34,44852.6712,367.32791,3768634.72499,11648014.4449,11743407.66665,4,45219.9991,45219.9991,Abierto,B3,Civil Todo Costo,REPRESENTACIONES ARCADA LTDA,900080728,,arcada_gam@hotmail.com,CR 29 C  71 A  71,5426738,A,1,BOGOTÁ D.C.,4330.0,Terminación y acabado de edificios y obras de ingeniería civil.,Activo,,,,,,J,"Cieloraso Drywall 1/2"" (1ra mano pintura + dilatacion)",318.0,Cielorasos Aislamientos,C,Subcontratos,m2,metro cuadrado,ACTIVO,NO,0.0,NO,NO,0.0,0.0,32309.48,19.0,38448.2812,886.0,21003,SQUASH,Cieloraso (1era Mano Pintura + Dilatacion),84.84,3751613.7708,0,,m2,0,SI,SI,NO,NO,SI,NO,
250,PDA EDIFICIOS Y DOTACION COMUNAL ETAPA 5,08 EDIFICACIONES Y DOTACION COMUN,ADPRO,En ejecucion,SI,SIN PROPIETARIO,250,PDA EDIFICIOS Y DOTACION COMUNAL ETAPA 5,40.0,PDA EDIFICIOS Y DOTACION COMUNAL,5031015,PDA URBANISMO,NO,Principal,GRUPOS,2500002,"CONSTRUCCION CIMENTACION Y ESTRUCTURA PORTERIA, CUARTO BASURAS, SALON COMUNAL",Actas de Obra Quincenales,2016-03-29,RENE ALEJANDRO MELO JIMENEZ,29/03/2016,30/09/2016,96.81,96.81,18692.3661,130.03385,1822196.544,68280478.7949,68755473.42997,14,18822.4,18822.4,Abierto,B,Civil Mano de Obra,P Y M CONSTRUCCIONES S.A.S,900721897,,SEGUNDO.MORANTES@hotmail.com,CR 102 129 50,6925791,A,0,BOGOTÁ D.C.,4111.0,Construcción de edificios residenciales.,Activo,,,,,,J,MdO Placa Contrapiso Concreto e=10cm,346.0,Mano Obra Gris,O,MdeO Contratista,m2,metro cuadrado,ACTIVO,NO,0.0,NO,NO,0.0,0.0,7758.62,19.0,9232.7578,4434.0,3018,SQUASH,Placa Contrapiso Concreto 3000 PSI e=10cm,94.18,5330738.6277,0,,m2,0,SI,SI,NO,NO,SI,NO,
250,PDA EDIFICIOS Y DOTACION COMUNAL ETAPA 5,08 EDIFICACIONES Y DOTACION COMUN,ADPRO,En ejecucion,SI,SIN PROPIETARIO,250,PDA EDIFICIOS Y DOTACION COMUNAL ETAPA 5,40.0,PDA EDIFICIOS Y DOTACION COMUNAL,5031015,PDA URBANISMO,NO,Principal,GRUPOS,2500002,"CONSTRUCCION CIMENTACION Y ESTRUCTURA PORTERIA, CUARTO BASURAS, SALON COMUNAL",Actas de Obra Quincenales,2016-03-29,RENE ALEJANDRO MELO JIMENEZ,29/03/2016,30/09/2016,36.67,36.67,18692.3661,130.03385,690217.408,68280478.7949,68755473.42997,12,18822.4,18822.4,Abierto,B,Civil Mano de Obra,P Y M CONSTRUCCIONES S.A.S,900721897,,SEGUNDO.MORANTES@hotmail.com,CR 102 129 50,6925791,A,0,BOGOTÁ D.C.,4111.0,Construcción de edificios residenciales.,Activo,,,,,,J,MdO Placa Contrapiso Concreto e=10cm,346.0,Mano Obra Gris,O,MdeO Contratista,m2,metro cuadrado,ACTIVO,NO,0.0,NO,NO,0.0,0.0,7758.62,19.0,9232.7578,4434.0,3016,CUARTO BASURAS,Placa Contrapiso Concreto 3000 PSI e=10cm,37.55,2125390.056,0,,m2,0,SI,SI,NO,NO,SI,NO,
250,PDA EDIFICIOS Y DOTACION COMUNAL ETAPA 5,08 EDIFICACIONES Y DOTACION COMUN,ADPRO,En ejecucion,SI,SIN PROPIETARIO,250,PDA EDIFICIOS Y DOTACION COMUNAL ETAPA 5,40.0,PDA EDIFICIOS Y DOTACION COMUNAL,5031015,PDA URBANISMO,NO,Principal,GRUPOS,2500002,"CONSTRUCCION CIMENTACION Y ESTRUCTURA PORTERIA, CUARTO BASURAS, SALON COMUNAL",Actas de Obra Quincenales,2016-03-29,RENE ALEJANDRO MELO JIMENEZ,29/03/2016,30/09/2016,26.0,26.0,20854.9223,145.07772,546000.0,68280478.7949,68755473.42997,6,21000.0,21000.0,Abierto,B,Civil Mano de Obra,P Y M CONSTRUCCIONES S.A.S,900721897,,SEGUNDO.MORANTES@hotmail.com,CR 102 129 50,6925791,A,0,BOGOTÁ D.C.,4111.0,Construcción de edificios residenciales.,Activo,,,,,,J,Excavacion Manual Compacta Zanja 0a50cm,345.0,Mano Obra Obras Urbanismo,O,MdeO Contratista,m3,metro cubico,ACTIVO,NO,3.0,NO,NO,0.0,0.0,24300.0,19.0,30000.0,4395.0,2010,SALON COMUNAL,Excavación Manual Vigas,12.0,319020.0,0,,m3,0,SI,SI,NO,NO,SI,NO,
250,PDA EDIFICIOS Y DOTACION COMUNAL ETAPA 5,08 EDIFICACIONES Y DOTACION COMUN,ADPRO,En ejecucion,SI,SIN PROPIETARIO,250,PDA EDIFICIOS Y DOTACION COMUNAL ETAPA 5,40.0,PDA EDIFICIOS Y DOTACION COMUNAL,5031015,PDA URBANISMO,NO,Principal,GRUPOS,2500002,"CONSTRUCCION CIMENTACION Y ESTRUCTURA PORTERIA, CUARTO BASURAS, SALON COMUNAL",Actas de Obra Quincenales,2016-03-29,RENE ALEJANDRO MELO JIMENEZ,29/03/2016,30/09/2016,10.44,10.44,128510.0173,893.98273,1350977.76,68280478.7949,68755473.42997,19,129404.0,129404.0,Abierto,B,Civil Mano de Obra,P Y M CONSTRUCCIONES S.A.S,900721897,,SEGUNDO.MORANTES@hotmail.com,CR 102 129 50,6925791,A,0,BOGOTÁ D.C.,4111.0,Construcción de edificios residenciales.,Activo,,,,,,J,Mdo Viga Amarre Rectangular Concreto,311.0,Actividades Obra,O,MdeO Contratista,m3,metro cubico,ACTIVO,NO,3.0,NO,NO,0.0,0.0,229480.29,19.0,283309.0,4394.0,3037,SQUASH,Viga Cimentacion Concreto 3000 PSI,7.7,3887806.9507,0,,m3,0,SI,SI,NO,NO,SI,NO,
250,PDA EDIFICIOS Y DOTACION COMUNAL ETAPA 5,08 EDIFICACIONES Y DOTACION COMUN,ADPRO,En ejecucion,SI,SIN PROPIETARIO,250,PDA EDIFICIOS Y DOTACION COMUNAL ETAPA 5,40.0,PDA EDIFICIOS Y DOTACION COMUNAL,5031015,PDA URBANISMO,NO,Principal,GRUPOS,2500002,"CONSTRUCCION CIMENTACION Y ESTRUCTURA PORTERIA, CUARTO BASURAS, SALON COMUNAL",Actas de Obra Quincenales,2016-03-29,RENE ALEJANDRO MELO JIMENEZ,29/03/2016,30/09/2016,4.66,4.66,20854.9223,145.07772,97860.0,68280478.7949,68755473.42997,4,21000.0,21000.0,Abierto,B,Civil Mano de Obra,P Y M CONSTRUCCIONES S.A.S,900721897,,SEGUNDO.MORANTES@hotmail.com,CR 102 129 50,6925791,A,0,BOGOTÁ D.C.,4111.0,Construcción de edificios residenciales.,Activo,,,,,,J,Excavacion Manual Compacta Zanja 0a50cm,345.0,Mano Obra Obras Urbanismo,O,MdeO Contratista,m3,metro cubico,ACTIVO,NO,3.0,NO,NO,0.0,0.0,24300.0,19.0,30000.0,4395.0,2004,CUARTO BASURAS,Excavación Manual Vigas,2.8,74438.0,0,,m3,0,SI,SI,NO,NO,SI,NO,
250,PDA EDIFICIOS Y DOTACION COMUNAL ETAPA 5,08 EDIFICACIONES Y DOTACION COMUN,ADPRO,En ejecucion,SI,SIN PROPIETARIO,250,PDA EDIFICIOS Y DOTACION COMUNAL ETAPA 5,40.0,PDA EDIFICIOS Y DOTACION COMUNAL,5031015,PDA URBANISMO,NO,Principal,GRUPOS,2500010,SUMINISTRO E INSTALACION MESONES EN MARMOL Y GRANITO PARA COCINA Y BAÑOS,Actas de Obra Quincenales,2016-08-29,RENE ALEJANDRO MELO JIMENEZ,29/08/2016,17/08/2017,5.0,5.0,237069.0,45043.11,1410560.55,5073161.0928,6037061.7004,10,282112.11,282112.11,Abierto,H1,Orden de T/S - 4,ACANTHUS S A S,830503864,,finanzas@acanthusmarmoles.com,CR 18 164 47,6716592,A,45,BOGOTÁ D.C.,4663.0,"Comercio al por mayor de materiales de construcción, artículos de ferretería, pinturas, productos de vidrio, equipo y materiales de fontanería y calefacción.",Activo,,,,,,J,Meson Marmol Cafe Faraon,313.0,Aparatos Griferias Accesorios,C,Subcontratos,m,metro,ACTIVO,NO,3.0,NO,NO,0.0,0.0,247000.0,19.0,293930.0,6155.0,18002,SALON COMUNAL,Meson Mármol Café Faraón,5.0,1432600.0,0,,m,0,SI,SI,NO,NO,SI,NO,
250,PDA EDIFICIOS Y DOTACION COMUNAL ETAPA 5,08 EDIFICACIONES Y DOTACION COMUN,ADPRO,En ejecucion,SI,SIN PROPIETARIO,250,PDA EDIFICIOS Y DOTACION COMUNAL ETAPA 5,40.0,PDA EDIFICIOS Y DOTACION COMUNAL,5031015,PDA URBANISMO,NO,Principal,GRUPOS,2500002,"CONSTRUCCION CIMENTACION Y ESTRUCTURA PORTERIA, CUARTO BASURAS, SALON COMUNAL",Actas de Obra Quincenales,2016-03-29,RENE ALEJANDRO MELO JIMENEZ,29/03/2016,30/09/2016,4.63,4.63,128510.0173,893.98273,599140.52,68280478.7949,68755473.42997,18,129404.0,129404.0,Abierto,B,Civil Mano de Obra,P Y M CONSTRUCCIONES S.A.S,900721897,,SEGUNDO.MORANTES@hotmail.com,CR 102 129 50,6925791,A,0,BOGOTÁ D.C.,4111.0,Construcción de edificios residenciales.,Activo,,,,,,J,Mdo Viga Amarre Rectangular Concreto,311.0,Actividades Obra,O,MdeO Contratista,m3,metro cubico,ACTIVO,NO,3.0,NO,NO,0.0,0.0,229480.29,19.0,283309.0,4394.0,3035,PERGOLA,Viga Cimentacion Concreto 3000 PSI,4.8,2423567.9693,0,,m3,0,SI,SI,NO,NO,SI,NO,
250,PDA EDIFICIOS Y DOTACION COMUNAL ETAPA 5,08 EDIFICACIONES Y DOTACION COMUN,ADPRO,En ejecucion,SI,SIN PROPIETARIO,250,PDA EDIFICIOS Y DOTACION COMUNAL ETAPA 5,40.0,PDA EDIFICIOS Y DOTACION COMUNAL,5031015,PDA URBANISMO,NO,Principal,GRUPOS,2500010,SUMINISTRO E INSTALACION MESONES EN MARMOL Y GRANITO PARA COCINA Y BAÑOS,Actas de Obra Quincenales,2016-08-29,RENE ALEJANDRO MELO JIMENEZ,29/08/2016,17/08/2017,3.76,3.76,250000.0,47500.0,1118600.0,5073161.0928,6037061.7004,5,297500.0,297500.0,Abierto,H1,Orden de T/S - 4,ACANTHUS S A S,830503864,,finanzas@acanthusmarmoles.com,CR 18 164 47,6716592,A,45,BOGOTÁ D.C.,4663.0,"Comercio al por mayor de materiales de construcción, artículos de ferretería, pinturas, productos de vidrio, equipo y materiales de fontanería y calefacción.",Activo,,,,,,J,Salpicadero Granito Jaspe,321.0,Enchapes Pisos,C,Subcontratos,m,metro,ACTIVO,NO,3.0,NO,NO,0.0,0.0,172413.79,19.0,205172.4101,6137.0,19004,SALON COMUNAL,Salpicadero Cocina Granito Jaspe,2.5,500000.0,0,,ml,0,SI,SI,NO,NO,SI,NO,
250,PDA EDIFICIOS Y DOTACION COMUNAL ETAPA 5,08 EDIFICACIONES Y DOTACION COMUN,ADPRO,En ejecucion,SI,SIN PROPIETARIO,250,PDA EDIFICIOS Y DOTACION COMUNAL ETAPA 5,40.0,PDA EDIFICIOS Y DOTACION COMUNAL,5031015,PDA URBANISMO,NO,Principal,GRUPOS,2500010,SUMINISTRO E INSTALACION MESONES EN MARMOL Y GRANITO PARA COCINA Y BAÑOS,Actas de Obra Quincenales,2016-08-29,RENE ALEJANDRO MELO JIMENEZ,29/08/2016,17/08/2017,1.61,1.61,189655.0,36034.45,363360.0145,5073161.0928,6037061.7004,7,225689.45,225689.45,Abierto,H1,Orden de T/S - 4,ACANTHUS S A S,830503864,,finanzas@acanthusmarmoles.com,CR 18 164 47,6716592,A,45,BOGOTÁ D.C.,4663.0,"Comercio al por mayor de materiales de construcción, artículos de ferretería, pinturas, productos de vidrio, equipo y materiales de fontanería y calefacción.",Activo,,,,,,J,Meson Marmol Cafe Pinta,313.0,Aparatos Griferias Accesorios,C,Subcontratos,m,metro,ACTIVO,NO,0.0,NO,NO,0.0,0.0,247899.1597,19.0,295000.0,1940.0,18001,PORTERIA,Meson Mármol Café Pinta (0.90x0.60m),4.0,769701.6,0,,und,0,SI,SI,NO,NO,SI,NO,
250,PDA EDIFICIOS Y DOTACION COMUNAL ETAPA 5,08 EDIFICACIONES Y DOTACION COMUN,ADPRO,En ejecucion,SI,SIN PROPIETARIO,250,PDA EDIFICIOS Y DOTACION COMUNAL ETAPA 5,40.0,PDA EDIFICIOS Y DOTACION COMUNAL,5031015,PDA URBANISMO,NO,Principal,GRUPOS,2500010,SUMINISTRO E INSTALACION MESONES EN MARMOL Y GRANITO PARA COCINA Y BAÑOS,Actas de Obra Quincenales,2016-08-29,RENE ALEJANDRO MELO JIMENEZ,29/08/2016,17/08/2017,0.8,0.8,207759.0,39474.21,197786.568,5073161.0928,6037061.7004,6,247233.21,247233.21,Abierto,H1,Orden de T/S - 4,ACANTHUS S A S,830503864,,finanzas@acanthusmarmoles.com,CR 18 164 47,6716592,A,45,BOGOTÁ D.C.,4663.0,"Comercio al por mayor de materiales de construcción, artículos de ferretería, pinturas, productos de vidrio, equipo y materiales de fontanería y calefacción.",Activo,,,,,,J,Meson Marmol Cafe Pinta,313.0,Aparatos Griferias Accesorios,C,Subcontratos,m,metro,ACTIVO,NO,0.0,NO,NO,0.0,0.0,247899.1597,19.0,295000.0,1940.0,18001,PORTERIA,Meson Mármol Café Pinta (0.90x0.60m),4.0,769701.6,0,,und,0,SI,SI,NO,NO,SI,NO,
250,PDA EDIFICIOS Y DOTACION COMUNAL ETAPA 5,08 EDIFICACIONES Y DOTACION COMUN,ADPRO,En ejecucion,SI,SIN PROPIETARIO,250,PDA EDIFICIOS Y DOTACION COMUNAL ETAPA 5,40.0,PDA EDIFICIOS Y DOTACION COMUNAL,5031015,PDA URBANISMO,NO,Principal,GRUPOS,2500010,SUMINISTRO E INSTALACION MESONES EN MARMOL Y GRANITO PARA COCINA Y BAÑOS,Actas de Obra Quincenales,2016-08-29,RENE ALEJANDRO MELO JIMENEZ,29/08/2016,17/08/2017,2.57,2.57,206897.0,39310.43,632753.0951,5073161.0928,6037061.7004,9,246207.43,246207.43,Abierto,H1,Orden de T/S - 4,ACANTHUS S A S,830503864,,finanzas@acanthusmarmoles.com,CR 18 164 47,6716592,A,45,BOGOTÁ D.C.,4663.0,"Comercio al por mayor de materiales de construcción, artículos de ferretería, pinturas, productos de vidrio, equipo y materiales de fontanería y calefacción.",Activo,,,,,,J,Meson Marmol Cafe Pinta,313.0,Aparatos Griferias Accesorios,C,Subcontratos,m,metro,ACTIVO,NO,0.0,NO,NO,0.0,0.0,247899.1597,19.0,295000.0,1940.0,18001,PORTERIA,Meson Mármol Café Pinta (0.90x0.60m),4.0,769701.6,0,,und,0,SI,SI,NO,NO,SI,NO,
250,PDA EDIFICIOS Y DOTACION COMUNAL ETAPA 5,08 EDIFICACIONES Y DOTACION COMUN,ADPRO,En ejecucion,SI,SIN PROPIETARIO,250,PDA EDIFICIOS Y DOTACION COMUNAL ETAPA 5,40.0,PDA EDIFICIOS Y DOTACION COMUNAL,5031015,PDA URBANISMO,NO,Principal,GRUPOS,2500010,SUMINISTRO E INSTALACION MESONES EN MARMOL Y GRANITO PARA COCINA Y BAÑOS,Actas de Obra Quincenales,2016-08-29,RENE ALEJANDRO MELO JIMENEZ,29/08/2016,17/08/2017,3.1,3.1,267241.0,50775.79,985852.049,5073161.0928,6037061.7004,8,318016.79,318016.79,Abierto,H1,Orden de T/S - 4,ACANTHUS S A S,830503864,,finanzas@acanthusmarmoles.com,CR 18 164 47,6716592,A,45,BOGOTÁ D.C.,4663.0,"Comercio al por mayor de materiales de construcción, artículos de ferretería, pinturas, productos de vidrio, equipo y materiales de fontanería y calefacción.",Activo,,,,,,J,Meson Marmol Cafe Pinta,313.0,Aparatos Griferias Accesorios,C,Subcontratos,m,metro,ACTIVO,NO,0.0,NO,NO,0.0,0.0,247899.1597,19.0,295000.0,1940.0,18001,PORTERIA,Meson Mármol Café Pinta (0.90x0.60m),4.0,769701.6,0,,und,0,SI,SI,NO,NO,SI,NO,
250,PDA EDIFICIOS Y DOTACION COMUNAL ETAPA 5,08 EDIFICACIONES Y DOTACION COMUN,ADPRO,En ejecucion,SI,SIN PROPIETARIO,250,PDA EDIFICIOS Y DOTACION COMUNAL ETAPA 5,40.0,PDA EDIFICIOS Y DOTACION COMUNAL,5031015,PDA URBANISMO,NO,Principal,GRUPOS,2500002,"CONSTRUCCION CIMENTACION Y ESTRUCTURA PORTERIA, CUARTO BASURAS, SALON COMUNAL",Actas de Obra Quincenales,2016-03-29,RENE ALEJANDRO MELO JIMENEZ,29/03/2016,30/09/2016,233.09,233.09,72432.9188,503.88117,17000838.712,68280478.7949,68755473.42997,21,72936.8,72936.8,Abierto,B,Civil Mano de Obra,P Y M CONSTRUCCIONES S.A.S,900721897,,SEGUNDO.MORANTES@hotmail.com,CR 102 129 50,6925791,A,0,BOGOTÁ D.C.,4111.0,Construcción de edificios residenciales.,Activo,,,,,,J,MdO Placa Entrepiso Vigas Desc e=30cm,346.0,Mano Obra Gris,O,MdeO Contratista,m2,metro cuadrado,ACTIVO,NO,3.0,NO,NO,0.0,0.0,31160.34,19.0,37080.8046,4856.0,4005,PORTERIA,Placa Cubierta h=30cm,99.3,13030210.2392,0,,m2,0,SI,SI,NO,NO,SI,NO,
250,PDA EDIFICIOS Y DOTACION COMUNAL ETAPA 5,08 EDIFICACIONES Y DOTACION COMUN,ADPRO,En ejecucion,SI,SIN PROPIETARIO,250,PDA EDIFICIOS Y DOTACION COMUNAL ETAPA 5,40.0,PDA EDIFICIOS Y DOTACION COMUNAL,5031015,PDA URBANISMO,NO,Principal,GRUPOS,2500002,"CONSTRUCCION CIMENTACION Y ESTRUCTURA PORTERIA, CUARTO BASURAS, SALON COMUNAL",Actas de Obra Quincenales,2016-03-29,RENE ALEJANDRO MELO JIMENEZ,29/03/2016,30/09/2016,6.94,6.94,130846.563,910.23696,914392.192,68280478.7949,68755473.42997,22,131756.8,131756.8,Abierto,B,Civil Mano de Obra,P Y M CONSTRUCCIONES S.A.S,900721897,,SEGUNDO.MORANTES@hotmail.com,CR 102 129 50,6925791,A,0,BOGOTÁ D.C.,4111.0,Construcción de edificios residenciales.,Activo,,,,,,J,MdO Viga Aerea Rectangular Concreto,346.0,Mano Obra Gris,O,MdeO Contratista,m3,metro cubico,ACTIVO,NO,3.0,NO,NO,0.0,0.0,463320.0,19.0,572000.0,4795.0,4008,PORTERIA,Viga Aerea Cubierta Concreto 3000 PSI,6.17,3818746.1239,0,,m3,0,SI,SI,NO,NO,SI,NO,
419,PDA CLUB HOUSE,08 EDIFICACIONES Y DOTACION COMUN,ADPRO,En ejecucion,SI,SIN PROPIETARIO,419,PDA CLUB HOUSE,40.0,PDA EDIFICIOS Y DOTACION COMUNAL,5031015,PDA URBANISMO,NO,Principal,GRUPOS,4190023,SUMINISTRO E INSTALACION MESONES PARA BAÑO Y COCINA DE CLUB HOUSE,Actas de Obra Quincenales,2016-10-11,RENE ALEJANDRO MELO JIMENEZ,11/10/2016,30/12/2016,8.91,8.91,258620.6897,49137.93104,2742129.31082,18136637.9315,21582599.13848,5,307758.620743,307758.620743,Abierto,C1,Suministro Instalacion,ACANTHUS S A S,830503864,,finanzas@acanthusmarmoles.com,CR 18 164 47,6716592,A,45,BOGOTÁ D.C.,4663.0,"Comercio al por mayor de materiales de construcción, artículos de ferretería, pinturas, productos de vidrio, equipo y materiales de fontanería y calefacción.",Activo,,,,,,J,Todo Costo o Proceso Const.,999.0,Varios,C,Subcontratos,Un,unidad,ACTIVO,NO,3.0,NO,NO,0.0,0.0,8620.69,19.0,10258.6211,4060.0,18007,PDA CLUB HOUSE,Meson Marmol Barra Autoservicio,2.53,932072.8725,0,,ml,0,SI,SI,NO,NO,SI,NO,
419,PDA CLUB HOUSE,08 EDIFICACIONES Y DOTACION COMUN,ADPRO,En ejecucion,SI,SIN PROPIETARIO,419,PDA CLUB HOUSE,40.0,PDA EDIFICIOS Y DOTACION COMUNAL,5031015,PDA URBANISMO,NO,Principal,GRUPOS,4190023,SUMINISTRO E INSTALACION MESONES PARA BAÑO Y COCINA DE CLUB HOUSE,Actas de Obra Quincenales,2016-10-11,RENE ALEJANDRO MELO JIMENEZ,11/10/2016,30/12/2016,8.98,8.98,189655.1724,36034.48276,2026693.1033,18136637.9315,21582599.13848,4,225689.655156,225689.655156,Abierto,C1,Suministro Instalacion,ACANTHUS S A S,830503864,,finanzas@acanthusmarmoles.com,CR 18 164 47,6716592,A,45,BOGOTÁ D.C.,4663.0,"Comercio al por mayor de materiales de construcción, artículos de ferretería, pinturas, productos de vidrio, equipo y materiales de fontanería y calefacción.",Activo,,,,,,J,Todo Costo o Proceso Const.,999.0,Varios,C,Subcontratos,Un,unidad,ACTIVO,NO,3.0,NO,NO,0.0,0.0,8620.69,19.0,10258.6211,4060.0,18007,PDA CLUB HOUSE,Meson Marmol Barra Autoservicio,2.53,932072.8725,0,,ml,0,SI,SI,NO,NO,SI,NO,
419,PDA CLUB HOUSE,08 EDIFICACIONES Y DOTACION COMUN,ADPRO,En ejecucion,SI,SIN PROPIETARIO,419,PDA CLUB HOUSE,40.0,PDA EDIFICIOS Y DOTACION COMUNAL,5031015,PDA URBANISMO,NO,Principal,GRUPOS,4190023,SUMINISTRO E INSTALACION MESONES PARA BAÑO Y COCINA DE CLUB HOUSE,Actas de Obra Quincenales,2016-10-11,RENE ALEJANDRO MELO JIMENEZ,11/10/2016,30/12/2016,3.33,3.33,232758.6207,44224.13793,922352.58625,18136637.9315,21582599.13848,6,276982.758633,276982.758633,Abierto,C1,Suministro Instalacion,ACANTHUS S A S,830503864,,finanzas@acanthusmarmoles.com,CR 18 164 47,6716592,A,45,BOGOTÁ D.C.,4663.0,"Comercio al por mayor de materiales de construcción, artículos de ferretería, pinturas, productos de vidrio, equipo y materiales de fontanería y calefacción.",Activo,,,,,,J,Todo Costo o Proceso Const.,999.0,Varios,C,Subcontratos,Un,unidad,ACTIVO,NO,3.0,NO,NO,0.0,0.0,8620.69,19.0,10258.6211,4060.0,18007,PDA CLUB HOUSE,Meson Marmol Barra Autoservicio,2.53,932072.8725,0,,ml,0,SI,SI,NO,NO,SI,NO,
419,PDA CLUB HOUSE,08 EDIFICACIONES Y DOTACION COMUN,ADPRO,En ejecucion,SI,SIN PROPIETARIO,419,PDA CLUB HOUSE,40.0,PDA EDIFICIOS Y DOTACION COMUNAL,5031015,PDA URBANISMO,NO,Principal,GRUPOS,4190017,SUMINISTRO E INSTALACION BARANDA PARA BALCON Y ESCALERA,Actas de Obra Quincenales,2016-08-29,RENE ALEJANDRO MELO JIMENEZ,01/09/2016,31/12/2016,45.92,45.92,614541.0,116762.79,33581470.0368,46132801.1788,54898033.4028,1,731303.79,731303.79,Abierto,C2,Fabricacion Suministro Instalacion,INDUSTRIAS PARMON S.A.,830130601,,contabilidad@parmon.net,CR 72 A  68 B  63,4383939,A,0,BOGOTÁ D.C.,2511.0,Fabricación de productos metálicos para uso estructural.,Activo,,,,,,J,Baranda Vidrio Templado h = 0.95,317.0,Cerraduras Vidrios,C,Subcontratos,m,metro,ACTIVO,NO,0.0,NO,NO,0.0,0.0,380000.0,19.0,452200.0,5481.0,15001,PDA CLUB HOUSE,Baranda Vidrio Templado Balcon h=1m,19.55,12809160.0,0,,m,0,SI,SI,NO,NO,SI,NO,
250,PDA EDIFICIOS Y DOTACION COMUNAL ETAPA 5,08 EDIFICACIONES Y DOTACION COMUN,ADPRO,En ejecucion,SI,SIN PROPIETARIO,250,PDA EDIFICIOS Y DOTACION COMUNAL ETAPA 5,40.0,PDA EDIFICIOS Y DOTACION COMUNAL,5031015,PDA URBANISMO,NO,Principal,GRUPOS,2500002,"CONSTRUCCION CIMENTACION Y ESTRUCTURA PORTERIA, CUARTO BASURAS, SALON COMUNAL",Actas de Obra Quincenales,2016-03-29,RENE ALEJANDRO MELO JIMENEZ,29/03/2016,30/09/2016,8.73,8.73,20854.9223,145.07772,183330.0,68280478.7949,68755473.42997,3,21000.0,21000.0,Abierto,B,Civil Mano de Obra,P Y M CONSTRUCCIONES S.A.S,900721897,,SEGUNDO.MORANTES@hotmail.com,CR 102 129 50,6925791,A,0,BOGOTÁ D.C.,4111.0,Construcción de edificios residenciales.,Activo,,,,,,J,Excavacion Manual Compacta Zanja 0a50cm,345.0,Mano Obra Obras Urbanismo,O,MdeO Contratista,m3,metro cubico,ACTIVO,NO,3.0,NO,NO,0.0,0.0,24300.0,19.0,30000.0,4395.0,2003,PORTERIA,Excavación Manual Vigas,18.3,486505.5,0,,m3,0,SI,SI,NO,NO,SI,NO,
250,PDA EDIFICIOS Y DOTACION COMUNAL ETAPA 5,08 EDIFICACIONES Y DOTACION COMUN,ADPRO,En ejecucion,SI,SIN PROPIETARIO,250,PDA EDIFICIOS Y DOTACION COMUNAL ETAPA 5,40.0,PDA EDIFICIOS Y DOTACION COMUNAL,5031015,PDA URBANISMO,NO,Principal,GRUPOS,2500011,ACABADOS CIELORASO DOTACION COMUNAL KATIOS,Actas de Obra Quincenales,2016-08-29,RENE ALEJANDRO MELO JIMENEZ,29/08/2016,08/08/2017,62.04,62.04,44852.6712,367.32791,2805448.74416,11648014.4449,11743407.66665,1,45219.9991,45219.9991,Abierto,B3,Civil Todo Costo,REPRESENTACIONES ARCADA LTDA,900080728,,arcada_gam@hotmail.com,CR 29 C  71 A  71,5426738,A,1,BOGOTÁ D.C.,4330.0,Terminación y acabado de edificios y obras de ingeniería civil.,Activo,,,,,,J,"Cieloraso Drywall 1/2"" (1ra mano pintura + dilatacion)",318.0,Cielorasos Aislamientos,C,Subcontratos,m2,metro cuadrado,ACTIVO,NO,0.0,NO,NO,0.0,0.0,32309.48,19.0,38448.2812,886.0,21001,PORTERIA,Cieloraso (1era Mano Pintura + Dilatacion),91.53,4047444.7011,0,,m2,0,SI,SI,NO,NO,SI,NO,
250,PDA EDIFICIOS Y DOTACION COMUNAL ETAPA 5,08 EDIFICACIONES Y DOTACION COMUN,ADPRO,En ejecucion,SI,SIN PROPIETARIO,250,PDA EDIFICIOS Y DOTACION COMUNAL ETAPA 5,40.0,PDA EDIFICIOS Y DOTACION COMUNAL,5031015,PDA URBANISMO,NO,Principal,GRUPOS,2500011,ACABADOS CIELORASO DOTACION COMUNAL KATIOS,Actas de Obra Quincenales,2016-08-29,RENE ALEJANDRO MELO JIMENEZ,29/08/2016,08/08/2017,7.63,7.63,22426.3356,183.66396,172514.29695,11648014.4449,11743407.66665,2,22609.9996,22609.9996,Abierto,B3,Civil Todo Costo,REPRESENTACIONES ARCADA LTDA,900080728,,arcada_gam@hotmail.com,CR 29 C  71 A  71,5426738,A,1,BOGOTÁ D.C.,4330.0,Terminación y acabado de edificios y obras de ingeniería civil.,Activo,,,,,,J,"Cieloraso Drywall 1/2"" (1ra mano pintura + dilatacion)",318.0,Cielorasos Aislamientos,C,Subcontratos,m2,metro cuadrado,ACTIVO,NO,0.0,NO,NO,0.0,0.0,32309.48,19.0,38448.2812,886.0,21001,PORTERIA,Cieloraso (1era Mano Pintura + Dilatacion),91.53,4047444.7011,0,,m2,0,SI,SI,NO,NO,SI,NO,
250,PDA EDIFICIOS Y DOTACION COMUNAL ETAPA 5,08 EDIFICACIONES Y DOTACION COMUN,ADPRO,En ejecucion,SI,SIN PROPIETARIO,250,PDA EDIFICIOS Y DOTACION COMUNAL ETAPA 5,40.0,PDA EDIFICIOS Y DOTACION COMUNAL,5031015,PDA URBANISMO,NO,Principal,GRUPOS,2500026,"ALISTADO, CARGUE DE PISOS CANCHA SQUASH Y SALON COMUNAL KATIOS",Actas de Obra Quincenales,2016-11-18,RENE ALEJANDRO MELO JIMENEZ,18/11/2016,03/02/2017,227.27,227.27,4465.9735,40.40643,1024164.95987,1776058.1135,1792127.21071,2,4506.3799,4506.3799,Abierto,H1,Orden de T/S - 4,CONTRAENCHAPES HERMANOS SANABRIA S.A.S.,900137304,,gerencia@contraenchapes.com.co,CR 13  51  25 UN 111 - UN 113,9277069,A,0,BOGOTÁ D.C.,4330.0,Terminación y acabado de edificios y obras de ingeniería civil.,Activo,,,,,,J,MdO Alistado Corriente Pisos e=0.04m,346.0,Mano Obra Gris,O,MdeO Contratista,m2,metro cuadrado,ACTIVO,NO,3.0,NO,NO,0.0,0.0,6736.77,19.0,8317.0,4893.0,12010,SALON COMUNAL,Alistado Corriente Pisos,11.4,217354.4611,0,,m2,0,SI,SI,NO,NO,SI,NO,
419,PDA CLUB HOUSE,08 EDIFICACIONES Y DOTACION COMUN,ADPRO,En ejecucion,SI,SIN PROPIETARIO,419,PDA CLUB HOUSE,40.0,PDA EDIFICIOS Y DOTACION COMUNAL,5031015,PDA URBANISMO,NO,Principal,GRUPOS,4190017,SUMINISTRO E INSTALACION BARANDA PARA BALCON Y ESCALERA,Actas de Obra Quincenales,2016-08-29,RENE ALEJANDRO MELO JIMENEZ,01/09/2016,31/12/2016,21.4,21.4,614541.0,116762.79,15649901.106,46132801.1788,54898033.4028,2,731303.79,731303.79,Abierto,C2,Fabricacion Suministro Instalacion,INDUSTRIAS PARMON S.A.,830130601,,contabilidad@parmon.net,CR 72 A  68 B  63,4383939,A,0,BOGOTÁ D.C.,2511.0,Fabricación de productos metálicos para uso estructural.,Activo,,,,,,J,Baranda Vidrio Templado h = 0.95,317.0,Cerraduras Vidrios,C,Subcontratos,m,metro,ACTIVO,NO,0.0,NO,NO,0.0,0.0,380000.0,19.0,452200.0,5481.0,15002,PDA CLUB HOUSE,Baranda Vidrio Templado Escalera h=1m,34.16,22381632.0,0,,m,0,SI,SI,NO,NO,SI,NO,
419,PDA CLUB HOUSE,08 EDIFICACIONES Y DOTACION COMUN,ADPRO,En ejecucion,SI,SIN PROPIETARIO,419,PDA CLUB HOUSE,40.0,PDA EDIFICIOS Y DOTACION COMUNAL,5031015,PDA URBANISMO,NO,Principal,GRUPOS,4190008,"INSTALACION EQUIPOS PARA PISCINA, SAUNA, TURCO Y SISTEMA DE CALEFACCION",Actas de Obra Quincenales,2016-01-15,RENE ALEJANDRO MELO JIMENEZ,25/01/2016,30/06/2017,2.0,2.0,1078000.0,204820.0,2565640.0,72757741.3795,86581712.24155,14,1282820.0,1282820.0,Abierto,C4,Instalacion,AQUACTIVA S.A.S.,900349384,,contabilidad@aquactiva.com.co,CL 127 B BIS  46  45,8132253,A,30,BOGOTÁ D.C.,4290.0,Construcción de otras obras de ingeniería civil.,Activo,,,,,,J,Instalacion Equipo,322.0,Equipos Dotación,C,Subcontratos,Un,unidad,ACTIVO,NO,3.0,NO,NO,0.0,0.0,20587000.0,19.0,24498530.0,5005.0,23004,PDA CLUB HOUSE,Equipos Turco,2.0,9450000.0,0,,gl,0,SI,SI,NO,NO,SI,NO,
419,PDA CLUB HOUSE,08 EDIFICACIONES Y DOTACION COMUN,ADPRO,En ejecucion,SI,SIN PROPIETARIO,419,PDA CLUB HOUSE,40.0,PDA EDIFICIOS Y DOTACION COMUNAL,5031015,PDA URBANISMO,NO,Principal,GRUPOS,4190007,"SUMINISTRO EQUIPOS PARA PISCINA, SAUNA, TURCO Y SISTEMA DE CALEFACCION","Anticipo 20% , saldo en actas de Obra",2016-01-15,RENE ALEJANDRO MELO JIMENEZ,25/01/2016,30/06/2017,2.0,0.0,4806130.0,913164.7,0.0,56493400.0,67227146.0,5,5719294.7,5719294.7,Abierto,C,Suministro,AQUACTIVA S.A.S.,900349384,,contabilidad@aquactiva.com.co,CL 127 B BIS  46  45,8132253,A,30,BOGOTÁ D.C.,4290.0,Construcción de otras obras de ingeniería civil.,Activo,,,,,,J,Equipo,322.0,Equipos Dotación,M,Materiales,Un,unidad,ACTIVO,NO,3.0,NO,NO,0.0,0.0,8620.69,19.0,10258.6211,4049.0,23004,PDA CLUB HOUSE,Equipos Turco,2.0,9450000.0,0,,gl,0,SI,SI,NO,NO,SI,NO,
250,PDA EDIFICIOS Y DOTACION COMUNAL ETAPA 5,08 EDIFICACIONES Y DOTACION COMUN,ADPRO,En ejecucion,SI,SIN PROPIETARIO,250,PDA EDIFICIOS Y DOTACION COMUNAL ETAPA 5,40.0,PDA EDIFICIOS Y DOTACION COMUNAL,5031015,PDA URBANISMO,NO,Principal,GRUPOS,2500026,"ALISTADO, CARGUE DE PISOS CANCHA SQUASH Y SALON COMUNAL KATIOS",Actas de Obra Quincenales,2016-11-18,RENE ALEJANDRO MELO JIMENEZ,18/11/2016,03/02/2017,61.35,61.35,12405.482,112.24008,767962.25084,1776058.1135,1792127.21071,1,12517.7221,12517.7221,Abierto,H1,Orden de T/S - 4,CONTRAENCHAPES HERMANOS SANABRIA S.A.S.,900137304,,gerencia@contraenchapes.com.co,CR 13  51  25 UN 111 - UN 113,9277069,A,0,BOGOTÁ D.C.,4330.0,Terminación y acabado de edificios y obras de ingeniería civil.,Activo,,,,,,J,MdO Alistado Corriente Pisos e=0.04m,346.0,Mano Obra Gris,O,MdeO Contratista,m2,metro cuadrado,ACTIVO,NO,3.0,NO,NO,0.0,0.0,6736.77,19.0,8317.0,4893.0,12011,SQUASH,Alistado Corriente Pisos,82.46,1572197.2688,0,,m2,0,SI,SI,NO,NO,SI,NO,
250,PDA EDIFICIOS Y DOTACION COMUNAL ETAPA 5,08 EDIFICACIONES Y DOTACION COMUN,ADPRO,En ejecucion,SI,SIN PROPIETARIO,250,PDA EDIFICIOS Y DOTACION COMUNAL ETAPA 5,40.0,PDA EDIFICIOS Y DOTACION COMUNAL,5031015,PDA URBANISMO,NO,Principal,GRUPOS,2500027,"SISTEMA DE CONTROL DE ACCESO, SEGURIDAD CCTV Y CERCA ELECTRICA KATIOS",Actas de Obra Quincenales,2016-11-30,RENE ALEJANDRO MELO JIMENEZ,01/12/2016,15/09/2017,450.0,450.0,20640.0,3921.6,11052720.0,220525028.6145,262424784.0513,20,24561.6,24561.6,Abierto,C1,Suministro Instalacion,YM SEGURIDAD CONTROL Y DISEÑO SAS,900370722,,ymseguridadcontrolydiseño@hotmail.com,CL 5 C  69 B  13,4977725,A,30,BOGOTÁ D.C.,4659.0,Comercio al por mayor de otros tipos de maquinaria y equipo n.c.p.,Activo,,,,,,J,Cerca Electrica,338.0,Sistemas CCTV,C,Subcontratos,ml,metro lineal,ACTIVO,NO,0.0,NO,NO,0.0,0.0,48530.18,19.0,57750.9142,4500.0,25008,SISTEMAS DE SEGURIDAD,Cerca Electrica Zonas 12 y 13,450.0,28743876.0,0,,und,0,SI,SI,NO,NO,SI,NO,
250,PDA EDIFICIOS Y DOTACION COMUNAL ETAPA 5,08 EDIFICACIONES Y DOTACION COMUN,ADPRO,En ejecucion,SI,SIN PROPIETARIO,250,PDA EDIFICIOS Y DOTACION COMUNAL ETAPA 5,40.0,PDA EDIFICIOS Y DOTACION COMUNAL,5031015,PDA URBANISMO,NO,Principal,GRUPOS,2500027,"SISTEMA DE CONTROL DE ACCESO, SEGURIDAD CCTV Y CERCA ELECTRICA KATIOS",Actas de Obra Quincenales,2016-11-30,RENE ALEJANDRO MELO JIMENEZ,01/12/2016,15/09/2017,431.74,431.74,24500.0,4655.0,12587379.7,220525028.6145,262424784.0513,46,29155.0,29155.0,Abierto,C1,Suministro Instalacion,YM SEGURIDAD CONTROL Y DISEÑO SAS,900370722,,ymseguridadcontrolydiseño@hotmail.com,CL 5 C  69 B  13,4977725,A,30,BOGOTÁ D.C.,4659.0,Comercio al por mayor de otros tipos de maquinaria y equipo n.c.p.,Activo,,,,,,J,Cerca Electrica,338.0,Sistemas CCTV,C,Subcontratos,ml,metro lineal,ACTIVO,NO,0.0,NO,NO,0.0,0.0,48530.18,19.0,57750.9142,4500.0,25008,SISTEMAS DE SEGURIDAD,Cerca Electrica Zonas 12 y 13,450.0,28743876.0,0,,und,0,SI,SI,NO,NO,SI,NO,
250,PDA EDIFICIOS Y DOTACION COMUNAL ETAPA 5,08 EDIFICACIONES Y DOTACION COMUN,ADPRO,En ejecucion,SI,SIN PROPIETARIO,250,PDA EDIFICIOS Y DOTACION COMUNAL ETAPA 5,40.0,PDA EDIFICIOS Y DOTACION COMUNAL,5031015,PDA URBANISMO,NO,Principal,GRUPOS,2500011,ACABADOS CIELORASO DOTACION COMUNAL KATIOS,Actas de Obra Quincenales,2016-08-29,RENE ALEJANDRO MELO JIMENEZ,29/08/2016,08/08/2017,110.5,110.5,44852.6712,367.32791,4996809.90055,11648014.4449,11743407.66665,3,45219.9991,45219.9991,Abierto,B3,Civil Todo Costo,REPRESENTACIONES ARCADA LTDA,900080728,,arcada_gam@hotmail.com,CR 29 C  71 A  71,5426738,A,1,BOGOTÁ D.C.,4330.0,Terminación y acabado de edificios y obras de ingeniería civil.,Activo,,,,,,J,"Cieloraso Drywall 1/2"" (1ra mano pintura + dilatacion)",318.0,Cielorasos Aislamientos,C,Subcontratos,m2,metro cuadrado,ACTIVO,NO,0.0,NO,NO,0.0,0.0,32309.48,19.0,38448.2812,886.0,21002,SALON COMUNAL,Cieloraso (1era Mano Pintura + Dilatacion),149.37,6605121.9819,0,,m2,0,SI,SI,NO,NO,SI,NO,
250,PDA EDIFICIOS Y DOTACION COMUNAL ETAPA 5,08 EDIFICACIONES Y DOTACION COMUN,ADPRO,En ejecucion,SI,SIN PROPIETARIO,250,PDA EDIFICIOS Y DOTACION COMUNAL ETAPA 5,40.0,PDA EDIFICIOS Y DOTACION COMUNAL,5031015,PDA URBANISMO,NO,Principal,GRUPOS,2500027,"SISTEMA DE CONTROL DE ACCESO, SEGURIDAD CCTV Y CERCA ELECTRICA KATIOS",Actas de Obra Quincenales,2016-11-30,RENE ALEJANDRO MELO JIMENEZ,01/12/2016,15/09/2017,2.0,2.0,408000.0,77520.0,971040.0,220525028.6145,262424784.0513,7,485520.0,485520.0,Abierto,C1,Suministro Instalacion,YM SEGURIDAD CONTROL Y DISEÑO SAS,900370722,,ymseguridadcontrolydiseño@hotmail.com,CL 5 C  69 B  13,4977725,A,30,BOGOTÁ D.C.,4659.0,Comercio al por mayor de otros tipos de maquinaria y equipo n.c.p.,Activo,,,,,,J,Soporte Lector Proximidad,322.0,Equipos Dotación,C,Subcontratos,Un,unidad,ACTIVO,NO,3.0,NO,NO,0.0,0.0,368965.52,19.0,439068.9688,8459.0,25004,SISTEMAS DE SEGURIDAD,Lectoras de Proximidad Largo Alcance,2.0,12474161.28,0,,und,0,SI,SI,NO,NO,SI,NO,
250,PDA EDIFICIOS Y DOTACION COMUNAL ETAPA 5,08 EDIFICACIONES Y DOTACION COMUN,ADPRO,En ejecucion,SI,SIN PROPIETARIO,250,PDA EDIFICIOS Y DOTACION COMUNAL ETAPA 5,40.0,PDA EDIFICIOS Y DOTACION COMUNAL,5031015,PDA URBANISMO,NO,Principal,GRUPOS,2500027,"SISTEMA DE CONTROL DE ACCESO, SEGURIDAD CCTV Y CERCA ELECTRICA KATIOS",Actas de Obra Quincenales,2016-11-30,RENE ALEJANDRO MELO JIMENEZ,01/12/2016,15/09/2017,5.0,5.0,421302.8621,80047.5438,2506752.0295,220525028.6145,262424784.0513,6,501350.4059,501350.4059,Abierto,C1,Suministro Instalacion,YM SEGURIDAD CONTROL Y DISEÑO SAS,900370722,,ymseguridadcontrolydiseño@hotmail.com,CL 5 C  69 B  13,4977725,A,30,BOGOTÁ D.C.,4659.0,Comercio al por mayor de otros tipos de maquinaria y equipo n.c.p.,Activo,,,,,,J,Lectora Proximidad,338.0,Sistemas CCTV,C,Subcontratos,Un,unidad,ACTIVO,NO,0.0,NO,NO,0.0,0.0,706360.03,19.0,840568.4357,4486.0,25004,SISTEMAS DE SEGURIDAD,Lectoras de Proximidad Largo Alcance,2.0,12474161.28,0,,und,0,SI,SI,NO,NO,SI,NO,
250,PDA EDIFICIOS Y DOTACION COMUNAL ETAPA 5,08 EDIFICACIONES Y DOTACION COMUN,ADPRO,En ejecucion,SI,SIN PROPIETARIO,250,PDA EDIFICIOS Y DOTACION COMUNAL ETAPA 5,40.0,PDA EDIFICIOS Y DOTACION COMUNAL,5031015,PDA URBANISMO,NO,Principal,GRUPOS,2500027,"SISTEMA DE CONTROL DE ACCESO, SEGURIDAD CCTV Y CERCA ELECTRICA KATIOS",Actas de Obra Quincenales,2016-11-30,RENE ALEJANDRO MELO JIMENEZ,01/12/2016,15/09/2017,200.0,200.0,11300.0,2147.0,2689400.0,220525028.6145,262424784.0513,50,13447.0,13447.0,Abierto,C1,Suministro Instalacion,YM SEGURIDAD CONTROL Y DISEÑO SAS,900370722,,ymseguridadcontrolydiseño@hotmail.com,CL 5 C  69 B  13,4977725,A,30,BOGOTÁ D.C.,4659.0,Comercio al por mayor de otros tipos de maquinaria y equipo n.c.p.,Activo,,,,,,J,Lectora Proximidad,338.0,Sistemas CCTV,C,Subcontratos,Un,unidad,ACTIVO,NO,0.0,NO,NO,0.0,0.0,706360.03,19.0,840568.4357,4486.0,25004,SISTEMAS DE SEGURIDAD,Lectoras de Proximidad Largo Alcance,2.0,12474161.28,0,,und,0,SI,SI,NO,NO,SI,NO,
250,PDA EDIFICIOS Y DOTACION COMUNAL ETAPA 5,08 EDIFICACIONES Y DOTACION COMUN,ADPRO,En ejecucion,SI,SIN PROPIETARIO,250,PDA EDIFICIOS Y DOTACION COMUNAL ETAPA 5,40.0,PDA EDIFICIOS Y DOTACION COMUNAL,5031015,PDA URBANISMO,NO,Principal,GRUPOS,2500027,"SISTEMA DE CONTROL DE ACCESO, SEGURIDAD CCTV Y CERCA ELECTRICA KATIOS",Actas de Obra Quincenales,2016-11-30,RENE ALEJANDRO MELO JIMENEZ,01/12/2016,15/09/2017,4.0,4.0,266537.1466,50642.05785,1268716.818,220525028.6145,262424784.0513,8,317179.2045,317179.2045,Abierto,C1,Suministro Instalacion,YM SEGURIDAD CONTROL Y DISEÑO SAS,900370722,,ymseguridadcontrolydiseño@hotmail.com,CL 5 C  69 B  13,4977725,A,30,BOGOTÁ D.C.,4659.0,Comercio al por mayor de otros tipos de maquinaria y equipo n.c.p.,Activo,,,,,,J,Electroiman 600 Lbs,322.0,Equipos Dotación,M,Materiales,Un,unidad,ACTIVO,NO,3.0,NO,NO,0.0,0.0,245000.0,19.0,291550.0,8460.0,25004,SISTEMAS DE SEGURIDAD,Lectoras de Proximidad Largo Alcance,2.0,12474161.28,0,,und,0,SI,SI,NO,NO,SI,NO,
250,PDA EDIFICIOS Y DOTACION COMUNAL ETAPA 5,08 EDIFICACIONES Y DOTACION COMUN,ADPRO,En ejecucion,SI,SIN PROPIETARIO,250,PDA EDIFICIOS Y DOTACION COMUNAL ETAPA 5,40.0,PDA EDIFICIOS Y DOTACION COMUNAL,5031015,PDA URBANISMO,NO,Principal,GRUPOS,2500027,"SISTEMA DE CONTROL DE ACCESO, SEGURIDAD CCTV Y CERCA ELECTRICA KATIOS",Actas de Obra Quincenales,2016-11-30,RENE ALEJANDRO MELO JIMENEZ,01/12/2016,15/09/2017,2.0,2.0,1468800.0,279072.0,3495744.0,220525028.6145,262424784.0513,5,1747872.0,1747872.0,Abierto,C1,Suministro Instalacion,YM SEGURIDAD CONTROL Y DISEÑO SAS,900370722,,ymseguridadcontrolydiseño@hotmail.com,CL 5 C  69 B  13,4977725,A,30,BOGOTÁ D.C.,4659.0,Comercio al por mayor de otros tipos de maquinaria y equipo n.c.p.,Activo,,,,,,J,Lectora de Proximidad Largo Alcance,338.0,Sistemas CCTV,C,Subcontratos,Un,unidad,ACTIVO,NO,0.0,NO,NO,0.0,0.0,1821933.31,19.0,2168100.6389,4484.0,25004,SISTEMAS DE SEGURIDAD,Lectoras de Proximidad Largo Alcance,2.0,12474161.28,0,,und,0,SI,SI,NO,NO,SI,NO,
419,PDA CLUB HOUSE,08 EDIFICACIONES Y DOTACION COMUN,ADPRO,En ejecucion,SI,SIN PROPIETARIO,419,PDA CLUB HOUSE,40.0,PDA EDIFICIOS Y DOTACION COMUNAL,5031015,PDA URBANISMO,NO,Principal,GRUPOS,4190017,SUMINISTRO E INSTALACION BARANDA PARA BALCON Y ESCALERA,Actas de Obra Quincenales,2016-08-29,RENE ALEJANDRO MELO JIMENEZ,01/09/2016,31/12/2016,9.66,9.66,492950.4202,93660.57984,5666662.26,46132801.1788,54898033.4028,3,586611.0,586611.0,Abierto,C2,Fabricacion Suministro Instalacion,INDUSTRIAS PARMON S.A.,830130601,,contabilidad@parmon.net,CR 72 A  68 B  63,4383939,A,0,BOGOTÁ D.C.,2511.0,Fabricación de productos metálicos para uso estructural.,Activo,,,,,,J,Baranda Vidrio Templado h = 0.95,317.0,Cerraduras Vidrios,C,Subcontratos,m,metro,ACTIVO,NO,0.0,NO,NO,0.0,0.0,380000.0,19.0,452200.0,5481.0,15002,PDA CLUB HOUSE,Baranda Vidrio Templado Escalera h=1m,34.16,22381632.0,0,,m,0,SI,SI,NO,NO,SI,NO,
250,PDA EDIFICIOS Y DOTACION COMUNAL ETAPA 5,08 EDIFICACIONES Y DOTACION COMUN,ADPRO,En ejecucion,SI,SIN PROPIETARIO,250,PDA EDIFICIOS Y DOTACION COMUNAL ETAPA 5,40.0,PDA EDIFICIOS Y DOTACION COMUNAL,5031015,PDA URBANISMO,NO,Principal,GRUPOS,2500002,"CONSTRUCCION CIMENTACION Y ESTRUCTURA PORTERIA, CUARTO BASURAS, SALON COMUNAL",Actas de Obra Quincenales,2016-03-29,RENE ALEJANDRO MELO JIMENEZ,29/03/2016,30/09/2016,335.23,335.23,18692.3661,130.03385,6309833.152,68280478.7949,68755473.42997,11,18822.4,18822.4,Abierto,B,Civil Mano de Obra,P Y M CONSTRUCCIONES S.A.S,900721897,,SEGUNDO.MORANTES@hotmail.com,CR 102 129 50,6925791,A,0,BOGOTÁ D.C.,4111.0,Construcción de edificios residenciales.,Activo,,,,,,J,MdO Placa Contrapiso Concreto e=10cm,346.0,Mano Obra Gris,O,MdeO Contratista,m2,metro cuadrado,ACTIVO,NO,0.0,NO,NO,0.0,0.0,7758.62,19.0,9232.7578,4434.0,3015,PORTERIA,Placa Contrapiso Concreto 3000 PSI e=10cm,295.15,16705962.0511,0,,m2,0,SI,SI,NO,NO,SI,NO,
250,PDA EDIFICIOS Y DOTACION COMUNAL ETAPA 5,08 EDIFICACIONES Y DOTACION COMUN,ADPRO,En ejecucion,SI,SIN PROPIETARIO,250,PDA EDIFICIOS Y DOTACION COMUNAL ETAPA 5,40.0,PDA EDIFICIOS Y DOTACION COMUNAL,5031015,PDA URBANISMO,NO,Principal,GRUPOS,2500002,"CONSTRUCCION CIMENTACION Y ESTRUCTURA PORTERIA, CUARTO BASURAS, SALON COMUNAL",Actas de Obra Quincenales,2016-03-29,RENE ALEJANDRO MELO JIMENEZ,29/03/2016,30/09/2016,9.31,9.31,131458.9338,914.49693,1232396.63997,68280478.7949,68755473.42997,9,132373.430716563,132373.430716563,Abierto,B,Civil Mano de Obra,P Y M CONSTRUCCIONES S.A.S,900721897,,SEGUNDO.MORANTES@hotmail.com,CR 102 129 50,6925791,A,0,BOGOTÁ D.C.,4111.0,Construcción de edificios residenciales.,Activo,,,,,,J,Mdo Viga Amarre Rectangular Concreto,311.0,Actividades Obra,O,MdeO Contratista,m3,metro cubico,ACTIVO,NO,3.0,NO,NO,0.0,0.0,229480.29,19.0,283309.0,4394.0,3010,PORTERIA,Viga Cimentacion Concreto 3000 PSI,18.3,9239852.8829,0,,m3,0,SI,SI,NO,NO,SI,NO,
250,PDA EDIFICIOS Y DOTACION COMUNAL ETAPA 5,08 EDIFICACIONES Y DOTACION COMUN,ADPRO,En ejecucion,SI,SIN PROPIETARIO,250,PDA EDIFICIOS Y DOTACION COMUNAL ETAPA 5,40.0,PDA EDIFICIOS Y DOTACION COMUNAL,5031015,PDA URBANISMO,NO,Principal,GRUPOS,2500027,"SISTEMA DE CONTROL DE ACCESO, SEGURIDAD CCTV Y CERCA ELECTRICA KATIOS",Actas de Obra Quincenales,2016-11-30,RENE ALEJANDRO MELO JIMENEZ,01/12/2016,15/09/2017,350.0,404.0,20640.0,3921.6,9922886.4,220525028.6145,262424784.0513,21,24561.6,24561.6,Abierto,C1,Suministro Instalacion,YM SEGURIDAD CONTROL Y DISEÑO SAS,900370722,,ymseguridadcontrolydiseño@hotmail.com,CL 5 C  69 B  13,4977725,A,30,BOGOTÁ D.C.,4659.0,Comercio al por mayor de otros tipos de maquinaria y equipo n.c.p.,Activo,,,,,,J,Cerca Electrica,338.0,Sistemas CCTV,C,Subcontratos,ml,metro lineal,ACTIVO,NO,0.0,NO,NO,0.0,0.0,48530.18,19.0,57750.9142,4500.0,25009,SISTEMAS DE SEGURIDAD,Cerca Electrica Zona 14,350.0,24363395.0,0,,und,0,SI,SI,NO,NO,SI,NO,
250,PDA EDIFICIOS Y DOTACION COMUNAL ETAPA 5,08 EDIFICACIONES Y DOTACION COMUN,ADPRO,En ejecucion,SI,SIN PROPIETARIO,250,PDA EDIFICIOS Y DOTACION COMUNAL ETAPA 5,40.0,PDA EDIFICIOS Y DOTACION COMUNAL,5031015,PDA URBANISMO,NO,Principal,GRUPOS,2500027,"SISTEMA DE CONTROL DE ACCESO, SEGURIDAD CCTV Y CERCA ELECTRICA KATIOS",Actas de Obra Quincenales,2016-11-30,RENE ALEJANDRO MELO JIMENEZ,01/12/2016,15/09/2017,5.0,5.0,212889.0,40448.91,1266689.55,220525028.6145,262424784.0513,14,253337.91,253337.91,Abierto,C1,Suministro Instalacion,YM SEGURIDAD CONTROL Y DISEÑO SAS,900370722,,ymseguridadcontrolydiseño@hotmail.com,CL 5 C  69 B  13,4977725,A,30,BOGOTÁ D.C.,4659.0,Comercio al por mayor de otros tipos de maquinaria y equipo n.c.p.,Activo,,,,,,J,Soporte Domo PTZ,322.0,Equipos Dotación,M,Materiales,Un,unidad,ACTIVO,NO,3.0,NO,NO,0.0,0.0,198600.0,19.0,236334.0,8462.0,25007,SISTEMAS DE SEGURIDAD,Domo Ip PTZ 37x (Inalambrico),2.0,57304557.92,0,,und,0,SI,SI,NO,NO,SI,NO,
250,PDA EDIFICIOS Y DOTACION COMUNAL ETAPA 5,08 EDIFICACIONES Y DOTACION COMUN,ADPRO,En ejecucion,SI,SIN PROPIETARIO,250,PDA EDIFICIOS Y DOTACION COMUNAL ETAPA 5,40.0,PDA EDIFICIOS Y DOTACION COMUNAL,5031015,PDA URBANISMO,NO,Principal,GRUPOS,2500027,"SISTEMA DE CONTROL DE ACCESO, SEGURIDAD CCTV Y CERCA ELECTRICA KATIOS",Actas de Obra Quincenales,2016-11-30,RENE ALEJANDRO MELO JIMENEZ,01/12/2016,15/09/2017,5.0,5.0,3612672.0,686407.68,21495398.4,220525028.6145,262424784.0513,15,4299079.68,4299079.68,Abierto,C1,Suministro Instalacion,YM SEGURIDAD CONTROL Y DISEÑO SAS,900370722,,ymseguridadcontrolydiseño@hotmail.com,CL 5 C  69 B  13,4977725,A,30,BOGOTÁ D.C.,4659.0,Comercio al por mayor de otros tipos de maquinaria y equipo n.c.p.,Activo,,,,,,J,Poste Concreto 14 m 750 kg,332.0,Internas Electricas y Comunicaciones,C,Subcontratos,Un,unidad,ACTIVO,NO,3.0,NO,NO,0.0,0.0,3156230.0,19.0,3755913.7,8463.0,25007,SISTEMAS DE SEGURIDAD,Domo Ip PTZ 37x (Inalambrico),2.0,57304557.92,0,,und,0,SI,SI,NO,NO,SI,NO,
250,PDA EDIFICIOS Y DOTACION COMUNAL ETAPA 5,08 EDIFICACIONES Y DOTACION COMUN,ADPRO,En ejecucion,SI,SIN PROPIETARIO,250,PDA EDIFICIOS Y DOTACION COMUNAL ETAPA 5,40.0,PDA EDIFICIOS Y DOTACION COMUNAL,5031015,PDA URBANISMO,NO,Principal,GRUPOS,2500027,"SISTEMA DE CONTROL DE ACCESO, SEGURIDAD CCTV Y CERCA ELECTRICA KATIOS",Actas de Obra Quincenales,2016-11-30,RENE ALEJANDRO MELO JIMENEZ,01/12/2016,15/09/2017,5.0,5.0,305760.0,58094.4,1819272.0,220525028.6145,262424784.0513,17,363854.4,363854.4,Abierto,C1,Suministro Instalacion,YM SEGURIDAD CONTROL Y DISEÑO SAS,900370722,,ymseguridadcontrolydiseño@hotmail.com,CL 5 C  69 B  13,4977725,A,30,BOGOTÁ D.C.,4659.0,Comercio al por mayor de otros tipos de maquinaria y equipo n.c.p.,Activo,,,,,,J,Casseteras De Fibra,322.0,Equipos Dotación,C,Subcontratos,Un,unidad,ACTIVO,NO,3.0,NO,NO,0.0,0.0,312800.0,19.0,372232.0,8465.0,25007,SISTEMAS DE SEGURIDAD,Domo Ip PTZ 37x (Inalambrico),2.0,57304557.92,0,,und,0,SI,SI,NO,NO,SI,NO,
250,PDA EDIFICIOS Y DOTACION COMUNAL ETAPA 5,08 EDIFICACIONES Y DOTACION COMUN,ADPRO,En ejecucion,SI,SIN PROPIETARIO,250,PDA EDIFICIOS Y DOTACION COMUNAL ETAPA 5,40.0,PDA EDIFICIOS Y DOTACION COMUNAL,5031015,PDA URBANISMO,NO,Principal,GRUPOS,2500027,"SISTEMA DE CONTROL DE ACCESO, SEGURIDAD CCTV Y CERCA ELECTRICA KATIOS",Actas de Obra Quincenales,2016-11-30,RENE ALEJANDRO MELO JIMENEZ,01/12/2016,15/09/2017,103.0,103.0,13641.6034,2591.90465,1672051.324,220525028.6145,262424784.0513,19,16233.508,16233.508,Abierto,C1,Suministro Instalacion,YM SEGURIDAD CONTROL Y DISEÑO SAS,900370722,,ymseguridadcontrolydiseño@hotmail.com,CL 5 C  69 B  13,4977725,A,30,BOGOTÁ D.C.,4659.0,Comercio al por mayor de otros tipos de maquinaria y equipo n.c.p.,Activo,,,,,,J,"Tubo EMT 3/4""",332.0,Internas Electricas y Comunicaciones,C,Subcontratos,m,metro,ACTIVO,NO,3.0,NO,NO,0.0,0.0,7162.93,19.0,8523.8867,6436.0,25007,SISTEMAS DE SEGURIDAD,Domo Ip PTZ 37x (Inalambrico),2.0,57304557.92,0,,und,0,SI,SI,NO,NO,SI,NO,
250,PDA EDIFICIOS Y DOTACION COMUNAL ETAPA 5,08 EDIFICACIONES Y DOTACION COMUN,ADPRO,En ejecucion,SI,SIN PROPIETARIO,250,PDA EDIFICIOS Y DOTACION COMUNAL ETAPA 5,40.0,PDA EDIFICIOS Y DOTACION COMUNAL,5031015,PDA URBANISMO,NO,Principal,GRUPOS,2500027,"SISTEMA DE CONTROL DE ACCESO, SEGURIDAD CCTV Y CERCA ELECTRICA KATIOS",Actas de Obra Quincenales,2016-11-30,RENE ALEJANDRO MELO JIMENEZ,01/12/2016,15/09/2017,1.0,1.0,1716960.0,326222.4,2043182.4,220525028.6145,262424784.0513,18,2043182.4,2043182.4,Abierto,C1,Suministro Instalacion,YM SEGURIDAD CONTROL Y DISEÑO SAS,900370722,,ymseguridadcontrolydiseño@hotmail.com,CL 5 C  69 B  13,4977725,A,30,BOGOTÁ D.C.,4659.0,Comercio al por mayor de otros tipos de maquinaria y equipo n.c.p.,Activo,,,,,,J,ODF de fibra,322.0,Equipos Dotación,C,Subcontratos,Un,unidad,ACTIVO,NO,3.0,NO,NO,0.0,0.0,1593200.0,19.0,1895908.0,8466.0,25007,SISTEMAS DE SEGURIDAD,Domo Ip PTZ 37x (Inalambrico),2.0,57304557.92,0,,und,0,SI,SI,NO,NO,SI,NO,
250,PDA EDIFICIOS Y DOTACION COMUNAL ETAPA 5,08 EDIFICACIONES Y DOTACION COMUN,ADPRO,En ejecucion,SI,SIN PROPIETARIO,250,PDA EDIFICIOS Y DOTACION COMUNAL ETAPA 5,40.0,PDA EDIFICIOS Y DOTACION COMUNAL,5031015,PDA URBANISMO,NO,Principal,GRUPOS,2500002,"CONSTRUCCION CIMENTACION Y ESTRUCTURA PORTERIA, CUARTO BASURAS, SALON COMUNAL",Actas de Obra Quincenales,2016-03-29,RENE ALEJANDRO MELO JIMENEZ,29/03/2016,30/09/2016,2.1,2.1,20854.9223,145.07772,44100.0,68280478.7949,68755473.42997,1,21000.0,21000.0,Abierto,B,Civil Mano de Obra,P Y M CONSTRUCCIONES S.A.S,900721897,,SEGUNDO.MORANTES@hotmail.com,CR 102 129 50,6925791,A,0,BOGOTÁ D.C.,4111.0,Construcción de edificios residenciales.,Activo,,,,,,J,Excavacion Manual Compacta Zanja 0a50cm,345.0,Mano Obra Obras Urbanismo,O,MdeO Contratista,m3,metro cubico,ACTIVO,NO,3.0,NO,NO,0.0,0.0,24300.0,19.0,30000.0,4395.0,2001,PORTERIA,Excavación Manual Cabezales,2.05,54499.25,0,,m3,0,SI,SI,NO,NO,SI,NO,
250,PDA EDIFICIOS Y DOTACION COMUNAL ETAPA 5,08 EDIFICACIONES Y DOTACION COMUN,ADPRO,En ejecucion,SI,SIN PROPIETARIO,250,PDA EDIFICIOS Y DOTACION COMUNAL ETAPA 5,40.0,PDA EDIFICIOS Y DOTACION COMUNAL,5031015,PDA URBANISMO,NO,Principal,GRUPOS,2500027,"SISTEMA DE CONTROL DE ACCESO, SEGURIDAD CCTV Y CERCA ELECTRICA KATIOS",Actas de Obra Quincenales,2016-11-30,RENE ALEJANDRO MELO JIMENEZ,01/12/2016,15/09/2017,5.0,5.0,5950560.0,1130606.4,35405832.0,220525028.6145,262424784.0513,13,7081166.4,7081166.4,Abierto,C1,Suministro Instalacion,YM SEGURIDAD CONTROL Y DISEÑO SAS,900370722,,ymseguridadcontrolydiseño@hotmail.com,CL 5 C  69 B  13,4977725,A,30,BOGOTÁ D.C.,4659.0,Comercio al por mayor de otros tipos de maquinaria y equipo n.c.p.,Activo,,,,,,J,Domo IP PTZ 37x (Inalambrico),338.0,Sistemas CCTV,C,Subcontratos,Un,unidad,ACTIVO,NO,0.0,NO,NO,0.0,0.0,24700240.48,19.0,29393286.1712,4471.0,25007,SISTEMAS DE SEGURIDAD,Domo Ip PTZ 37x (Inalambrico),2.0,57304557.92,0,,und,0,SI,SI,NO,NO,SI,NO,
250,PDA EDIFICIOS Y DOTACION COMUNAL ETAPA 5,08 EDIFICACIONES Y DOTACION COMUN,ADPRO,En ejecucion,SI,SIN PROPIETARIO,250,PDA EDIFICIOS Y DOTACION COMUNAL ETAPA 5,40.0,PDA EDIFICIOS Y DOTACION COMUNAL,5031015,PDA URBANISMO,NO,Principal,GRUPOS,2500027,"SISTEMA DE CONTROL DE ACCESO, SEGURIDAD CCTV Y CERCA ELECTRICA KATIOS",Actas de Obra Quincenales,2016-11-30,RENE ALEJANDRO MELO JIMENEZ,01/12/2016,15/09/2017,5.0,5.0,1210809.6034,230053.82465,7204317.14,220525028.6145,262424784.0513,16,1440863.428,1440863.428,Abierto,C1,Suministro Instalacion,YM SEGURIDAD CONTROL Y DISEÑO SAS,900370722,,ymseguridadcontrolydiseño@hotmail.com,CL 5 C  69 B  13,4977725,A,30,BOGOTÁ D.C.,4659.0,Comercio al por mayor de otros tipos de maquinaria y equipo n.c.p.,Activo,,,,,,J,Tranceptor De Fibra Domos PTZ,322.0,Equipos Dotación,C,Subcontratos,Un,unidad,ACTIVO,NO,3.0,NO,NO,0.0,0.0,1136500.0,19.0,1352435.0,8464.0,25007,SISTEMAS DE SEGURIDAD,Domo Ip PTZ 37x (Inalambrico),2.0,57304557.92,0,,und,0,SI,SI,NO,NO,SI,NO,
250,PDA EDIFICIOS Y DOTACION COMUNAL ETAPA 5,08 EDIFICACIONES Y DOTACION COMUN,ADPRO,En ejecucion,SI,SIN PROPIETARIO,250,PDA EDIFICIOS Y DOTACION COMUNAL ETAPA 5,40.0,PDA EDIFICIOS Y DOTACION COMUNAL,5031015,PDA URBANISMO,NO,Principal,GRUPOS,2500002,"CONSTRUCCION CIMENTACION Y ESTRUCTURA PORTERIA, CUARTO BASURAS, SALON COMUNAL",Actas de Obra Quincenales,2016-03-29,RENE ALEJANDRO MELO JIMENEZ,29/03/2016,30/09/2016,162.57,162.57,18692.3661,130.03385,3059957.568,68280478.7949,68755473.42997,13,18822.4,18822.4,Abierto,B,Civil Mano de Obra,P Y M CONSTRUCCIONES S.A.S,900721897,,SEGUNDO.MORANTES@hotmail.com,CR 102 129 50,6925791,A,0,BOGOTÁ D.C.,4111.0,Construcción de edificios residenciales.,Activo,,,,,,J,MdO Placa Contrapiso Concreto e=10cm,346.0,Mano Obra Gris,O,MdeO Contratista,m2,metro cuadrado,ACTIVO,NO,0.0,NO,NO,0.0,0.0,7758.62,19.0,9232.7578,4434.0,3017,SALON COMUNAL,Placa Contrapiso Concreto 3000 PSI e=10cm,172.69,9774530.1935,0,,m2,0,SI,SI,NO,NO,SI,NO,
250,PDA EDIFICIOS Y DOTACION COMUNAL ETAPA 5,08 EDIFICACIONES Y DOTACION COMUN,ADPRO,En ejecucion,SI,SIN PROPIETARIO,250,PDA EDIFICIOS Y DOTACION COMUNAL ETAPA 5,40.0,PDA EDIFICIOS Y DOTACION COMUNAL,5031015,PDA URBANISMO,NO,Principal,GRUPOS,2500002,"CONSTRUCCION CIMENTACION Y ESTRUCTURA PORTERIA, CUARTO BASURAS, SALON COMUNAL",Actas de Obra Quincenales,2016-03-29,RENE ALEJANDRO MELO JIMENEZ,29/03/2016,30/09/2016,54.03,54.03,18692.3661,130.03385,1016974.272,68280478.7949,68755473.42997,15,18822.4,18822.4,Abierto,B,Civil Mano de Obra,P Y M CONSTRUCCIONES S.A.S,900721897,,SEGUNDO.MORANTES@hotmail.com,CR 102 129 50,6925791,A,0,BOGOTÁ D.C.,4111.0,Construcción de edificios residenciales.,Activo,,,,,,J,MdO Placa Contrapiso Concreto e=10cm,346.0,Mano Obra Gris,O,MdeO Contratista,m2,metro cuadrado,ACTIVO,NO,0.0,NO,NO,0.0,0.0,7758.62,19.0,9232.7578,4434.0,3019,PERGOLA,Placa Contrapiso Concreto 3000 PSI e=10cm,57.13,3233649.3714,0,,m2,0,SI,SI,NO,NO,SI,NO,
250,PDA EDIFICIOS Y DOTACION COMUNAL ETAPA 5,08 EDIFICACIONES Y DOTACION COMUN,ADPRO,En ejecucion,SI,SIN PROPIETARIO,250,PDA EDIFICIOS Y DOTACION COMUNAL ETAPA 5,40.0,PDA EDIFICIOS Y DOTACION COMUNAL,5031015,PDA URBANISMO,NO,Principal,GRUPOS,2500002,"CONSTRUCCION CIMENTACION Y ESTRUCTURA PORTERIA, CUARTO BASURAS, SALON COMUNAL",Actas de Obra Quincenales,2016-03-29,RENE ALEJANDRO MELO JIMENEZ,29/03/2016,30/09/2016,8.66,8.66,297889.7237,2072.27634,2597670.92,68280478.7949,68755473.42997,20,299962.0,299962.0,Abierto,B,Civil Mano de Obra,P Y M CONSTRUCCIONES S.A.S,900721897,,SEGUNDO.MORANTES@hotmail.com,CR 102 129 50,6925791,A,0,BOGOTÁ D.C.,4111.0,Construcción de edificios residenciales.,Activo,,,,,,J,MdO Columnas Concreto,346.0,Mano Obra Gris,O,MdeO Contratista,m3,metro cubico,ACTIVO,NO,3.0,NO,NO,0.0,0.0,112068.97,19.0,133362.0743,4792.0,4001,PORTERIA,Columnas Concreto 3000 PSI,2.48,1490714.5485,0,,m3,0,SI,SI,NO,NO,SI,NO,
250,PDA EDIFICIOS Y DOTACION COMUNAL ETAPA 5,08 EDIFICACIONES Y DOTACION COMUN,ADPRO,En ejecucion,SI,SIN PROPIETARIO,250,PDA EDIFICIOS Y DOTACION COMUNAL ETAPA 5,40.0,PDA EDIFICIOS Y DOTACION COMUNAL,5031015,PDA URBANISMO,NO,Principal,GRUPOS,2500021,M/O INSTALACION CESPED SINTETICO,Actas de Obra Quincenales,2016-10-18,RENE ALEJANDRO MELO JIMENEZ,18/10/2016,03/03/2017,51.0,51.0,119900.0,872.0,6159372.0,6114900.0,6159372.0,1,120772.0,120772.0,Abierto,H1,Orden de T/S - 4,CIVIDEPORTES S.A.S,830131918,,civideportes@hotmail.com,CR 101  B 131 B 33,3194606295,A,30,BOGOTÁ D.C.,4290.0,Construcción de otras obras de ingeniería civil.,Activo,,,,,,J,Cesped Sintetico,311.0,Actividades Obra,C,Subcontratos,m2,metro cuadrado,ACTIVO,NO,0.0,NO,NO,0.0,0.0,103448.28,19.0,123103.4532,3827.0,24009,MOBILIARIO URBANO,Cesped Sintetico Hascal,128.27,15392400.0,0,,m2,0,SI,SI,NO,NO,SI,NO,
250,PDA EDIFICIOS Y DOTACION COMUNAL ETAPA 5,08 EDIFICACIONES Y DOTACION COMUN,ADPRO,En ejecucion,SI,SIN PROPIETARIO,250,PDA EDIFICIOS Y DOTACION COMUNAL ETAPA 5,40.0,PDA EDIFICIOS Y DOTACION COMUNAL,5031015,PDA URBANISMO,NO,Principal,GRUPOS,2500027,"SISTEMA DE CONTROL DE ACCESO, SEGURIDAD CCTV Y CERCA ELECTRICA KATIOS",Actas de Obra Quincenales,2016-11-30,RENE ALEJANDRO MELO JIMENEZ,01/12/2016,15/09/2017,2.0,2.0,1368000.0,259920.0,3255840.0,220525028.6145,262424784.0513,10,1627920.0,1627920.0,Abierto,C1,Suministro Instalacion,YM SEGURIDAD CONTROL Y DISEÑO SAS,900370722,,ymseguridadcontrolydiseño@hotmail.com,CL 5 C  69 B  13,4977725,A,30,BOGOTÁ D.C.,4659.0,Comercio al por mayor de otros tipos de maquinaria y equipo n.c.p.,Activo,,,,,,J,Brazo Automatico con Accesorios,338.0,Sistemas CCTV,C,Subcontratos,Un,unidad,ACTIVO,NO,3.0,NO,NO,0.0,0.0,1825000.0,19.0,2171750.0,7425.0,25005,SISTEMAS DE SEGURIDAD,Talanqueras + Fotoceldas,2.0,13869551.28,0,,und,0,SI,SI,NO,NO,SI,NO,
250,PDA EDIFICIOS Y DOTACION COMUNAL ETAPA 5,08 EDIFICACIONES Y DOTACION COMUN,ADPRO,En ejecucion,SI,SIN PROPIETARIO,250,PDA EDIFICIOS Y DOTACION COMUNAL ETAPA 5,40.0,PDA EDIFICIOS Y DOTACION COMUNAL,5031015,PDA URBANISMO,NO,Principal,GRUPOS,2500027,"SISTEMA DE CONTROL DE ACCESO, SEGURIDAD CCTV Y CERCA ELECTRICA KATIOS",Actas de Obra Quincenales,2016-11-30,RENE ALEJANDRO MELO JIMENEZ,01/12/2016,15/09/2017,2.0,2.0,75000.0,14250.0,178500.0,220525028.6145,262424784.0513,51,89250.0,89250.0,Abierto,C1,Suministro Instalacion,YM SEGURIDAD CONTROL Y DISEÑO SAS,900370722,,ymseguridadcontrolydiseño@hotmail.com,CL 5 C  69 B  13,4977725,A,30,BOGOTÁ D.C.,4659.0,Comercio al por mayor de otros tipos de maquinaria y equipo n.c.p.,Activo,,,,,,J,Talanquera Electrica con Barrera Fotoelectrica,338.0,Sistemas CCTV,C,Subcontratos,Un,unidad,ACTIVO,NO,0.0,NO,NO,0.0,0.0,6279748.28,19.0,7472900.4532,4490.0,25005,SISTEMAS DE SEGURIDAD,Talanqueras + Fotoceldas,2.0,13869551.28,0,,und,0,SI,SI,NO,NO,SI,NO,
250,PDA EDIFICIOS Y DOTACION COMUNAL ETAPA 5,08 EDIFICACIONES Y DOTACION COMUN,ADPRO,En ejecucion,SI,SIN PROPIETARIO,250,PDA EDIFICIOS Y DOTACION COMUNAL ETAPA 5,40.0,PDA EDIFICIOS Y DOTACION COMUNAL,5031015,PDA URBANISMO,NO,Principal,GRUPOS,2500027,"SISTEMA DE CONTROL DE ACCESO, SEGURIDAD CCTV Y CERCA ELECTRICA KATIOS",Actas de Obra Quincenales,2016-11-30,RENE ALEJANDRO MELO JIMENEZ,01/12/2016,15/09/2017,2.0,2.0,6965760.0,1323494.4,16578508.8,220525028.6145,262424784.0513,9,8289254.4,8289254.4,Abierto,C1,Suministro Instalacion,YM SEGURIDAD CONTROL Y DISEÑO SAS,900370722,,ymseguridadcontrolydiseño@hotmail.com,CL 5 C  69 B  13,4977725,A,30,BOGOTÁ D.C.,4659.0,Comercio al por mayor de otros tipos de maquinaria y equipo n.c.p.,Activo,,,,,,J,Talanquera Electrica con Barrera Fotoelectrica,338.0,Sistemas CCTV,C,Subcontratos,Un,unidad,ACTIVO,NO,0.0,NO,NO,0.0,0.0,6279748.28,19.0,7472900.4532,4490.0,25005,SISTEMAS DE SEGURIDAD,Talanqueras + Fotoceldas,2.0,13869551.28,0,,und,0,SI,SI,NO,NO,SI,NO,
250,PDA EDIFICIOS Y DOTACION COMUNAL ETAPA 5,08 EDIFICACIONES Y DOTACION COMUN,ADPRO,En ejecucion,SI,SIN PROPIETARIO,250,PDA EDIFICIOS Y DOTACION COMUNAL ETAPA 5,40.0,PDA EDIFICIOS Y DOTACION COMUNAL,5031015,PDA URBANISMO,NO,Principal,GRUPOS,2500027,"SISTEMA DE CONTROL DE ACCESO, SEGURIDAD CCTV Y CERCA ELECTRICA KATIOS",Actas de Obra Quincenales,2016-11-30,RENE ALEJANDRO MELO JIMENEZ,01/12/2016,15/09/2017,450.0,543.26,20640.0,3921.6,13343334.816,220525028.6145,262424784.0513,22,24561.6,24561.6,Abierto,C1,Suministro Instalacion,YM SEGURIDAD CONTROL Y DISEÑO SAS,900370722,,ymseguridadcontrolydiseño@hotmail.com,CL 5 C  69 B  13,4977725,A,30,BOGOTÁ D.C.,4659.0,Comercio al por mayor de otros tipos de maquinaria y equipo n.c.p.,Activo,,,,,,J,Cerca Electrica,338.0,Sistemas CCTV,C,Subcontratos,ml,metro lineal,ACTIVO,NO,0.0,NO,NO,0.0,0.0,48530.18,19.0,57750.9142,4500.0,25010,SISTEMAS DE SEGURIDAD,Cerca Electrica Zona 15 y 16,450.0,28698538.5,0,,und,0,SI,SI,NO,NO,SI,NO,
250,PDA EDIFICIOS Y DOTACION COMUNAL ETAPA 5,08 EDIFICACIONES Y DOTACION COMUN,ADPRO,En ejecucion,SI,SIN PROPIETARIO,250,PDA EDIFICIOS Y DOTACION COMUNAL ETAPA 5,40.0,PDA EDIFICIOS Y DOTACION COMUNAL,5031015,PDA URBANISMO,NO,Principal,GRUPOS,2500002,"CONSTRUCCION CIMENTACION Y ESTRUCTURA PORTERIA, CUARTO BASURAS, SALON COMUNAL",Actas de Obra Quincenales,2016-03-29,RENE ALEJANDRO MELO JIMENEZ,29/03/2016,30/09/2016,103.35,103.35,75937.7375,528.26252,7902761.1,68280478.7949,68755473.42997,23,76466.0,76466.0,Abierto,B,Civil Mano de Obra,P Y M CONSTRUCCIONES S.A.S,900721897,,SEGUNDO.MORANTES@hotmail.com,CR 102 129 50,6925791,A,0,BOGOTÁ D.C.,4111.0,Construcción de edificios residenciales.,Activo,,,,,,J,MdO Placa Entrepiso Vigas Desc e=30cm,346.0,Mano Obra Gris,O,MdeO Contratista,m2,metro cuadrado,ACTIVO,NO,3.0,NO,NO,0.0,0.0,31160.34,19.0,37080.8046,4856.0,4016,SALON COMUNAL,Placa Cubierta h=30cm,41.5,5445656.8472,0,,m2,0,SI,SI,NO,NO,SI,NO,
419,PDA CLUB HOUSE,08 EDIFICACIONES Y DOTACION COMUN,ADPRO,En ejecucion,SI,SIN PROPIETARIO,419,PDA CLUB HOUSE,40.0,PDA EDIFICIOS Y DOTACION COMUNAL,5031015,PDA URBANISMO,NO,Principal,GRUPOS,4190023,SUMINISTRO E INSTALACION MESONES PARA BAÑO Y COCINA DE CLUB HOUSE,Actas de Obra Quincenales,2016-10-11,RENE ALEJANDRO MELO JIMENEZ,11/10/2016,30/12/2016,7.54,7.54,448275.8621,85172.4138,4022200.00028,18136637.9315,21582599.13848,2,533448.275899,533448.275899,Abierto,C1,Suministro Instalacion,ACANTHUS S A S,830503864,,finanzas@acanthusmarmoles.com,CR 18 164 47,6716592,A,45,BOGOTÁ D.C.,4663.0,"Comercio al por mayor de materiales de construcción, artículos de ferretería, pinturas, productos de vidrio, equipo y materiales de fontanería y calefacción.",Activo,,,,,,J,Meson Quartzone Blanco Polar,313.0,Aparatos Griferias Accesorios,C,Subcontratos,m,metro,ACTIVO,NO,0.0,NO,NO,0.0,0.0,247899.1597,19.0,295000.0,1950.0,17006,PDA CLUB HOUSE,Meson Baños Quartzone Blanco,6.9,1787563.404,0,,ml,0,SI,SI,NO,NO,SI,NO,
419,PDA CLUB HOUSE,08 EDIFICACIONES Y DOTACION COMUN,ADPRO,En ejecucion,SI,SIN PROPIETARIO,419,PDA CLUB HOUSE,40.0,PDA EDIFICIOS Y DOTACION COMUNAL,5031015,PDA URBANISMO,NO,Principal,GRUPOS,4190023,SUMINISTRO E INSTALACION MESONES PARA BAÑO Y COCINA DE CLUB HOUSE,Actas de Obra Quincenales,2016-10-11,RENE ALEJANDRO MELO JIMENEZ,11/10/2016,30/12/2016,7.34,7.34,448275.8621,85172.4138,3915510.3451,18136637.9315,21582599.13848,1,533448.275899,533448.275899,Abierto,C1,Suministro Instalacion,ACANTHUS S A S,830503864,,finanzas@acanthusmarmoles.com,CR 18 164 47,6716592,A,45,BOGOTÁ D.C.,4663.0,"Comercio al por mayor de materiales de construcción, artículos de ferretería, pinturas, productos de vidrio, equipo y materiales de fontanería y calefacción.",Activo,,,,,,J,Meson Quartzone Blanco Polar,313.0,Aparatos Griferias Accesorios,C,Subcontratos,m,metro,ACTIVO,NO,0.0,NO,NO,0.0,0.0,247899.1597,19.0,295000.0,1950.0,17006,PDA CLUB HOUSE,Meson Baños Quartzone Blanco,6.9,1787563.404,0,,ml,0,SI,SI,NO,NO,SI,NO,
419,PDA CLUB HOUSE,08 EDIFICACIONES Y DOTACION COMUN,ADPRO,En ejecucion,SI,SIN PROPIETARIO,419,PDA CLUB HOUSE,40.0,PDA EDIFICIOS Y DOTACION COMUNAL,5031015,PDA URBANISMO,NO,Principal,GRUPOS,4190008,"INSTALACION EQUIPOS PARA PISCINA, SAUNA, TURCO Y SISTEMA DE CALEFACCION",Actas de Obra Quincenales,2016-01-15,RENE ALEJANDRO MELO JIMENEZ,25/01/2016,30/06/2017,2.0,2.0,1078000.0,204820.0,2565640.0,72757741.3795,86581712.24155,13,1282820.0,1282820.0,Abierto,C4,Instalacion,AQUACTIVA S.A.S.,900349384,,contabilidad@aquactiva.com.co,CL 127 B BIS  46  45,8132253,A,30,BOGOTÁ D.C.,4290.0,Construcción de otras obras de ingeniería civil.,Activo,,,,,,J,Instalacion Equipo,322.0,Equipos Dotación,C,Subcontratos,Un,unidad,ACTIVO,NO,3.0,NO,NO,0.0,0.0,20587000.0,19.0,24498530.0,5005.0,23003,PDA CLUB HOUSE,Sauna,2.0,7400000.0,0,,gl,0,SI,SI,NO,NO,SI,NO,
419,PDA CLUB HOUSE,08 EDIFICACIONES Y DOTACION COMUN,ADPRO,En ejecucion,SI,SIN PROPIETARIO,419,PDA CLUB HOUSE,40.0,PDA EDIFICIOS Y DOTACION COMUNAL,5031015,PDA URBANISMO,NO,Principal,GRUPOS,4190007,"SUMINISTRO EQUIPOS PARA PISCINA, SAUNA, TURCO Y SISTEMA DE CALEFACCION","Anticipo 20% , saldo en actas de Obra",2016-01-15,RENE ALEJANDRO MELO JIMENEZ,25/01/2016,30/06/2017,2.0,0.0,4064130.0,772184.7,0.0,56493400.0,67227146.0,4,4836314.7,4836314.7,Abierto,C,Suministro,AQUACTIVA S.A.S.,900349384,,contabilidad@aquactiva.com.co,CL 127 B BIS  46  45,8132253,A,30,BOGOTÁ D.C.,4290.0,Construcción de otras obras de ingeniería civil.,Activo,,,,,,J,Equipo Sauna Electrico,322.0,Equipos Dotación,C,Subcontratos,Un,unidad,ACTIVO,NO,3.0,NO,NO,0.0,0.0,2752000.0,19.0,3274880.0,6497.0,23003,PDA CLUB HOUSE,Sauna,2.0,7400000.0,0,,gl,0,SI,SI,NO,NO,SI,NO,
250,PDA EDIFICIOS Y DOTACION COMUNAL ETAPA 5,08 EDIFICACIONES Y DOTACION COMUN,ADPRO,En ejecucion,SI,SIN PROPIETARIO,250,PDA EDIFICIOS Y DOTACION COMUNAL ETAPA 5,40.0,PDA EDIFICIOS Y DOTACION COMUNAL,5031015,PDA URBANISMO,NO,Principal,GRUPOS,2500027,"SISTEMA DE CONTROL DE ACCESO, SEGURIDAD CCTV Y CERCA ELECTRICA KATIOS",Actas de Obra Quincenales,2016-11-30,RENE ALEJANDRO MELO JIMENEZ,01/12/2016,15/09/2017,2.0,2.0,174048.0,33069.12,414234.24,220525028.6145,262424784.0513,2,207117.12,207117.12,Abierto,C1,Suministro Instalacion,YM SEGURIDAD CONTROL Y DISEÑO SAS,900370722,,ymseguridadcontrolydiseño@hotmail.com,CL 5 C  69 B  13,4977725,A,30,BOGOTÁ D.C.,4659.0,Comercio al por mayor de otros tipos de maquinaria y equipo n.c.p.,Activo,,,,,,J,Soporte Camara,322.0,Equipos Dotación,M,Materiales,Un,unidad,ACTIVO,NO,3.0,NO,NO,0.0,0.0,231206.9,19.0,275136.211,8457.0,25001,SISTEMAS DE SEGURIDAD,Camara IP Fija Infraroja - Varifocal - Intemperie,3.0,11870164.68,0,,und,0,SI,SI,NO,NO,SI,NO,
250,PDA EDIFICIOS Y DOTACION COMUNAL ETAPA 5,08 EDIFICACIONES Y DOTACION COMUN,ADPRO,En ejecucion,SI,SIN PROPIETARIO,250,PDA EDIFICIOS Y DOTACION COMUNAL ETAPA 5,40.0,PDA EDIFICIOS Y DOTACION COMUNAL,5031015,PDA URBANISMO,NO,Principal,GRUPOS,2500027,"SISTEMA DE CONTROL DE ACCESO, SEGURIDAD CCTV Y CERCA ELECTRICA KATIOS",Actas de Obra Quincenales,2016-11-30,RENE ALEJANDRO MELO JIMENEZ,01/12/2016,15/09/2017,5.0,5.0,1190112.0,226121.28,7081166.4,220525028.6145,262424784.0513,1,1416233.28,1416233.28,Abierto,C1,Suministro Instalacion,YM SEGURIDAD CONTROL Y DISEÑO SAS,900370722,,ymseguridadcontrolydiseño@hotmail.com,CL 5 C  69 B  13,4977725,A,30,BOGOTÁ D.C.,4659.0,Comercio al por mayor de otros tipos de maquinaria y equipo n.c.p.,Activo,,,,,,J,Camara IP Fija Infraroja-Varifocal-Intemperie,338.0,Sistemas CCTV,C,Subcontratos,Un,unidad,ACTIVO,NO,0.0,NO,NO,0.0,0.0,3410966.86,19.0,4059050.5634,4474.0,25001,SISTEMAS DE SEGURIDAD,Camara IP Fija Infraroja - Varifocal - Intemperie,3.0,11870164.68,0,,und,0,SI,SI,NO,NO,SI,NO,
250,PDA EDIFICIOS Y DOTACION COMUNAL ETAPA 5,08 EDIFICACIONES Y DOTACION COMUN,ADPRO,En ejecucion,SI,SIN PROPIETARIO,250,PDA EDIFICIOS Y DOTACION COMUNAL ETAPA 5,40.0,PDA EDIFICIOS Y DOTACION COMUNAL,5031015,PDA URBANISMO,NO,Principal,GRUPOS,2500010,SUMINISTRO E INSTALACION MESONES EN MARMOL Y GRANITO PARA COCINA Y BAÑOS,Actas de Obra Quincenales,2016-08-29,RENE ALEJANDRO MELO JIMENEZ,29/08/2016,17/08/2017,2.56,2.56,275682.0,52379.58,839837.6448,5073161.0928,6037061.7004,3,328061.58,328061.58,Abierto,H1,Orden de T/S - 4,ACANTHUS S A S,830503864,,finanzas@acanthusmarmoles.com,CR 18 164 47,6716592,A,45,BOGOTÁ D.C.,4663.0,"Comercio al por mayor de materiales de construcción, artículos de ferretería, pinturas, productos de vidrio, equipo y materiales de fontanería y calefacción.",Activo,,,,,,J,Meson Granito Jaspe,313.0,Aparatos Griferias Accesorios,C,Subcontratos,m,metro,ACTIVO,NO,3.0,NO,NO,0.0,0.0,146551.72,19.0,174396.5468,6092.0,19002,SALON COMUNAL,Meson Cocina Granito Jaspe,7.5,1500000.0,0,,ml,0,SI,SI,NO,NO,SI,NO,
250,PDA EDIFICIOS Y DOTACION COMUNAL ETAPA 5,08 EDIFICACIONES Y DOTACION COMUN,ADPRO,En ejecucion,SI,SIN PROPIETARIO,250,PDA EDIFICIOS Y DOTACION COMUNAL ETAPA 5,40.0,PDA EDIFICIOS Y DOTACION COMUNAL,5031015,PDA URBANISMO,NO,Principal,GRUPOS,2500010,SUMINISTRO E INSTALACION MESONES EN MARMOL Y GRANITO PARA COCINA Y BAÑOS,Actas de Obra Quincenales,2016-08-29,RENE ALEJANDRO MELO JIMENEZ,29/08/2016,17/08/2017,1.0,1.0,34483.0,6551.77,41034.77,5073161.0928,6037061.7004,4,41034.77,41034.77,Abierto,H1,Orden de T/S - 4,ACANTHUS S A S,830503864,,finanzas@acanthusmarmoles.com,CR 18 164 47,6716592,A,45,BOGOTÁ D.C.,4663.0,"Comercio al por mayor de materiales de construcción, artículos de ferretería, pinturas, productos de vidrio, equipo y materiales de fontanería y calefacción.",Activo,,,,,,J,Meson Granito Jaspe,313.0,Aparatos Griferias Accesorios,C,Subcontratos,m,metro,ACTIVO,NO,3.0,NO,NO,0.0,0.0,146551.72,19.0,174396.5468,6092.0,19002,SALON COMUNAL,Meson Cocina Granito Jaspe,7.5,1500000.0,0,,ml,0,SI,SI,NO,NO,SI,NO,
250,PDA EDIFICIOS Y DOTACION COMUNAL ETAPA 5,08 EDIFICACIONES Y DOTACION COMUN,ADPRO,En ejecucion,SI,SIN PROPIETARIO,250,PDA EDIFICIOS Y DOTACION COMUNAL ETAPA 5,40.0,PDA EDIFICIOS Y DOTACION COMUNAL,5031015,PDA URBANISMO,NO,Principal,GRUPOS,2500002,"CONSTRUCCION CIMENTACION Y ESTRUCTURA PORTERIA, CUARTO BASURAS, SALON COMUNAL",Actas de Obra Quincenales,2016-03-29,RENE ALEJANDRO MELO JIMENEZ,29/03/2016,30/09/2016,2.88,2.88,126173.4715,877.7285,365907.456,68280478.7949,68755473.42997,7,127051.2,127051.2,Abierto,B,Civil Mano de Obra,P Y M CONSTRUCCIONES S.A.S,900721897,,SEGUNDO.MORANTES@hotmail.com,CR 102 129 50,6925791,A,0,BOGOTÁ D.C.,4111.0,Construcción de edificios residenciales.,Activo,,,,,,J,MdO Dado en Concreto,311.0,Actividades Obra,O,MdeO Contratista,m3,metro cubico,ACTIVO,NO,3.0,NO,NO,0.0,0.0,106916.45,19.0,127230.5755,4296.0,3006,PORTERIA,Cabezales en Concreto,2.05,1085290.4869,0,,m3,0,SI,SI,NO,NO,SI,NO,
250,PDA EDIFICIOS Y DOTACION COMUNAL ETAPA 5,08 EDIFICACIONES Y DOTACION COMUN,ADPRO,En ejecucion,SI,SIN PROPIETARIO,250,PDA EDIFICIOS Y DOTACION COMUNAL ETAPA 5,40.0,PDA EDIFICIOS Y DOTACION COMUNAL,5031015,PDA URBANISMO,NO,Principal,GRUPOS,2500010,SUMINISTRO E INSTALACION MESONES EN MARMOL Y GRANITO PARA COCINA Y BAÑOS,Actas de Obra Quincenales,2016-08-29,RENE ALEJANDRO MELO JIMENEZ,29/08/2016,17/08/2017,1.0,1.0,34482.9828,6551.76673,41034.7495,5073161.0928,6037061.7004,2,41034.7495,41034.7495,Abierto,H1,Orden de T/S - 4,ACANTHUS S A S,830503864,,finanzas@acanthusmarmoles.com,CR 18 164 47,6716592,A,45,BOGOTÁ D.C.,4663.0,"Comercio al por mayor de materiales de construcción, artículos de ferretería, pinturas, productos de vidrio, equipo y materiales de fontanería y calefacción.",Activo,,,,,,J,Acometida 3x2/0 Cu,332.0,Internas Electricas y Comunicaciones,C,Subcontratos,m,metro,ACTIVO,NO,3.0,NO,NO,0.0,0.0,201091.34,19.0,239298.6946,6942.0,19001,PORTERIA,Meson Cocina Granito Jaspe,2.9,580000.0,0,,ml,0,SI,SI,NO,NO,SI,NO,
250,PDA EDIFICIOS Y DOTACION COMUNAL ETAPA 5,08 EDIFICACIONES Y DOTACION COMUN,ADPRO,En ejecucion,SI,SIN PROPIETARIO,250,PDA EDIFICIOS Y DOTACION COMUNAL ETAPA 5,40.0,PDA EDIFICIOS Y DOTACION COMUNAL,5031015,PDA URBANISMO,NO,Principal,GRUPOS,2500010,SUMINISTRO E INSTALACION MESONES EN MARMOL Y GRANITO PARA COCINA Y BAÑOS,Actas de Obra Quincenales,2016-08-29,RENE ALEJANDRO MELO JIMENEZ,29/08/2016,17/08/2017,1.65,1.65,206897.0,39310.43,406242.2595,5073161.0928,6037061.7004,1,246207.43,246207.43,Abierto,H1,Orden de T/S - 4,ACANTHUS S A S,830503864,,finanzas@acanthusmarmoles.com,CR 18 164 47,6716592,A,45,BOGOTÁ D.C.,4663.0,"Comercio al por mayor de materiales de construcción, artículos de ferretería, pinturas, productos de vidrio, equipo y materiales de fontanería y calefacción.",Activo,,,,,,J,Acometida 3x2/0 Cu,332.0,Internas Electricas y Comunicaciones,C,Subcontratos,m,metro,ACTIVO,NO,3.0,NO,NO,0.0,0.0,201091.34,19.0,239298.6946,6942.0,19001,PORTERIA,Meson Cocina Granito Jaspe,2.9,580000.0,0,,ml,0,SI,SI,NO,NO,SI,NO,
250,PDA EDIFICIOS Y DOTACION COMUNAL ETAPA 5,08 EDIFICACIONES Y DOTACION COMUN,ADPRO,En ejecucion,SI,SIN PROPIETARIO,250,PDA EDIFICIOS Y DOTACION COMUNAL ETAPA 5,40.0,PDA EDIFICIOS Y DOTACION COMUNAL,5031015,PDA URBANISMO,NO,Principal,GRUPOS,2500002,"CONSTRUCCION CIMENTACION Y ESTRUCTURA PORTERIA, CUARTO BASURAS, SALON COMUNAL",Actas de Obra Quincenales,2016-03-29,RENE ALEJANDRO MELO JIMENEZ,29/03/2016,30/09/2016,15.05,15.05,128510.0173,893.98273,1947530.2,68280478.7949,68755473.42997,17,129404.0,129404.0,Abierto,B,Civil Mano de Obra,P Y M CONSTRUCCIONES S.A.S,900721897,,SEGUNDO.MORANTES@hotmail.com,CR 102 129 50,6925791,A,0,BOGOTÁ D.C.,4111.0,Construcción de edificios residenciales.,Activo,,,,,,J,Mdo Viga Amarre Rectangular Concreto,311.0,Actividades Obra,O,MdeO Contratista,m3,metro cubico,ACTIVO,NO,3.0,NO,NO,0.0,0.0,229480.29,19.0,283309.0,4394.0,3033,SALON COMUNAL,Viga Cimentacion Concreto 3000 PSI,16.6,8381505.8938,0,,m3,0,SI,SI,NO,NO,SI,NO,
419,PDA CLUB HOUSE,08 EDIFICACIONES Y DOTACION COMUN,ADPRO,En ejecucion,SI,SIN PROPIETARIO,419,PDA CLUB HOUSE,40.0,PDA EDIFICIOS Y DOTACION COMUNAL,5031015,PDA URBANISMO,NO,Principal,GRUPOS,4190023,SUMINISTRO E INSTALACION MESONES PARA BAÑO Y COCINA DE CLUB HOUSE,Actas de Obra Quincenales,2016-10-11,RENE ALEJANDRO MELO JIMENEZ,11/10/2016,30/12/2016,9.23,9.23,724137.931,137586.20689,7953713.79273,18136637.9315,21582599.13848,3,861724.13789,861724.13789,Abierto,C1,Suministro Instalacion,ACANTHUS S A S,830503864,,finanzas@acanthusmarmoles.com,CR 18 164 47,6716592,A,45,BOGOTÁ D.C.,4663.0,"Comercio al por mayor de materiales de construcción, artículos de ferretería, pinturas, productos de vidrio, equipo y materiales de fontanería y calefacción.",Activo,,,,,,J,Meson Granito Beige Rosa Brillado (Cremosino),313.0,Aparatos Griferias Accesorios,C,Subcontratos,m,metro,ACTIVO,NO,0.0,NO,NO,0.0,0.0,106430.17,19.0,126651.9023,1934.0,18002,PDA CLUB HOUSE,Meson Cocina Granito Pulido,6.16,821348.0352,0,,m,0,SI,SI,NO,NO,SI,NO,
419,PDA CLUB HOUSE,08 EDIFICACIONES Y DOTACION COMUN,ADPRO,En ejecucion,SI,SIN PROPIETARIO,419,PDA CLUB HOUSE,40.0,PDA EDIFICIOS Y DOTACION COMUNAL,5031015,PDA URBANISMO,NO,Principal,GRUPOS,4190016,"FABRICACION, SUMINISTRO E INSTALACION CARPINTERIA METALICA.",Actas de Obra Quincenales,2016-08-29,RENE ALEJANDRO MELO JIMENEZ,01/09/2016,31/12/2016,1.0,1.0,543150.0,103198.5,646348.5,5437840.0,6471029.6,2,646348.5,646348.5,Abierto,H1,Orden de T/S - 4,SOSAMET S A S,900111135,,sosamet@gmail.com,CL 158  110  45,6533570,A,1,BOGOTÁ D.C.,2511.0,Fabricación de productos metálicos para uso estructural.,Activo,,,,,,J,Puerta Metalica 0.90x2.33m,316.0,Carpinteria Metalica,C,Subcontratos,Un,unidad,ACTIVO,NO,0.0,NO,NO,0.0,0.0,532420.69,19.0,633580.6211,7416.0,15003,PDA CLUB HOUSE,Puerta metalica,2.0,779520.0,0,,und,0,SI,SI,NO,NO,SI,NO,
419,PDA CLUB HOUSE,08 EDIFICACIONES Y DOTACION COMUN,ADPRO,En ejecucion,SI,SIN PROPIETARIO,419,PDA CLUB HOUSE,40.0,PDA EDIFICIOS Y DOTACION COMUNAL,5031015,PDA URBANISMO,NO,Principal,GRUPOS,4190016,"FABRICACION, SUMINISTRO E INSTALACION CARPINTERIA METALICA.",Actas de Obra Quincenales,2016-08-29,RENE ALEJANDRO MELO JIMENEZ,01/09/2016,31/12/2016,1.0,0.0,994000.0,188860.0,0.0,5437840.0,6471029.6,3,1182860.0,1182860.0,Abierto,H1,Orden de T/S - 4,SOSAMET S A S,900111135,,sosamet@gmail.com,CL 158  110  45,6533570,A,1,BOGOTÁ D.C.,2511.0,Fabricación de productos metálicos para uso estructural.,Activo,,,,,,J,Puerta Metalica 0.95x2.50m,316.0,Carpinteria Metalica,C,Subcontratos,Un,unidad,ACTIVO,NO,3.0,NO,NO,0.0,0.0,320000.0,19.0,380800.0,5393.0,15003,PDA CLUB HOUSE,Puerta metalica,2.0,779520.0,0,,und,0,SI,SI,NO,NO,SI,NO,
419,PDA CLUB HOUSE,08 EDIFICACIONES Y DOTACION COMUN,ADPRO,En ejecucion,SI,SIN PROPIETARIO,419,PDA CLUB HOUSE,40.0,PDA EDIFICIOS Y DOTACION COMUNAL,5031015,PDA URBANISMO,NO,Principal,GRUPOS,4190016,"FABRICACION, SUMINISTRO E INSTALACION CARPINTERIA METALICA.",Actas de Obra Quincenales,2016-08-29,RENE ALEJANDRO MELO JIMENEZ,01/09/2016,31/12/2016,1.0,1.0,1476090.0,280457.1,1756547.1,5437840.0,6471029.6,1,1756547.1,1756547.1,Abierto,H1,Orden de T/S - 4,SOSAMET S A S,900111135,,sosamet@gmail.com,CL 158  110  45,6533570,A,1,BOGOTÁ D.C.,2511.0,Fabricación de productos metálicos para uso estructural.,Activo,,,,,,J,Puerta Metalica 2.20 x 3.15m,316.0,Carpinteria Metalica,M,Materiales,Un,unidad,ACTIVO,NO,3.0,NO,NO,0.0,0.0,1780000.0,19.0,2118200.0,8231.0,15003,PDA CLUB HOUSE,Puerta metalica,2.0,779520.0,0,,und,0,SI,SI,NO,NO,SI,NO,
250,PDA EDIFICIOS Y DOTACION COMUNAL ETAPA 5,08 EDIFICACIONES Y DOTACION COMUN,ADPRO,En ejecucion,SI,SIN PROPIETARIO,250,PDA EDIFICIOS Y DOTACION COMUNAL ETAPA 5,40.0,PDA EDIFICIOS Y DOTACION COMUNAL,5031015,PDA URBANISMO,NO,Principal,GRUPOS,2500002,"CONSTRUCCION CIMENTACION Y ESTRUCTURA PORTERIA, CUARTO BASURAS, SALON COMUNAL",Actas de Obra Quincenales,2016-03-29,RENE ALEJANDRO MELO JIMENEZ,29/03/2016,30/09/2016,286.33,286.33,9930.9154,69.08463,2863300.0,68280478.7949,68755473.42997,5,10000.0,10000.0,Abierto,B,Civil Mano de Obra,P Y M CONSTRUCCIONES S.A.S,900721897,,SEGUNDO.MORANTES@hotmail.com,CR 102 129 50,6925791,A,0,BOGOTÁ D.C.,4111.0,Construcción de edificios residenciales.,Activo,,,,,,J,Excavacion Mecanica con Disposicion Interna (Relleno y Conformacion),311.0,Actividades Obra,C,Subcontratos,m3,metro cubico,ACTIVO,NO,3.0,NO,NO,0.0,0.0,6551.72,19.0,7796.5468,4904.0,2005,TANQUE DE AGUA,Excavacion Tanque con Disposicion Interna,661.43,5807355.4,0,,m3,0,SI,SI,NO,NO,SI,NO,
250,PDA EDIFICIOS Y DOTACION COMUNAL ETAPA 5,08 EDIFICACIONES Y DOTACION COMUN,ADPRO,En ejecucion,SI,SIN PROPIETARIO,250,PDA EDIFICIOS Y DOTACION COMUNAL ETAPA 5,40.0,PDA EDIFICIOS Y DOTACION COMUNAL,5031015,PDA URBANISMO,NO,Principal,GRUPOS,2500016,IMPERMEABILIZACION LAVADO Y DESINFECCION TANQUE DE AGUA KATIOS,Actas de Obra Quincenales,2016-09-20,RENE ALEJANDRO MELO JIMENEZ,20/09/2016,30/12/2016,290.0,290.0,20880.0,288.0,6138720.0,6055200.0,6138720.0,1,21168.0,21168.0,Abierto,H1,Orden de T/S - 4,ARF ASEO INDUSTRIAL Y SERVICIOS S.A.S.,900488247,,aseoindustrialarf@hotmail.com,CL 28 C SUR 13  41,3614913,A,60,BOGOTÁ D.C.,8129.0,Otras actividades de limpieza de edificios e instalaciones industriales.,Activo,,,,,,J,Impermeabilizacion Interior Tanque,312.0,Aditivos Quimicos Mantos Impermeabilizantes,C,Subcontratos,m2,metro cuadrado,ACTIVO,NO,0.0,NO,NO,0.0,0.0,8637.93,19.0,10279.1367,1625.0,23004,TANQUE DE AGUA,Impermeabilizacion Interior Tanque (Muros y Piso),164.0,1643280.0,0,,m2,0,SI,SI,NO,NO,SI,NO,
250,PDA EDIFICIOS Y DOTACION COMUNAL ETAPA 5,08 EDIFICACIONES Y DOTACION COMUN,ADPRO,En ejecucion,SI,SIN PROPIETARIO,250,PDA EDIFICIOS Y DOTACION COMUNAL ETAPA 5,40.0,PDA EDIFICIOS Y DOTACION COMUNAL,5031015,PDA URBANISMO,NO,Principal,GRUPOS,2500002,"CONSTRUCCION CIMENTACION Y ESTRUCTURA PORTERIA, CUARTO BASURAS, SALON COMUNAL",Actas de Obra Quincenales,2016-03-29,RENE ALEJANDRO MELO JIMENEZ,29/03/2016,30/09/2016,105.92,105.92,5257.228,36.57202,560719.296,68280478.7949,68755473.42997,16,5293.8,5293.8,Abierto,B,Civil Mano de Obra,P Y M CONSTRUCCIONES S.A.S,900721897,,SEGUNDO.MORANTES@hotmail.com,CR 102 129 50,6925791,A,0,BOGOTÁ D.C.,4111.0,Construcción de edificios residenciales.,Activo,,,,,,J,MdO Solado Limpieza Concreto,346.0,Mano Obra Gris,O,MdeO Contratista,m2,metro cuadrado,ACTIVO,NO,0.0,NO,NO,0.0,0.0,2096.28,19.0,2588.0,4400.0,3030,TANQUE DE AGUA,Concreto Pobre 3Cm Material    ,100.0,1446447.104,0,,m2,0,SI,SI,NO,NO,SI,NO,
250,PDA EDIFICIOS Y DOTACION COMUNAL ETAPA 5,08 EDIFICACIONES Y DOTACION COMUN,ADPRO,En ejecucion,SI,SIN PROPIETARIO,250,PDA EDIFICIOS Y DOTACION COMUNAL ETAPA 5,40.0,PDA EDIFICIOS Y DOTACION COMUNAL,5031015,PDA URBANISMO,NO,Principal,GRUPOS,2500002,"CONSTRUCCION CIMENTACION Y ESTRUCTURA PORTERIA, CUARTO BASURAS, SALON COMUNAL",Actas de Obra Quincenales,2016-03-29,RENE ALEJANDRO MELO JIMENEZ,29/03/2016,30/09/2016,110.14,110.14,71264.6459,495.75406,7903690.456,68280478.7949,68755473.42997,26,71760.4,71760.4,Abierto,B,Civil Mano de Obra,P Y M CONSTRUCCIONES S.A.S,900721897,,SEGUNDO.MORANTES@hotmail.com,CR 102 129 50,6925791,A,0,BOGOTÁ D.C.,4111.0,Construcción de edificios residenciales.,Activo,,,,,,J,MdO Placa Entrepiso Vigas Desc e=35cm,346.0,Mano Obra Gris,O,MdeO Contratista,m2,metro cuadrado,ACTIVO,NO,3.0,NO,NO,0.0,0.0,36301.72,19.0,43199.0468,4847.0,4021,TANQUE DE AGUA,Placa Tapa Tanque Aligerada e=0.40m,63.0,8745738.2208,0,,m2,0,SI,SI,NO,NO,SI,NO,
250,PDA EDIFICIOS Y DOTACION COMUNAL ETAPA 5,08 EDIFICACIONES Y DOTACION COMUN,ADPRO,En ejecucion,SI,SIN PROPIETARIO,250,PDA EDIFICIOS Y DOTACION COMUNAL ETAPA 5,40.0,PDA EDIFICIOS Y DOTACION COMUNAL,5031015,PDA URBANISMO,NO,Principal,GRUPOS,2500002,"CONSTRUCCION CIMENTACION Y ESTRUCTURA PORTERIA, CUARTO BASURAS, SALON COMUNAL",Actas de Obra Quincenales,2016-03-29,RENE ALEJANDRO MELO JIMENEZ,29/03/2016,30/09/2016,40.0,40.0,32711.6408,227.55924,1317568.0,68280478.7949,68755473.42997,27,32939.2,32939.2,Abierto,B,Civil Mano de Obra,P Y M CONSTRUCCIONES S.A.S,900721897,,SEGUNDO.MORANTES@hotmail.com,CR 102 129 50,6925791,A,0,BOGOTÁ D.C.,4111.0,Construcción de edificios residenciales.,Activo,,,,,,J,Cinta Flexible PVC 22cm,312.0,Aditivos Quimicos Mantos Impermeabilizantes,M,Materiales,m,metro,ACTIVO,NO,0.0,NO,NO,0.0,0.0,49857.9832,19.0,59331.0,901.0,8001,TANQUE DE AGUA,Sello PVC 22cm    ,39.0,2661750.0,0,,ml,0,SI,SI,NO,NO,SI,NO,
337,PDA LOCATIVAS,10 OBRAS EJECUCION DE GARANTIAS,ADPRO,En ejecucion,SI,SIN PROPIETARIO,337,PDA LOCATIVAS,25.0,PDA GENERALES NO ASIGNADOS,5032010,PDA GG NO ASIGNADOS,NO,Principal,GRUPOS,3370129,"SUMINISTRO E INSTALACION MATERIALES PARA ARREGLO CHIMENEAS IGUAQUE CASAS 37, 44, 39 GALERAS CASAS 30",ACTAS QUINCENALES,2016-06-22,NATHALIA CAROLINA MORENO ORDOÑEZ,13/06/2016,30/09/2016,10.0,10.0,1230000.0,196800.0,14268000.0,12300000.0,14268000.0,1,1426800.0,1426800.0,Abierto,C1,Suministro Instalacion,DISERCO PRODUCTOS Y SERVICIOS S.A.S.,900488835,,diserco@yahoo.es,CL 10  SUR 10 A  10,3115338742,A,0,BOGOTÁ D.C.,7111.0,Actividades de arquitectura.,Activo,,,,,,J,Marmoles y Chimeneas,384.0,Locativas,C,Subcontratos,Un,unidad,ACTIVO,NO,0.0,NO,NO,0.0,0.0,8620.69,19.0,10258.6211,4735.0,13005,PDA LOCATIVAS ESTORAQUES,Marmoles y Chimeneas THE,6.0,184976.58,0,,und,0,SI,SI,NO,NO,SI,NO,
337,PDA LOCATIVAS,10 OBRAS EJECUCION DE GARANTIAS,ADPRO,En ejecucion,SI,SIN PROPIETARIO,337,PDA LOCATIVAS,25.0,PDA GENERALES NO ASIGNADOS,5032010,PDA GG NO ASIGNADOS,NO,Principal,GRUPOS,3370130,"MANO DE OBRA DESISTALACION, SUMINISTRO E INSTALACION MESON DE COCINA BARU CASA 33 Y DARIEN CASA 20",ACTAS QUINCENALES,2016-06-22,NATHALIA CAROLINA MORENO ORDOÑEZ,22/06/2016,15/09/2016,1.0,1.0,1481431.8966,237029.10346,1718461.00006,1847713.7932,2143348.00012,1,1718461.000056,1718461.0,Abierto,H1,Orden de T/S - 4,MARMISOL S A S,830071137,,notificaciones@marmisol.com.co,CR 19 164 52,6724848,A,45,BOGOTÁ D.C.,2396.0,"Corte, tallado y acabado de la piedra.",Activo,,,,,,J,Marmoles y Chimeneas,384.0,Locativas,C,Subcontratos,Un,unidad,ACTIVO,NO,0.0,NO,NO,0.0,0.0,8620.69,19.0,10258.6211,4735.0,13007,PDA LOCATIVAS DARIEN,Marmoles y Chimeneas PAR,33.0,1454242.02,0,,und,0,SI,SI,NO,NO,SI,NO,
337,PDA LOCATIVAS,10 OBRAS EJECUCION DE GARANTIAS,ADPRO,En ejecucion,SI,SIN PROPIETARIO,337,PDA LOCATIVAS,25.0,PDA GENERALES NO ASIGNADOS,5032010,PDA GG NO ASIGNADOS,NO,Principal,GRUPOS,3370130,"MANO DE OBRA DESISTALACION, SUMINISTRO E INSTALACION MESON DE COCINA BARU CASA 33 Y DARIEN CASA 20",ACTAS QUINCENALES,2016-06-22,NATHALIA CAROLINA MORENO ORDOÑEZ,22/06/2016,15/09/2016,1.0,1.0,366281.8966,58605.10346,424887.00006,1847713.7932,2143348.00012,2,424887.000056,424887.0,Abierto,H1,Orden de T/S - 4,MARMISOL S A S,830071137,,notificaciones@marmisol.com.co,CR 19 164 52,6724848,A,45,BOGOTÁ D.C.,2396.0,"Corte, tallado y acabado de la piedra.",Activo,,,,,,J,Marmoles y Chimeneas,384.0,Locativas,C,Subcontratos,Un,unidad,ACTIVO,NO,0.0,NO,NO,0.0,0.0,8620.69,19.0,10258.6211,4735.0,13010,PDA LOCATIVAS FARALLONES,Marmoles y Chimeneas THM,25.0,770735.75,0,,und,0,SI,SI,NO,NO,SI,NO,
250,PDA EDIFICIOS Y DOTACION COMUNAL ETAPA 5,08 EDIFICACIONES Y DOTACION COMUN,ADPRO,En ejecucion,SI,SIN PROPIETARIO,250,PDA EDIFICIOS Y DOTACION COMUNAL ETAPA 5,40.0,PDA EDIFICIOS Y DOTACION COMUNAL,5031015,PDA URBANISMO,NO,Principal,GRUPOS,2500002,"CONSTRUCCION CIMENTACION Y ESTRUCTURA PORTERIA, CUARTO BASURAS, SALON COMUNAL",Actas de Obra Quincenales,2016-03-29,RENE ALEJANDRO MELO JIMENEZ,29/03/2016,30/09/2016,29.14,29.14,251178.6701,1747.32988,7370263.64,68280478.7949,68755473.42997,24,252926.0,252926.0,Abierto,B,Civil Mano de Obra,P Y M CONSTRUCCIONES S.A.S,900721897,,SEGUNDO.MORANTES@hotmail.com,CR 102 129 50,6925791,A,0,BOGOTÁ D.C.,4111.0,Construcción de edificios residenciales.,Activo,,,,,,J,MdO Muro Contencion Concreto,345.0,Mano Obra Obras Urbanismo,O,MdeO Contratista,m3,metro cubico,ACTIVO,NO,3.0,NO,NO,0.0,0.0,175000.0,0.0,175000.0,4788.0,4018,TANQUE DE AGUA,Muro Concreto 3500 e=25cm Baja Permeabilidad  ,22.0,15833528.876,0,,m3,0,SI,SI,NO,NO,SI,NO,
250,PDA EDIFICIOS Y DOTACION COMUNAL ETAPA 5,08 EDIFICACIONES Y DOTACION COMUN,ADPRO,En ejecucion,SI,SIN PROPIETARIO,250,PDA EDIFICIOS Y DOTACION COMUNAL ETAPA 5,40.0,PDA EDIFICIOS Y DOTACION COMUNAL,5031015,PDA URBANISMO,NO,Principal,GRUPOS,2500027,"SISTEMA DE CONTROL DE ACCESO, SEGURIDAD CCTV Y CERCA ELECTRICA KATIOS",Actas de Obra Quincenales,2016-11-30,RENE ALEJANDRO MELO JIMENEZ,01/12/2016,15/09/2017,1.0,1.0,1205760.0,229094.4,1434854.4,220525028.6145,262424784.0513,42,1434854.4,1434854.4,Abierto,C1,Suministro Instalacion,YM SEGURIDAD CONTROL Y DISEÑO SAS,900370722,,ymseguridadcontrolydiseño@hotmail.com,CL 5 C  69 B  13,4977725,A,30,BOGOTÁ D.C.,4659.0,Comercio al por mayor de otros tipos de maquinaria y equipo n.c.p.,Activo,,,,,,J,Licencia,999.0,Varios,K,Indirectos,Un,unidad,ACTIVO,NO,3.0,NO,NO,0.0,0.0,10000.0,0.0,10000.0,4047.0,25012,CUARTO CONTROL,Cuarto de Control,1.0,30000000.0,0,,und,0,SI,SI,NO,NO,SI,NO,
93,PDA INFRAESTRUCTURA,02 OBRAS URBANAS,ADPRO,En ejecucion,SI,SIN PROPIETARIO,93,PDA INFRAESTRUCTURA,37.0,PDA INFRAESTRUCTURA,5031015,PDA URBANISMO,NO,Principal,GRUPOS,930121,MANTENIMIENTO DE EQUIPOS DE BOMBEO - AGUAS LLUVIAS RESERVORIO,ACTAS DE OBRA,2016-11-08,RENE ALEJANDRO MELO JIMENEZ,15/11/2016,30/11/2016,3.0,3.0,2000000.0,320000.0,6960000.0,6000000.0,6960000.0,1,2320000.0,2320000.0,Abierto,H1,Orden de T/S - 4,ELECTRO HIDRAULICA S.A REPRESENTACIONES,860513276,,info@electrohidraulica.com.co,CR 40 24A 35,3680055,P,0,BOGOTÁ D.C.,4290.0,Construcción de otras obras de ingeniería civil.,Activo,,,,,,J,Mantenimiento Equipo,999.0,Varios,C,Subcontratos,Un,unidad,ACTIVO,NO,3.0,NO,NO,0.0,0.0,10000.0,0.0,10000.0,4050.0,1005,ESTACION DE BOMBEO,Estacion De Bombeo Aguas Luvias,1.0,1425000000.0,0,,Sg,0,SI,SI,NO,NO,SI,NO,
174,PDA PRELIMINARES,05 OBRAS PRELIMINARES,ADPRO,En ejecucion,SI,SIN PROPIETARIO,174,PDA PRELIMINARES,25.0,PDA GENERALES NO ASIGNADOS,5032010,PDA GG NO ASIGNADOS,NO,Principal,GRUPOS,1740271,CONSTRUCCION RED ACUEDUCTO DARIEN B,ACTAS DE OBRA,2016-09-20,RENE ALEJANDRO MELO JIMENEZ,20/09/2016,30/10/2016,54.0,54.0,14866.7297,113.2703,808920.0,3783890.3592,3812720.0,7,14980.0,14980.0,Abierto,H1,Orden de T/S - 4,INGEOCIVILES HYS SAS,900724978,,ingeociviles@outlook.com,CR 72 B 11 B 02,6348398,A,30,BOGOTÁ D.C.,4290.0,Construcción de otras obras de ingeniería civil.,Activo,,,,,,J,Mdo Relleno Manual Tierra,311.0,Actividades Obra,O,MdeO Contratista,m3,metro cubico,ACTIVO,NO,3.0,NO,NO,0.0,0.0,5862.1,19.0,6975.899,4393.0,4001,PRELIMINARES,Obras Provisionales Sanitarias,1.065,81925657.5,0,,Sg,0,SI,SI,NO,NO,SI,NO,
174,PDA PRELIMINARES,05 OBRAS PRELIMINARES,ADPRO,En ejecucion,SI,SIN PROPIETARIO,174,PDA PRELIMINARES,25.0,PDA GENERALES NO ASIGNADOS,5032010,PDA GG NO ASIGNADOS,NO,Principal,GRUPOS,1740271,CONSTRUCCION RED ACUEDUCTO DARIEN B,ACTAS DE OBRA,2016-09-20,RENE ALEJANDRO MELO JIMENEZ,20/09/2016,30/10/2016,200.0,200.0,7691.3989,58.6011,1550000.0,3783890.3592,3812720.0,1,7750.0,7750.0,Abierto,H1,Orden de T/S - 4,INGEOCIVILES HYS SAS,900724978,,ingeociviles@outlook.com,CR 72 B 11 B 02,6348398,A,30,BOGOTÁ D.C.,4290.0,Construcción de otras obras de ingeniería civil.,Activo,,,,,,J,Tubo PEAD PN10 PE 40 25mm,335.0,Redes Enterradas Rejillas Sumideros,M,Materiales,m,metro,ACTIVO,NO,0.0,NO,NO,0.0,0.0,2415.0,19.0,2873.85,3216.0,4001,PRELIMINARES,Obras Provisionales Sanitarias,1.065,81925657.5,0,,Sg,0,SI,SI,NO,NO,SI,NO,
174,PDA PRELIMINARES,05 OBRAS PRELIMINARES,ADPRO,En ejecucion,SI,SIN PROPIETARIO,174,PDA PRELIMINARES,25.0,PDA GENERALES NO ASIGNADOS,5032010,PDA GG NO ASIGNADOS,NO,Principal,GRUPOS,1740271,CONSTRUCCION RED ACUEDUCTO DARIEN B,ACTAS DE OBRA,2016-09-20,RENE ALEJANDRO MELO JIMENEZ,20/09/2016,30/10/2016,6.0,6.0,8584.5936,65.4064,51900.0,3783890.3592,3812720.0,4,8650.0,8650.0,Abierto,H1,Orden de T/S - 4,INGEOCIVILES HYS SAS,900724978,,ingeociviles@outlook.com,CR 72 B 11 B 02,6348398,A,30,BOGOTÁ D.C.,4290.0,Construcción de otras obras de ingeniería civil.,Activo,,,,,,J,Acople Mecanico No 4,323.0,Ferreteria Herramientas,M,Materiales,Un,unidad,ACTIVO,NO,3.0,NO,NO,0.0,0.0,5759.0,19.0,6853.21,8117.0,4001,PRELIMINARES,Obras Provisionales Sanitarias,1.065,81925657.5,0,,Sg,0,SI,SI,NO,NO,SI,NO,
174,PDA PRELIMINARES,05 OBRAS PRELIMINARES,ADPRO,En ejecucion,SI,SIN PROPIETARIO,174,PDA PRELIMINARES,25.0,PDA GENERALES NO ASIGNADOS,5032010,PDA GG NO ASIGNADOS,NO,Principal,GRUPOS,1740271,CONSTRUCCION RED ACUEDUCTO DARIEN B,ACTAS DE OBRA,2016-09-20,RENE ALEJANDRO MELO JIMENEZ,20/09/2016,30/10/2016,3.0,3.0,31758.034,241.966,96000.0,3783890.3592,3812720.0,2,32000.0,32000.0,Abierto,H1,Orden de T/S - 4,INGEOCIVILES HYS SAS,900724978,,ingeociviles@outlook.com,CR 72 B 11 B 02,6348398,A,30,BOGOTÁ D.C.,4290.0,Construcción de otras obras de ingeniería civil.,Activo,,,,,,J,"Collar Derivacion PVC 2x1/2""",335.0,Redes Enterradas Rejillas Sumideros,M,Materiales,Un,unidad,ACTIVO,NO,0.0,NO,NO,0.0,0.0,4104.31,19.0,4884.1289,1057.0,4001,PRELIMINARES,Obras Provisionales Sanitarias,1.065,81925657.5,0,,Sg,0,SI,SI,NO,NO,SI,NO,
174,PDA PRELIMINARES,05 OBRAS PRELIMINARES,ADPRO,En ejecucion,SI,SIN PROPIETARIO,174,PDA PRELIMINARES,25.0,PDA GENERALES NO ASIGNADOS,5032010,PDA GG NO ASIGNADOS,NO,Principal,GRUPOS,1740271,CONSTRUCCION RED ACUEDUCTO DARIEN B,ACTAS DE OBRA,2016-09-20,RENE ALEJANDRO MELO JIMENEZ,20/09/2016,30/10/2016,6.0,6.0,31758.034,241.966,192000.0,3783890.3592,3812720.0,3,32000.0,32000.0,Abierto,H1,Orden de T/S - 4,INGEOCIVILES HYS SAS,900724978,,ingeociviles@outlook.com,CR 72 B 11 B 02,6348398,A,30,BOGOTÁ D.C.,4290.0,Construcción de otras obras de ingeniería civil.,Activo,,,,,,J,"Registro de Corte AG d:1/2""",334.0,Internas Hidrosanitarias,M,Materiales,Un,unidad,ACTIVO,NO,0.0,NO,NO,0.0,0.0,14283.0,19.0,16996.77,2432.0,4001,PRELIMINARES,Obras Provisionales Sanitarias,1.065,81925657.5,0,,Sg,0,SI,SI,NO,NO,SI,NO,
337,PDA LOCATIVAS,10 OBRAS EJECUCION DE GARANTIAS,ADPRO,En ejecucion,SI,SIN PROPIETARIO,337,PDA LOCATIVAS,25.0,PDA GENERALES NO ASIGNADOS,5032010,PDA GG NO ASIGNADOS,NO,Principal,GRUPOS,3370133,SUMINISTRO E INSTALACION - REPOSICION ESPEJOS CASAS BARU Y CLARABOYA FARALLONES,ACTAS DE OBRA,2016-07-18,RENE ALEJANDRO MELO JIMENEZ,18/07/2016,21/11/2016,1.0,1.0,355000.0,56800.0,411800.0,2389000.0,2771240.0,7,411800.0,411800.0,Abierto,H1,Orden de T/S - 4,CARDOVIDRIOS LIMITADA,830097891,,cardovidriosltda@gmail.com,CL 74 B  120 B  19,3133938532,A,60,BOGOTÁ D.C.,4330.0,Terminación y acabado de edificios y obras de ingeniería civil.,Activo,,,,,,J,Ventaneria Locativas,384.0,Locativas,C,Subcontratos,Un,unidad,ACTIVO,NO,0.0,NO,NO,0.0,0.0,8620.69,19.0,10258.6211,4731.0,9006,PDA LOCATIVAS ESTORAQUES,Ventaneria Town House Medianera,24.0,613537.44,0,,und,0,SI,SI,NO,NO,SI,NO,
337,PDA LOCATIVAS,10 OBRAS EJECUCION DE GARANTIAS,ADPRO,En ejecucion,SI,SIN PROPIETARIO,337,PDA LOCATIVAS,25.0,PDA GENERALES NO ASIGNADOS,5032010,PDA GG NO ASIGNADOS,NO,Principal,GRUPOS,3370133,SUMINISTRO E INSTALACION - REPOSICION ESPEJOS CASAS BARU Y CLARABOYA FARALLONES,ACTAS DE OBRA,2016-07-18,RENE ALEJANDRO MELO JIMENEZ,18/07/2016,21/11/2016,1.0,1.0,355000.0,56800.0,411800.0,2389000.0,2771240.0,1,411800.0,411800.0,Abierto,H1,Orden de T/S - 4,CARDOVIDRIOS LIMITADA,830097891,,cardovidriosltda@gmail.com,CL 74 B  120 B  19,3133938532,A,60,BOGOTÁ D.C.,4330.0,Terminación y acabado de edificios y obras de ingeniería civil.,Activo,,,,,,J,Ventaneria Locativas,384.0,Locativas,C,Subcontratos,Un,unidad,ACTIVO,NO,0.0,NO,NO,0.0,0.0,8620.69,19.0,10258.6211,4731.0,9006,PDA LOCATIVAS ESTORAQUES,Ventaneria Town House Medianera,24.0,613537.44,0,,und,0,SI,SI,NO,NO,SI,NO,
337,PDA LOCATIVAS,10 OBRAS EJECUCION DE GARANTIAS,ADPRO,En ejecucion,SI,SIN PROPIETARIO,337,PDA LOCATIVAS,25.0,PDA GENERALES NO ASIGNADOS,5032010,PDA GG NO ASIGNADOS,NO,Principal,GRUPOS,3370133,SUMINISTRO E INSTALACION - REPOSICION ESPEJOS CASAS BARU Y CLARABOYA FARALLONES,ACTAS DE OBRA,2016-07-18,RENE ALEJANDRO MELO JIMENEZ,18/07/2016,21/11/2016,1.0,1.0,208000.0,33280.0,241280.0,2389000.0,2771240.0,6,241280.0,241280.0,Abierto,H1,Orden de T/S - 4,CARDOVIDRIOS LIMITADA,830097891,,cardovidriosltda@gmail.com,CL 74 B  120 B  19,3133938532,A,60,BOGOTÁ D.C.,4330.0,Terminación y acabado de edificios y obras de ingeniería civil.,Activo,,,,,,J,Ventaneria Locativas,384.0,Locativas,C,Subcontratos,Un,unidad,ACTIVO,NO,0.0,NO,NO,0.0,0.0,8620.69,19.0,10258.6211,4731.0,9006,PDA LOCATIVAS ESTORAQUES,Ventaneria Town House Medianera,24.0,613537.44,0,,und,0,SI,SI,NO,NO,SI,NO,
337,PDA LOCATIVAS,10 OBRAS EJECUCION DE GARANTIAS,ADPRO,En ejecucion,SI,SIN PROPIETARIO,337,PDA LOCATIVAS,25.0,PDA GENERALES NO ASIGNADOS,5032010,PDA GG NO ASIGNADOS,NO,Principal,GRUPOS,3370133,SUMINISTRO E INSTALACION - REPOSICION ESPEJOS CASAS BARU Y CLARABOYA FARALLONES,ACTAS DE OBRA,2016-07-18,RENE ALEJANDRO MELO JIMENEZ,18/07/2016,21/11/2016,1.0,1.0,355000.0,56800.0,411800.0,2389000.0,2771240.0,4,411800.0,411800.0,Abierto,H1,Orden de T/S - 4,CARDOVIDRIOS LIMITADA,830097891,,cardovidriosltda@gmail.com,CL 74 B  120 B  19,3133938532,A,60,BOGOTÁ D.C.,4330.0,Terminación y acabado de edificios y obras de ingeniería civil.,Activo,,,,,,J,Ventaneria Locativas,384.0,Locativas,C,Subcontratos,Un,unidad,ACTIVO,NO,0.0,NO,NO,0.0,0.0,8620.69,19.0,10258.6211,4731.0,9006,PDA LOCATIVAS ESTORAQUES,Ventaneria Town House Medianera,24.0,613537.44,0,,und,0,SI,SI,NO,NO,SI,NO,
337,PDA LOCATIVAS,10 OBRAS EJECUCION DE GARANTIAS,ADPRO,En ejecucion,SI,SIN PROPIETARIO,337,PDA LOCATIVAS,25.0,PDA GENERALES NO ASIGNADOS,5032010,PDA GG NO ASIGNADOS,NO,Principal,GRUPOS,3370133,SUMINISTRO E INSTALACION - REPOSICION ESPEJOS CASAS BARU Y CLARABOYA FARALLONES,ACTAS DE OBRA,2016-07-18,RENE ALEJANDRO MELO JIMENEZ,18/07/2016,21/11/2016,1.0,1.0,248000.0,39680.0,287680.0,2389000.0,2771240.0,5,287680.0,287680.0,Abierto,H1,Orden de T/S - 4,CARDOVIDRIOS LIMITADA,830097891,,cardovidriosltda@gmail.com,CL 74 B  120 B  19,3133938532,A,60,BOGOTÁ D.C.,4330.0,Terminación y acabado de edificios y obras de ingeniería civil.,Activo,,,,,,J,Ventaneria Locativas,384.0,Locativas,C,Subcontratos,Un,unidad,ACTIVO,NO,0.0,NO,NO,0.0,0.0,8620.69,19.0,10258.6211,4731.0,9006,PDA LOCATIVAS ESTORAQUES,Ventaneria Town House Medianera,24.0,613537.44,0,,und,0,SI,SI,NO,NO,SI,NO,
337,PDA LOCATIVAS,10 OBRAS EJECUCION DE GARANTIAS,ADPRO,En ejecucion,SI,SIN PROPIETARIO,337,PDA LOCATIVAS,25.0,PDA GENERALES NO ASIGNADOS,5032010,PDA GG NO ASIGNADOS,NO,Principal,GRUPOS,3370133,SUMINISTRO E INSTALACION - REPOSICION ESPEJOS CASAS BARU Y CLARABOYA FARALLONES,ACTAS DE OBRA,2016-07-18,RENE ALEJANDRO MELO JIMENEZ,18/07/2016,21/11/2016,1.0,1.0,248000.0,39680.0,287680.0,2389000.0,2771240.0,3,287680.0,287680.0,Abierto,H1,Orden de T/S - 4,CARDOVIDRIOS LIMITADA,830097891,,cardovidriosltda@gmail.com,CL 74 B  120 B  19,3133938532,A,60,BOGOTÁ D.C.,4330.0,Terminación y acabado de edificios y obras de ingeniería civil.,Activo,,,,,,J,Ventaneria Locativas,384.0,Locativas,C,Subcontratos,Un,unidad,ACTIVO,NO,0.0,NO,NO,0.0,0.0,8620.69,19.0,10258.6211,4731.0,9006,PDA LOCATIVAS ESTORAQUES,Ventaneria Town House Medianera,24.0,613537.44,0,,und,0,SI,SI,NO,NO,SI,NO,
337,PDA LOCATIVAS,10 OBRAS EJECUCION DE GARANTIAS,ADPRO,En ejecucion,SI,SIN PROPIETARIO,337,PDA LOCATIVAS,25.0,PDA GENERALES NO ASIGNADOS,5032010,PDA GG NO ASIGNADOS,NO,Principal,GRUPOS,3370133,SUMINISTRO E INSTALACION - REPOSICION ESPEJOS CASAS BARU Y CLARABOYA FARALLONES,ACTAS DE OBRA,2016-07-18,RENE ALEJANDRO MELO JIMENEZ,18/07/2016,21/11/2016,1.0,1.0,208000.0,33280.0,241280.0,2389000.0,2771240.0,2,241280.0,241280.0,Abierto,H1,Orden de T/S - 4,CARDOVIDRIOS LIMITADA,830097891,,cardovidriosltda@gmail.com,CL 74 B  120 B  19,3133938532,A,60,BOGOTÁ D.C.,4330.0,Terminación y acabado de edificios y obras de ingeniería civil.,Activo,,,,,,J,Ventaneria Locativas,384.0,Locativas,C,Subcontratos,Un,unidad,ACTIVO,NO,0.0,NO,NO,0.0,0.0,8620.69,19.0,10258.6211,4731.0,9006,PDA LOCATIVAS ESTORAQUES,Ventaneria Town House Medianera,24.0,613537.44,0,,und,0,SI,SI,NO,NO,SI,NO,
337,PDA LOCATIVAS,10 OBRAS EJECUCION DE GARANTIAS,ADPRO,En ejecucion,SI,SIN PROPIETARIO,337,PDA LOCATIVAS,25.0,PDA GENERALES NO ASIGNADOS,5032010,PDA GG NO ASIGNADOS,NO,Principal,GRUPOS,3370154,RETIRO SUMINISTRO E INSTALACION CENEFA BAÑO CASA GALERAS 10,ACTAS DE OBRA,2016-12-02,RENE ALEJANDRO MELO JIMENEZ,01/01/2017,31/10/2017,6.46,6.46,90517.1666,17198.26165,695841.66682,653706.8965,777911.20682,2,107715.4283,107715.4283,Abierto,H1,Orden de T/S - 4,ACANTHUS S A S,830503864,,finanzas@acanthusmarmoles.com,CR 18 164 47,6716592,A,45,BOGOTÁ D.C.,4663.0,"Comercio al por mayor de materiales de construcción, artículos de ferretería, pinturas, productos de vidrio, equipo y materiales de fontanería y calefacción.",Activo,,,,,,J,Marmoles y Chimeneas,384.0,Locativas,C,Subcontratos,Un,unidad,ACTIVO,NO,0.0,NO,NO,0.0,0.0,8620.69,19.0,10258.6211,4735.0,13008,PDA LOCATIVAS GALERAS,Marmoles y Chimeneas PAR,32.0,1410174.08,0,,und,0,SI,SI,NO,NO,SI,NO,
337,PDA LOCATIVAS,10 OBRAS EJECUCION DE GARANTIAS,ADPRO,En ejecucion,SI,SIN PROPIETARIO,337,PDA LOCATIVAS,25.0,PDA GENERALES NO ASIGNADOS,5032010,PDA GG NO ASIGNADOS,NO,Principal,GRUPOS,3370154,RETIRO SUMINISTRO E INSTALACION CENEFA BAÑO CASA GALERAS 10,ACTAS DE OBRA,2016-12-02,RENE ALEJANDRO MELO JIMENEZ,01/01/2017,31/10/2017,1.0,1.0,68966.0,13103.54,82069.54,653706.8965,777911.20682,1,82069.54,82069.54,Abierto,H1,Orden de T/S - 4,ACANTHUS S A S,830503864,,finanzas@acanthusmarmoles.com,CR 18 164 47,6716592,A,45,BOGOTÁ D.C.,4663.0,"Comercio al por mayor de materiales de construcción, artículos de ferretería, pinturas, productos de vidrio, equipo y materiales de fontanería y calefacción.",Activo,,,,,,J,Marmoles y Chimeneas,384.0,Locativas,C,Subcontratos,Un,unidad,ACTIVO,NO,0.0,NO,NO,0.0,0.0,8620.69,19.0,10258.6211,4735.0,13008,PDA LOCATIVAS GALERAS,Marmoles y Chimeneas PAR,32.0,1410174.08,0,,und,0,SI,SI,NO,NO,SI,NO,
337,PDA LOCATIVAS,10 OBRAS EJECUCION DE GARANTIAS,ADPRO,En ejecucion,SI,SIN PROPIETARIO,337,PDA LOCATIVAS,25.0,PDA GENERALES NO ASIGNADOS,5032010,PDA GG NO ASIGNADOS,NO,Principal,GRUPOS,3370153,ACABADOS PINTURA - ARREGLO FISURAS POR GARANTIA CASAS 29 - 30 FARALLONES,ACTAS DE OBRA,2016-11-30,RENE ALEJANDRO MELO JIMENEZ,09/12/2016,07/02/2017,2.0,2.0,1786389.414,13610.586,3600000.0,3572778.8279,3600000.0,1,1800000.0,1800000.0,Abierto,H1,Orden de T/S - 4,ACABADOS EN PINTURA YAN-FRANC SAS,900718058,,c.francisco.diaz@hotmail.com,CL 53 A SUR 34 57 BRR SAN VICENTE FERRER,4645212,P,30,BOGOTÁ D.C.,4330.0,Terminación y acabado de edificios y obras de ingeniería civil.,Activo,,,,,,J,Pintura Locativas,384.0,Locativas,C,Subcontratos,Un,unidad,ACTIVO,NO,0.0,NO,NO,0.0,0.0,8620.69,19.0,10258.6211,4732.0,10009,PDA LOCATIVAS FARALLONES,Pintura Town House Esquinera,36.0,26266825.8,0,,und,0,SI,SI,NO,NO,SI,NO,
337,PDA LOCATIVAS,10 OBRAS EJECUCION DE GARANTIAS,ADPRO,En ejecucion,SI,SIN PROPIETARIO,337,PDA LOCATIVAS,25.0,PDA GENERALES NO ASIGNADOS,5032010,PDA GG NO ASIGNADOS,NO,Principal,GRUPOS,3370133,SUMINISTRO E INSTALACION - REPOSICION ESPEJOS CASAS BARU Y CLARABOYA FARALLONES,ACTAS DE OBRA,2016-07-18,RENE ALEJANDRO MELO JIMENEZ,18/07/2016,21/11/2016,1.0,1.0,412000.0,65920.0,477920.0,2389000.0,2771240.0,8,477920.0,477920.0,Abierto,H1,Orden de T/S - 4,CARDOVIDRIOS LIMITADA,830097891,,cardovidriosltda@gmail.com,CL 74 B  120 B  19,3133938532,A,60,BOGOTÁ D.C.,4330.0,Terminación y acabado de edificios y obras de ingeniería civil.,Activo,,,,,,J,Ventaneria Locativas,384.0,Locativas,C,Subcontratos,Un,unidad,ACTIVO,NO,0.0,NO,NO,0.0,0.0,8620.69,19.0,10258.6211,4731.0,9009,PDA LOCATIVAS FARALLONES,Ventaneria Town House Esquinera,36.0,920306.16,0,,und,0,SI,SI,NO,NO,SI,NO,
337,PDA LOCATIVAS,10 OBRAS EJECUCION DE GARANTIAS,ADPRO,En ejecucion,SI,SIN PROPIETARIO,337,PDA LOCATIVAS,25.0,PDA GENERALES NO ASIGNADOS,5032010,PDA GG NO ASIGNADOS,NO,Principal,GRUPOS,3370155,SUMINISTRO E INSTALACION VIDRIOS PARA DIVISION DE BAÑO CASAS 45 - 46 IGUAQUE,ACTAS DE OBRA,2016-12-20,RENE ALEJANDRO MELO JIMENEZ,02/01/2017,28/02/2017,3.0,3.0,858000.0,163020.0,3063060.0,2574000.0,3063060.0,1,1021020.0,1021020.0,Abierto,H1,Orden de T/S - 4,CARDOVIDRIOS LIMITADA,830097891,,cardovidriosltda@gmail.com,CL 74 B  120 B  19,3133938532,A,60,BOGOTÁ D.C.,4330.0,Terminación y acabado de edificios y obras de ingeniería civil.,Activo,,,,,,J,Ventaneria Locativas,384.0,Locativas,C,Subcontratos,Un,unidad,ACTIVO,NO,0.0,NO,NO,0.0,0.0,8620.69,19.0,10258.6211,4731.0,9013,PDA LOCATIVAS IGUAQUE,Ventaneria Aislada,25.0,851325.0,0,,und,0,SI,SI,NO,NO,SI,NO,
250,PDA EDIFICIOS Y DOTACION COMUNAL ETAPA 5,08 EDIFICACIONES Y DOTACION COMUN,ADPRO,En ejecucion,SI,SIN PROPIETARIO,250,PDA EDIFICIOS Y DOTACION COMUNAL ETAPA 5,40.0,PDA EDIFICIOS Y DOTACION COMUNAL,5031015,PDA URBANISMO,NO,Principal,GRUPOS,2500008,SUMINISTRO E INSTALACION ESPEJOS PORTERIA Y SALON COMUNAL,ACTAS DE OBRA,2016-08-16,RENE ALEJANDRO MELO JIMENEZ,16/08/2016,08/08/2017,2.0,2.0,310000.0,58900.0,737800.0,1085000.0,1291150.0,2,368900.0,368900.0,Abierto,H1,Orden de T/S - 4,CARDOVIDRIOS LIMITADA,830097891,,cardovidriosltda@gmail.com,CL 74 B  120 B  19,3133938532,A,60,BOGOTÁ D.C.,4330.0,Terminación y acabado de edificios y obras de ingeniería civil.,Activo,,,,,,J,Espejo Biscelado 4mm,317.0,Cerraduras Vidrios,C,Subcontratos,m2,metro cuadrado,ACTIVO,NO,0.0,NO,NO,0.0,0.0,89622.41,19.0,106650.6679,1477.0,18003,SALON COMUNAL,Espejo Biscelado 4mm,7.0,684745.6,0,,m2,0,SI,SI,NO,NO,SI,NO,
250,PDA EDIFICIOS Y DOTACION COMUNAL ETAPA 5,08 EDIFICACIONES Y DOTACION COMUN,ADPRO,En ejecucion,SI,SIN PROPIETARIO,250,PDA EDIFICIOS Y DOTACION COMUNAL ETAPA 5,40.0,PDA EDIFICIOS Y DOTACION COMUNAL,5031015,PDA URBANISMO,NO,Principal,GRUPOS,2500008,SUMINISTRO E INSTALACION ESPEJOS PORTERIA Y SALON COMUNAL,ACTAS DE OBRA,2016-08-16,RENE ALEJANDRO MELO JIMENEZ,16/08/2016,08/08/2017,3.0,3.0,155000.0,29450.0,553350.0,1085000.0,1291150.0,1,184450.0,184450.0,Abierto,H1,Orden de T/S - 4,CARDOVIDRIOS LIMITADA,830097891,,cardovidriosltda@gmail.com,CL 74 B  120 B  19,3133938532,A,60,BOGOTÁ D.C.,4330.0,Terminación y acabado de edificios y obras de ingeniería civil.,Activo,,,,,,J,Espejo Biscelado 4mm,317.0,Cerraduras Vidrios,C,Subcontratos,m2,metro cuadrado,ACTIVO,NO,0.0,NO,NO,0.0,0.0,89622.41,19.0,106650.6679,1477.0,18004,PORTERIA,Espejo Biscelado 4mm,5.85,572251.68,0,,m2,0,SI,SI,NO,NO,SI,NO,
337,PDA LOCATIVAS,10 OBRAS EJECUCION DE GARANTIAS,ADPRO,En ejecucion,SI,SIN PROPIETARIO,337,PDA LOCATIVAS,25.0,PDA GENERALES NO ASIGNADOS,5032010,PDA GG NO ASIGNADOS,NO,Principal,GRUPOS,3370134,RESTAURACION PINTURA TECHO CASA 4 BARU,ACTAS DE OBRA,2016-07-18,RENE ALEJANDRO MELO JIMENEZ,08/02/2016,30/10/2016,1.0,1.0,446597.3535,3402.6465,450000.0,446597.3535,450000.0,1,450000.0,450000.0,Abierto,H1,Orden de T/S - 4,PINTUDRAY SAS,900720160,,carmensoler980@hotmail.com,TV 76 A  46  30,3208559390,A,60,BOGOTÁ D.C.,4330.0,Terminación y acabado de edificios y obras de ingeniería civil.,Activo,,,,,,J,Pintura Locativas,384.0,Locativas,C,Subcontratos,Un,unidad,ACTIVO,NO,0.0,NO,NO,0.0,0.0,8620.69,19.0,10258.6211,4732.0,10004,PDA LOCATIVAS BARU,Pintura Pareada,58.0,48246514.68,0,,und,0,SI,SI,NO,NO,SI,NO,
174,PDA PRELIMINARES,05 OBRAS PRELIMINARES,ADPRO,En ejecucion,SI,SIN PROPIETARIO,174,PDA PRELIMINARES,25.0,PDA GENERALES NO ASIGNADOS,5032010,PDA GG NO ASIGNADOS,NO,Principal,GRUPOS,1740271,CONSTRUCCION RED ACUEDUCTO DARIEN B,ACTAS DE OBRA,2016-09-20,RENE ALEJANDRO MELO JIMENEZ,20/09/2016,30/10/2016,1.0,1.0,148865.7845,1134.2155,150000.0,3783890.3592,3812720.0,5,150000.0,150000.0,Abierto,H1,Orden de T/S - 4,INGEOCIVILES HYS SAS,900724978,,ingeociviles@outlook.com,CR 72 B 11 B 02,6348398,A,30,BOGOTÁ D.C.,4290.0,Construcción de otras obras de ingeniería civil.,Activo,,,,,,J,Caja de Medidor,334.0,Internas Hidrosanitarias,C,Subcontratos,Un,unidad,ACTIVO,NO,0.0,NO,NO,0.0,0.0,66656.03,19.0,79320.6757,647.0,4001,PRELIMINARES,Obras Provisionales Sanitarias,1.065,81925657.5,0,,Sg,0,SI,SI,NO,NO,SI,NO,
174,PDA PRELIMINARES,05 OBRAS PRELIMINARES,ADPRO,En ejecucion,SI,SIN PROPIETARIO,174,PDA PRELIMINARES,25.0,PDA GENERALES NO ASIGNADOS,5032010,PDA GG NO ASIGNADOS,NO,Principal,GRUPOS,1740271,CONSTRUCCION RED ACUEDUCTO DARIEN B,ACTAS DE OBRA,2016-09-20,RENE ALEJANDRO MELO JIMENEZ,20/09/2016,30/10/2016,54.0,54.0,17715.0284,134.9716,963900.0,3783890.3592,3812720.0,6,17850.0,17850.0,Abierto,H1,Orden de T/S - 4,INGEOCIVILES HYS SAS,900724978,,ingeociviles@outlook.com,CR 72 B 11 B 02,6348398,A,30,BOGOTÁ D.C.,4290.0,Construcción de otras obras de ingeniería civil.,Activo,,,,,,J,Excavacion Zanjas Tuberia,311.0,Actividades Obra,C,Subcontratos,m3,metro cubico,ACTIVO,NO,0.0,NO,NO,0.0,0.0,3620.69,19.0,4308.6211,1510.0,4001,PRELIMINARES,Obras Provisionales Sanitarias,1.065,81925657.5,0,,Sg,0,SI,SI,NO,NO,SI,NO,
93,PDA INFRAESTRUCTURA,02 OBRAS URBANAS,ADPRO,En ejecucion,SI,SIN PROPIETARIO,93,PDA INFRAESTRUCTURA,37.0,PDA INFRAESTRUCTURA,5031015,PDA URBANISMO,NO,Principal,GRUPOS,930103,DEMARCACION CON PINTURA CANCHA MULTIPLE PARQUE LINEAL,ACTAS DE OBRA,2016-01-21,RENE ALEJANDRO MELO JIMENEZ,22/01/2016,22/03/2016,1.0,1.0,775862.069,124137.931,900000.0,775862.069,900000.0,1,900000.0,900000.0,Abierto,B3,Civil Todo Costo,JR& SAS,900738689,,isidro.diazcelis@gmail.com,CL 142A  113C  50 BQ 8 AP 131,6908103,A,30,BOGOTÁ D.C.,4329.0,Otras instalaciones especializadas.,Activo,,,,,,J,Demarcación Canchas,341.0,Dotacion Deportiva,C,Subcontratos,m,metro,ACTIVO,NO,0.0,NO,NO,0.0,0.0,3189.66,19.0,3795.6954,3833.0,1006,PONTONES,Pontones,3.0,600000000.0,0,,Sg,0,SI,SI,NO,NO,SI,NO,
743,RDM D - INFRAESTRUCTURA ETAPA 3,02 OBRAS URBANAS,ADPRO,En ejecucion,SI,SIN PROPIETARIO,743,RDM D - INFRAESTRUCTURA ETAPA 3,69.0,RDM RESERVA DE MADRID,5221015,RDM URBANISMO EXTERNO ET03,NO,Principal,GRUPOS,7430008,"CONSTRUCCION CRUCE VIAL 56"" (TUNNEL LINNER)",ACTAS DE OBRA,2016-09-05,CYNDI LORENA CAMERO,01/10/2016,30/08/2017,35.0,11.0,5501734.6722,38272.93685,60940083.699,101174381.7489,101878203.535,1,5540007.609,5540007.609,Abierto,B2,Civil Proceso Constructivo,W.V.R. INGENIERIA S.A.S,900351844,,wvringenieriasas@gmail.com,KR 81B 19B 50 TO 18 AP 303,4745482,P,0,BOGOTÁ D.C.,,,Activo,,,,,,J,"Cruce Vial d=56""",335.0,Redes Enterradas Rejillas Sumideros,C,Subcontratos,m,metro,ACTIVO,NO,3.0,NO,NO,0.0,0.0,5776229.31,19.0,6873712.8789,5593.0,7030,CRUCES VIALES,"Construccion Tunnel Linner d=100""",35.0,350819534.45,0,,ml,1,SI,SI,NO,NO,SI,NO,
743,RDM D - INFRAESTRUCTURA ETAPA 3,02 OBRAS URBANAS,ADPRO,En ejecucion,SI,SIN PROPIETARIO,743,RDM D - INFRAESTRUCTURA ETAPA 3,69.0,RDM RESERVA DE MADRID,5221015,RDM URBANISMO EXTERNO ET03,NO,Principal,GRUPOS,7430008,"CONSTRUCCION CRUCE VIAL 56"" (TUNNEL LINNER)",ACTAS DE OBRA,2016-09-05,CYNDI LORENA CAMERO,01/10/2016,30/08/2017,9.0,2.0,3918384.5596,27258.32737,7891285.774,101174381.7489,101878203.535,2,3945642.887,3945642.887,Abierto,B2,Civil Proceso Constructivo,W.V.R. INGENIERIA S.A.S,900351844,,wvringenieriasas@gmail.com,KR 81B 19B 50 TO 18 AP 303,4745482,P,0,BOGOTÁ D.C.,,,Activo,,,,,,J,Todo Costo o Proceso Const.,999.0,Varios,C,Subcontratos,Un,unidad,ACTIVO,NO,3.0,NO,NO,0.0,0.0,8620.69,19.0,10258.6211,4060.0,7031,CRUCES VIALES,Construccion Pozo de Acceso Sistema Liner,9.0,57055251.24,0,,ml,1,SI,SI,NO,NO,SI,NO,
743,RDM D - INFRAESTRUCTURA ETAPA 3,02 OBRAS URBANAS,ADPRO,En ejecucion,SI,SIN PROPIETARIO,743,RDM D - INFRAESTRUCTURA ETAPA 3,69.0,RDM RESERVA DE MADRID,5221015,RDM URBANISMO EXTERNO ET03,NO,Principal,GRUPOS,7430008,"CONSTRUCCION CRUCE VIAL 56"" (TUNNEL LINNER)",ACTAS DE OBRA,2016-09-05,CYNDI LORENA CAMERO,01/10/2016,30/08/2017,35.0,11.0,503903.5838,3505.41624,5581499.0,101174381.7489,101878203.535,3,507409.0,507409.0,Abierto,B2,Civil Proceso Constructivo,W.V.R. INGENIERIA S.A.S,900351844,,wvringenieriasas@gmail.com,KR 81B 19B 50 TO 18 AP 303,4745482,P,0,BOGOTÁ D.C.,,,Activo,,,,,,J,Todo Costo o Proceso Const.,999.0,Varios,C,Subcontratos,Un,unidad,ACTIVO,NO,3.0,NO,NO,0.0,0.0,8620.69,19.0,10258.6211,4060.0,7032,CRUCES VIALES,Instalacion Tuberia y Mortero de Llenado,35.0,12556771.85,0,,ml,1,SI,SI,NO,NO,SI,NO,
337,PDA LOCATIVAS,10 OBRAS EJECUCION DE GARANTIAS,ADPRO,En ejecucion,SI,SIN PROPIETARIO,337,PDA LOCATIVAS,25.0,PDA GENERALES NO ASIGNADOS,5032010,PDA GG NO ASIGNADOS,NO,Principal,GRUPOS,3370140,"SUMINISTRO E INSTALACION - CAMBIO DE EQUIPOS CHIMENEAS GALERAS, FARALLONES, IGUAQUE",ACTAS DE OBRA,2016-08-09,RENE ALEJANDRO MELO JIMENEZ,09/08/2016,30/10/2016,1.0,1.0,1230000.0,196800.0,1426800.0,11070000.0,12841200.0,3,1426800.0,1426800.0,Abierto,C1,Suministro Instalacion,DISERCO PRODUCTOS Y SERVICIOS S.A.S.,900488835,,diserco@yahoo.es,CL 10  SUR 10 A  10,3115338742,A,0,BOGOTÁ D.C.,7111.0,Actividades de arquitectura.,Activo,,,,,,J,Chimenea,322.0,Equipos Dotación,C,Subcontratos,Un,unidad,ACTIVO,NO,3.0,NO,NO,0.0,0.0,2844379.31,19.0,3384811.3789,4869.0,13013,PDA LOCATIVAS IGUAQUE,Marmoles y Chimeneas AIS,12.0,369953.16,0,,und,0,SI,SI,NO,NO,SI,NO,
337,PDA LOCATIVAS,10 OBRAS EJECUCION DE GARANTIAS,ADPRO,En ejecucion,SI,SIN PROPIETARIO,337,PDA LOCATIVAS,25.0,PDA GENERALES NO ASIGNADOS,5032010,PDA GG NO ASIGNADOS,NO,Principal,GRUPOS,3370140,"SUMINISTRO E INSTALACION - CAMBIO DE EQUIPOS CHIMENEAS GALERAS, FARALLONES, IGUAQUE",ACTAS DE OBRA,2016-08-09,RENE ALEJANDRO MELO JIMENEZ,09/08/2016,30/10/2016,5.0,5.0,1230000.0,196800.0,7134000.0,11070000.0,12841200.0,1,1426800.0,1426800.0,Abierto,C1,Suministro Instalacion,DISERCO PRODUCTOS Y SERVICIOS S.A.S.,900488835,,diserco@yahoo.es,CL 10  SUR 10 A  10,3115338742,A,0,BOGOTÁ D.C.,7111.0,Actividades de arquitectura.,Activo,,,,,,J,Chimenea,322.0,Equipos Dotación,C,Subcontratos,Un,unidad,ACTIVO,NO,3.0,NO,NO,0.0,0.0,2844379.31,19.0,3384811.3789,4869.0,13008,PDA LOCATIVAS GALERAS,Marmoles y Chimeneas PAR,32.0,1410174.08,0,,und,0,SI,SI,NO,NO,SI,NO,
337,PDA LOCATIVAS,10 OBRAS EJECUCION DE GARANTIAS,ADPRO,En ejecucion,SI,SIN PROPIETARIO,337,PDA LOCATIVAS,25.0,PDA GENERALES NO ASIGNADOS,5032010,PDA GG NO ASIGNADOS,NO,Principal,GRUPOS,3370140,"SUMINISTRO E INSTALACION - CAMBIO DE EQUIPOS CHIMENEAS GALERAS, FARALLONES, IGUAQUE",ACTAS DE OBRA,2016-08-09,RENE ALEJANDRO MELO JIMENEZ,09/08/2016,30/10/2016,3.0,3.0,1230000.0,196800.0,4280400.0,11070000.0,12841200.0,2,1426800.0,1426800.0,Abierto,C1,Suministro Instalacion,DISERCO PRODUCTOS Y SERVICIOS S.A.S.,900488835,,diserco@yahoo.es,CL 10  SUR 10 A  10,3115338742,A,0,BOGOTÁ D.C.,7111.0,Actividades de arquitectura.,Activo,,,,,,J,Chimenea,322.0,Equipos Dotación,C,Subcontratos,Un,unidad,ACTIVO,NO,3.0,NO,NO,0.0,0.0,2844379.31,19.0,3384811.3789,4869.0,13010,PDA LOCATIVAS FARALLONES,Marmoles y Chimeneas THM,25.0,770735.75,0,,und,0,SI,SI,NO,NO,SI,NO,
174,PDA PRELIMINARES,05 OBRAS PRELIMINARES,ADPRO,En ejecucion,SI,SIN PROPIETARIO,174,PDA PRELIMINARES,25.0,PDA GENERALES NO ASIGNADOS,5032010,PDA GG NO ASIGNADOS,NO,Principal,GRUPOS,1740259,SUMINISTRO E INSTALACION SOPORTE PARA CAMARA TIPO DOMO,ACTAS DE OBRA,2016-02-09,RENE ALEJANDRO MELO JIMENEZ,09/02/2016,05/05/2016,1.0,1.0,361600.0,57856.0,419456.0,361600.0,419456.0,1,419456.0,419456.0,Abierto,C1,Suministro Instalacion,NETCOM WIRELESS S.A.S,900116426,,alirio.lopez@netcom.net.co,CL 99  49  38,3134189476,A,0,BOGOTÁ D.C.,6202.0,Actividades de consultoría informática y actividades de administración de instalaciones informáticas.,Activo,,,,,,J,Domo IP PTZ 37x (Inalambrico),338.0,Sistemas CCTV,C,Subcontratos,Un,unidad,ACTIVO,NO,0.0,NO,NO,0.0,0.0,24700240.48,19.0,29393286.1712,4471.0,2010,PRELIMINARES,Instalaciones Electricas Campamento Etapa 2,0.494,18249683.92,0,,Sg,0,SI,SI,NO,NO,SI,NO,
250,PDA EDIFICIOS Y DOTACION COMUNAL ETAPA 5,08 EDIFICACIONES Y DOTACION COMUN,ADPRO,En ejecucion,SI,SIN PROPIETARIO,250,PDA EDIFICIOS Y DOTACION COMUNAL ETAPA 5,40.0,PDA EDIFICIOS Y DOTACION COMUNAL,5031015,PDA URBANISMO,NO,Principal,GRUPOS,2500030,FABRICACION E INSTALACION CARPINTERIA METALICA EDIFICIOS Y DOTACION COMUNAL,ACTAS DE OBRA,2016-12-20,RENE ALEJANDRO MELO JIMENEZ,26/12/2016,25/04/2017,1.0,1.0,456331.0,86702.89,543033.89,3953811.0,4705035.09,4,543033.89,543033.89,Abierto,H1,Orden de T/S - 4,INDUSTRIAS METALICAS RUIZBER S.A.S,900538388,,ruizbersas@hotmail.com,CR 91 91 15,4612662,P,0,BOGOTÁ D.C.,,,Activo,,,,,,J,Puerta Metalica Persiana Vent 2.00x2.40m,316.0,Carpinteria Metalica,C,Subcontratos,Un,unidad,ACTIVO,NO,0.0,NO,NO,0.0,0.0,253189.66,19.0,301295.6954,2297.0,16004,CUARTO BOMBAS,Puerta Metalica Persiana (Incluye Cerradura),5.0,1468500.0,0,,m2,0,SI,SI,NO,NO,SI,NO,
250,PDA EDIFICIOS Y DOTACION COMUNAL ETAPA 5,08 EDIFICACIONES Y DOTACION COMUN,ADPRO,En ejecucion,SI,SIN PROPIETARIO,250,PDA EDIFICIOS Y DOTACION COMUNAL ETAPA 5,40.0,PDA EDIFICIOS Y DOTACION COMUNAL,5031015,PDA URBANISMO,NO,Principal,GRUPOS,2500030,FABRICACION E INSTALACION CARPINTERIA METALICA EDIFICIOS Y DOTACION COMUNAL,ACTAS DE OBRA,2016-12-20,RENE ALEJANDRO MELO JIMENEZ,26/12/2016,25/04/2017,1.0,1.0,1150000.0,218500.0,1368500.0,3953811.0,4705035.09,1,1368500.0,1368500.0,Abierto,H1,Orden de T/S - 4,INDUSTRIAS METALICAS RUIZBER S.A.S,900538388,,ruizbersas@hotmail.com,CR 91 91 15,4612662,P,0,BOGOTÁ D.C.,,,Activo,,,,,,J,Perlin Ref PHR-C 203x67 Cal 14 (Sin anticorrosivo),320.0,Cubiertas Accesorios,C,Subcontratos,m,metro,ACTIVO,NO,3.0,NO,NO,0.0,0.0,15666.21,19.0,19341.0,4958.0,10015,CUARTO BOMBAS,Perlines,20.0,350000.0,0,,ml,0,SI,SI,NO,NO,SI,NO,
250,PDA EDIFICIOS Y DOTACION COMUNAL ETAPA 5,08 EDIFICACIONES Y DOTACION COMUN,ADPRO,En ejecucion,SI,SIN PROPIETARIO,250,PDA EDIFICIOS Y DOTACION COMUNAL ETAPA 5,40.0,PDA EDIFICIOS Y DOTACION COMUNAL,5031015,PDA URBANISMO,NO,Principal,GRUPOS,2500030,FABRICACION E INSTALACION CARPINTERIA METALICA EDIFICIOS Y DOTACION COMUNAL,ACTAS DE OBRA,2016-12-20,RENE ALEJANDRO MELO JIMENEZ,26/12/2016,25/04/2017,1.0,1.0,831480.0,157981.2,989461.2,3953811.0,4705035.09,2,989461.2,989461.2,Abierto,H1,Orden de T/S - 4,INDUSTRIAS METALICAS RUIZBER S.A.S,900538388,,ruizbersas@hotmail.com,CR 91 91 15,4612662,P,0,BOGOTÁ D.C.,,,Activo,,,,,,J,Puerta Lam. Met. Panel y Persiana Cal 18 (Incluye Instalacion y Cerradura),316.0,Carpinteria Metalica,C,Subcontratos,Un,unidad,ACTIVO,NO,3.0,NO,NO,0.0,0.0,362406.03,19.0,431263.1757,6068.0,15005,CUARTO BASURAS,"Puerta Acceso Metalica 1,20",2.0,1200000.0,0,,und,0,SI,SI,NO,NO,SI,NO,
174,PDA PRELIMINARES,05 OBRAS PRELIMINARES,ADPRO,En ejecucion,SI,SIN PROPIETARIO,174,PDA PRELIMINARES,25.0,PDA GENERALES NO ASIGNADOS,5032010,PDA GG NO ASIGNADOS,NO,Principal,GRUPOS,1740262,CONSTRUCCION NUEVA RED ACUEDUCTO CASINO,ACTAS DE OBRA,2016-03-29,RENE ALEJANDRO MELO JIMENEZ,29/03/2016,18/06/2016,96.0,96.0,6202.741,47.259,600000.0,1431731.569,1442640.0,1,6250.0,6250.0,Abierto,B,Civil Mano de Obra,INGEOCIVILES HYS SAS,900724978,,ingeociviles@outlook.com,CR 72 B 11 B 02,6348398,A,30,BOGOTÁ D.C.,4290.0,Construcción de otras obras de ingeniería civil.,Activo,,,,,,J,"Suministro e Instalacion Tuberia Presion RDE 21 1""",335.0,Redes Enterradas Rejillas Sumideros,C,Subcontratos,m,metro,ACTIVO,NO,3.0,NO,NO,0.0,0.0,5662.07,19.0,6737.8633,7624.0,2021,PRELIMINARES,Almacen Y Baños Etapa 4,1.0,25000000.0,0,,Sg,0,SI,SI,NO,NO,SI,NO,
174,PDA PRELIMINARES,05 OBRAS PRELIMINARES,ADPRO,En ejecucion,SI,SIN PROPIETARIO,174,PDA PRELIMINARES,25.0,PDA GENERALES NO ASIGNADOS,5032010,PDA GG NO ASIGNADOS,NO,Principal,GRUPOS,1740262,CONSTRUCCION NUEVA RED ACUEDUCTO CASINO,ACTAS DE OBRA,2016-03-29,RENE ALEJANDRO MELO JIMENEZ,29/03/2016,18/06/2016,19.2,19.2,17069.9433,130.0567,330240.0,1431731.569,1442640.0,6,17200.0,17200.0,Abierto,B,Civil Mano de Obra,INGEOCIVILES HYS SAS,900724978,,ingeociviles@outlook.com,CR 72 B 11 B 02,6348398,A,30,BOGOTÁ D.C.,4290.0,Construcción de otras obras de ingeniería civil.,Activo,,,,,,J,Excavacion Manual Compacta Zanja 0a50cm,345.0,Mano Obra Obras Urbanismo,O,MdeO Contratista,m3,metro cubico,ACTIVO,NO,3.0,NO,NO,0.0,0.0,24300.0,19.0,30000.0,4395.0,2021,PRELIMINARES,Almacen Y Baños Etapa 4,1.0,25000000.0,0,,Sg,0,SI,SI,NO,NO,SI,NO,
174,PDA PRELIMINARES,05 OBRAS PRELIMINARES,ADPRO,En ejecucion,SI,SIN PROPIETARIO,174,PDA PRELIMINARES,25.0,PDA GENERALES NO ASIGNADOS,5032010,PDA GG NO ASIGNADOS,NO,Principal,GRUPOS,1740262,CONSTRUCCION NUEVA RED ACUEDUCTO CASINO,ACTAS DE OBRA,2016-03-29,RENE ALEJANDRO MELO JIMENEZ,29/03/2016,18/06/2016,19.2,19.2,16871.4556,128.5444,326400.0,1431731.569,1442640.0,7,17000.0,17000.0,Abierto,B,Civil Mano de Obra,INGEOCIVILES HYS SAS,900724978,,ingeociviles@outlook.com,CR 72 B 11 B 02,6348398,A,30,BOGOTÁ D.C.,4290.0,Construcción de otras obras de ingeniería civil.,Activo,,,,,,J,Relleno Material Excavacion Zanjas,311.0,Actividades Obra,C,Subcontratos,m3,metro cubico,ACTIVO,NO,0.0,NO,NO,0.0,0.0,6465.52,19.0,7693.9688,2372.0,2021,PRELIMINARES,Almacen Y Baños Etapa 4,1.0,25000000.0,0,,Sg,0,SI,SI,NO,NO,SI,NO,
250,PDA EDIFICIOS Y DOTACION COMUNAL ETAPA 5,08 EDIFICACIONES Y DOTACION COMUN,ADPRO,En ejecucion,SI,SIN PROPIETARIO,250,PDA EDIFICIOS Y DOTACION COMUNAL ETAPA 5,40.0,PDA EDIFICIOS Y DOTACION COMUNAL,5031015,PDA URBANISMO,NO,Principal,GRUPOS,2500030,FABRICACION E INSTALACION CARPINTERIA METALICA EDIFICIOS Y DOTACION COMUNAL,ACTAS DE OBRA,2016-12-20,RENE ALEJANDRO MELO JIMENEZ,26/12/2016,25/04/2017,2.0,2.0,758000.0,144020.0,1804040.0,3953811.0,4705035.09,3,902020.0,902020.0,Abierto,H1,Orden de T/S - 4,INDUSTRIAS METALICAS RUIZBER S.A.S,900538388,,ruizbersas@hotmail.com,CR 91 91 15,4612662,P,0,BOGOTÁ D.C.,,,Activo,,,,,,J,Puerta Lam. Met. Doble Persiana Cal 18 (Incluye Instalacion y Cerradura),316.0,Carpinteria Metalica,C,Subcontratos,Un,unidad,ACTIVO,NO,3.0,NO,NO,0.0,0.0,460000.0,19.0,547400.0,6072.0,16003,CUARTO BASURAS,Puerta Especial Contenedor,1.0,533600.0,0,,und,0,SI,SI,NO,NO,SI,NO,
174,PDA PRELIMINARES,05 OBRAS PRELIMINARES,ADPRO,En ejecucion,SI,SIN PROPIETARIO,174,PDA PRELIMINARES,25.0,PDA GENERALES NO ASIGNADOS,5032010,PDA GG NO ASIGNADOS,NO,Principal,GRUPOS,1740262,CONSTRUCCION NUEVA RED ACUEDUCTO CASINO,ACTAS DE OBRA,2016-03-29,RENE ALEJANDRO MELO JIMENEZ,29/03/2016,18/06/2016,2.0,2.0,31758.034,241.966,64000.0,1431731.569,1442640.0,3,32000.0,32000.0,Abierto,B,Civil Mano de Obra,INGEOCIVILES HYS SAS,900724978,,ingeociviles@outlook.com,CR 72 B 11 B 02,6348398,A,30,BOGOTÁ D.C.,4290.0,Construcción de otras obras de ingeniería civil.,Activo,,,,,,J,"Registro Incorporacion AG d:1""",334.0,Internas Hidrosanitarias,M,Materiales,Un,unidad,ACTIVO,NO,0.0,NO,NO,0.0,0.0,28600.0,19.0,34034.0,2434.0,2021,PRELIMINARES,Almacen Y Baños Etapa 4,1.0,25000000.0,0,,Sg,0,SI,SI,NO,NO,SI,NO,
174,PDA PRELIMINARES,05 OBRAS PRELIMINARES,ADPRO,En ejecucion,SI,SIN PROPIETARIO,174,PDA PRELIMINARES,25.0,PDA GENERALES NO ASIGNADOS,5032010,PDA GG NO ASIGNADOS,NO,Principal,GRUPOS,1740262,CONSTRUCCION NUEVA RED ACUEDUCTO CASINO,ACTAS DE OBRA,2016-03-29,RENE ALEJANDRO MELO JIMENEZ,29/03/2016,18/06/2016,2.0,2.0,27788.2798,211.7202,56000.0,1431731.569,1442640.0,4,28000.0,28000.0,Abierto,B,Civil Mano de Obra,INGEOCIVILES HYS SAS,900724978,,ingeociviles@outlook.com,CR 72 B 11 B 02,6348398,A,30,BOGOTÁ D.C.,4290.0,Construcción de otras obras de ingeniería civil.,Activo,,,,,,J,"Union AG 1""",333.0,Internas Gas,M,Materiales,Un,unidad,ACTIVO,NO,3.0,NO,NO,0.0,0.0,4819.83,19.0,5735.5977,6915.0,2021,PRELIMINARES,Almacen Y Baños Etapa 4,1.0,25000000.0,0,,Sg,0,SI,SI,NO,NO,SI,NO,
174,PDA PRELIMINARES,05 OBRAS PRELIMINARES,ADPRO,En ejecucion,SI,SIN PROPIETARIO,174,PDA PRELIMINARES,25.0,PDA GENERALES NO ASIGNADOS,5032010,PDA GG NO ASIGNADOS,NO,Principal,GRUPOS,1740262,CONSTRUCCION NUEVA RED ACUEDUCTO CASINO,ACTAS DE OBRA,2016-03-29,RENE ALEJANDRO MELO JIMENEZ,29/03/2016,18/06/2016,1.0,1.0,27788.2798,211.7202,28000.0,1431731.569,1442640.0,5,28000.0,28000.0,Abierto,B,Civil Mano de Obra,INGEOCIVILES HYS SAS,900724978,,ingeociviles@outlook.com,CR 72 B 11 B 02,6348398,A,30,BOGOTÁ D.C.,4290.0,Construcción de otras obras de ingeniería civil.,Activo,,,,,,J,Limpiador Tuberia PVC,334.0,Internas Hidrosanitarias,M,Materiales,gal,galon,ACTIVO,NO,0.0,NO,NO,0.0,0.0,51297.4138,19.0,61043.9224,1793.0,2021,PRELIMINARES,Almacen Y Baños Etapa 4,1.0,25000000.0,0,,Sg,0,SI,SI,NO,NO,SI,NO,
174,PDA PRELIMINARES,05 OBRAS PRELIMINARES,ADPRO,En ejecucion,SI,SIN PROPIETARIO,174,PDA PRELIMINARES,25.0,PDA GENERALES NO ASIGNADOS,5032010,PDA GG NO ASIGNADOS,NO,Principal,GRUPOS,1740262,CONSTRUCCION NUEVA RED ACUEDUCTO CASINO,ACTAS DE OBRA,2016-03-29,RENE ALEJANDRO MELO JIMENEZ,29/03/2016,18/06/2016,1.0,1.0,37712.6654,287.3346,38000.0,1431731.569,1442640.0,2,38000.0,38000.0,Abierto,B,Civil Mano de Obra,INGEOCIVILES HYS SAS,900724978,,ingeociviles@outlook.com,CR 72 B 11 B 02,6348398,A,30,BOGOTÁ D.C.,4290.0,Construcción de otras obras de ingeniería civil.,Activo,,,,,,J,"Collar Derivacion PVC 2x1/2""",335.0,Redes Enterradas Rejillas Sumideros,M,Materiales,Un,unidad,ACTIVO,NO,0.0,NO,NO,0.0,0.0,4104.31,19.0,4884.1289,1057.0,2021,PRELIMINARES,Almacen Y Baños Etapa 4,1.0,25000000.0,0,,Sg,0,SI,SI,NO,NO,SI,NO,
250,PDA EDIFICIOS Y DOTACION COMUNAL ETAPA 5,08 EDIFICACIONES Y DOTACION COMUN,ADPRO,En ejecucion,SI,SIN PROPIETARIO,250,PDA EDIFICIOS Y DOTACION COMUNAL ETAPA 5,40.0,PDA EDIFICIOS Y DOTACION COMUNAL,5031015,PDA URBANISMO,NO,Principal,GRUPOS,2500001,"CONSTRUCCION PILOTAJE PORTERIA, CUARTO DE BASURAS Y SALON COMUNAL",Anticipo 30% Saldo en actas de Obra,2016-02-16,RENE ALEJANDRO MELO JIMENEZ,09/03/2016,15/10/2016,95.0,95.0,24812.6904,237.7014,2379787.221,13197456.1162,13323885.52772,4,25050.3918,25050.3918,Abierto,B2,Civil Proceso Constructivo,TREVIGALANTE S A,860042603,DIANA PINILLA,htorres@trevigalante.com,AV CORPAS 157A 60,6843614,A,15,BOGOTÁ D.C.,4290.0,Construcción de otras obras de ingeniería civil.,Activo,,,,,,J,Proceso Pilotaje Tornillo 30cm,311.0,Actividades Obra,C,Subcontratos,m,metro,ACTIVO,NO,0.0,NO,NO,0.0,0.0,19482.76,19.0,23184.4844,2278.0,1004,CUARTO BASURAS,Proceso Pilote Tornillo d=0.30m,93.6,2474688.528,0,,ml,0,SI,SI,NO,NO,SI,NO,
250,PDA EDIFICIOS Y DOTACION COMUNAL ETAPA 5,08 EDIFICACIONES Y DOTACION COMUN,ADPRO,En ejecucion,SI,SIN PROPIETARIO,250,PDA EDIFICIOS Y DOTACION COMUNAL ETAPA 5,40.0,PDA EDIFICIOS Y DOTACION COMUNAL,5031015,PDA URBANISMO,NO,Principal,GRUPOS,2500001,"CONSTRUCCION PILOTAJE PORTERIA, CUARTO DE BASURAS Y SALON COMUNAL",Anticipo 30% Saldo en actas de Obra,2016-02-16,RENE ALEJANDRO MELO JIMENEZ,09/03/2016,15/10/2016,285.0,285.0,24812.6904,237.7014,7139361.663,13197456.1162,13323885.52772,6,25050.3918,25050.3918,Abierto,B2,Civil Proceso Constructivo,TREVIGALANTE S A,860042603,DIANA PINILLA,htorres@trevigalante.com,AV CORPAS 157A 60,6843614,A,15,BOGOTÁ D.C.,4290.0,Construcción de otras obras de ingeniería civil.,Activo,,,,,,J,Proceso Pilotaje Tornillo 30cm,311.0,Actividades Obra,C,Subcontratos,m,metro,ACTIVO,NO,0.0,NO,NO,0.0,0.0,19482.76,19.0,23184.4844,2278.0,1012,SALON COMUNAL,Proceso Pilote Tornillo d=0.30m,374.4,9898754.112,0,,ml,0,SI,SI,NO,NO,SI,NO,
250,PDA EDIFICIOS Y DOTACION COMUNAL ETAPA 5,08 EDIFICACIONES Y DOTACION COMUN,ADPRO,En ejecucion,SI,SIN PROPIETARIO,250,PDA EDIFICIOS Y DOTACION COMUNAL ETAPA 5,40.0,PDA EDIFICIOS Y DOTACION COMUNAL,5031015,PDA URBANISMO,NO,Principal,GRUPOS,2500028,"SISTEMA DE CONTROL DE ACCESO, SEGURIDAD CCTV Y CERCA ELECTRICA KATIOS Proyeccion",Actas de Obra Quincenales,2016-11-30,RENE ALEJANDRO MELO JIMENEZ,01/12/2016,30/03/2017,940.0,0.0,6773.7586,1287.01413,0.0,0.0,0.0,39,8060.7727,8060.7727,Abierto,C1,Suministro Instalacion,PRODESA S.A.S.,800141025,MARTHA CRISTINA LABRADOR,mclabrador@prodesa.com.co,CR 7  73 55 P14,3139030,A,30,BOGOTÁ D.C.,,,Activo,,,,,,J,Fibra Optica,322.0,Equipos Dotación,C,Subcontratos,m,metro,ACTIVO,NO,3.0,NO,NO,0.0,0.0,6650.0,19.0,7913.5,8476.0,25012,CUARTO CONTROL,Cuarto de Control,1.0,30000000.0,0,,und,0,SI,SI,NO,NO,SI,NO,
250,PDA EDIFICIOS Y DOTACION COMUNAL ETAPA 5,08 EDIFICACIONES Y DOTACION COMUN,ADPRO,En ejecucion,SI,SIN PROPIETARIO,250,PDA EDIFICIOS Y DOTACION COMUNAL ETAPA 5,40.0,PDA EDIFICIOS Y DOTACION COMUNAL,5031015,PDA URBANISMO,NO,Principal,GRUPOS,2500028,"SISTEMA DE CONTROL DE ACCESO, SEGURIDAD CCTV Y CERCA ELECTRICA KATIOS Proyeccion",Actas de Obra Quincenales,2016-11-30,RENE ALEJANDRO MELO JIMENEZ,01/12/2016,30/03/2017,60.0,0.0,4609.9224,875.88526,0.0,0.0,0.0,32,5485.8077,5485.8077,Abierto,C1,Suministro Instalacion,PRODESA S.A.S.,800141025,MARTHA CRISTINA LABRADOR,mclabrador@prodesa.com.co,CR 7  73 55 P14,3139030,A,30,BOGOTÁ D.C.,,,Activo,,,,,,J,Cable Encauchetado 3x12,323.0,Ferreteria Herramientas,M,Materiales,m,metro,ACTIVO,NO,3.0,NO,NO,0.0,0.0,3150.0,19.0,3748.5,8096.0,25012,CUARTO CONTROL,Cuarto de Control,1.0,30000000.0,0,,und,0,SI,SI,NO,NO,SI,NO,
250,PDA EDIFICIOS Y DOTACION COMUNAL ETAPA 5,08 EDIFICACIONES Y DOTACION COMUN,ADPRO,En ejecucion,SI,SIN PROPIETARIO,250,PDA EDIFICIOS Y DOTACION COMUNAL ETAPA 5,40.0,PDA EDIFICIOS Y DOTACION COMUNAL,5031015,PDA URBANISMO,NO,Principal,GRUPOS,2500028,"SISTEMA DE CONTROL DE ACCESO, SEGURIDAD CCTV Y CERCA ELECTRICA KATIOS Proyeccion",Actas de Obra Quincenales,2016-11-30,RENE ALEJANDRO MELO JIMENEZ,01/12/2016,30/03/2017,405.0,0.0,4946.7328,939.87923,0.0,0.0,0.0,31,5886.612,5886.612,Abierto,C1,Suministro Instalacion,PRODESA S.A.S.,800141025,MARTHA CRISTINA LABRADOR,mclabrador@prodesa.com.co,CR 7  73 55 P14,3139030,A,30,BOGOTÁ D.C.,,,Activo,,,,,,J,Cable Cobre Encauch 3x10 AWG,332.0,Internas Electricas y Comunicaciones,M,Materiales,m,metro,ACTIVO,NO,0.0,NO,NO,0.0,0.0,6297.4138,19.0,7493.9224,590.0,25012,CUARTO CONTROL,Cuarto de Control,1.0,30000000.0,0,,und,0,SI,SI,NO,NO,SI,NO,
250,PDA EDIFICIOS Y DOTACION COMUNAL ETAPA 5,08 EDIFICACIONES Y DOTACION COMUN,ADPRO,En ejecucion,SI,SIN PROPIETARIO,250,PDA EDIFICIOS Y DOTACION COMUNAL ETAPA 5,40.0,PDA EDIFICIOS Y DOTACION COMUNAL,5031015,PDA URBANISMO,NO,Principal,GRUPOS,2500028,"SISTEMA DE CONTROL DE ACCESO, SEGURIDAD CCTV Y CERCA ELECTRICA KATIOS Proyeccion",Actas de Obra Quincenales,2016-11-30,RENE ALEJANDRO MELO JIMENEZ,01/12/2016,30/03/2017,337.0,0.0,5456.6379,1036.7612,0.0,0.0,0.0,30,6493.3991,6493.3991,Abierto,C1,Suministro Instalacion,PRODESA S.A.S.,800141025,MARTHA CRISTINA LABRADOR,mclabrador@prodesa.com.co,CR 7  73 55 P14,3139030,A,30,BOGOTÁ D.C.,,,Activo,,,,,,J,"Tubo Conduit PVC 3/4""",333.0,Internas Gas,M,Materiales,m,metro,ACTIVO,NO,0.0,NO,NO,0.0,0.0,1045.69,19.0,1244.3711,3034.0,25012,CUARTO CONTROL,Cuarto de Control,1.0,30000000.0,0,,und,0,SI,SI,NO,NO,SI,NO,
250,PDA EDIFICIOS Y DOTACION COMUNAL ETAPA 5,08 EDIFICACIONES Y DOTACION COMUN,ADPRO,En ejecucion,SI,SIN PROPIETARIO,250,PDA EDIFICIOS Y DOTACION COMUNAL ETAPA 5,40.0,PDA EDIFICIOS Y DOTACION COMUNAL,5031015,PDA URBANISMO,NO,Principal,GRUPOS,2500028,"SISTEMA DE CONTROL DE ACCESO, SEGURIDAD CCTV Y CERCA ELECTRICA KATIOS Proyeccion",Actas de Obra Quincenales,2016-11-30,RENE ALEJANDRO MELO JIMENEZ,01/12/2016,30/03/2017,410.0,0.0,2257.9224,429.00526,0.0,0.0,0.0,33,2686.9277,2686.9277,Abierto,C1,Suministro Instalacion,PRODESA S.A.S.,800141025,MARTHA CRISTINA LABRADOR,mclabrador@prodesa.com.co,CR 7  73 55 P14,3139030,A,30,BOGOTÁ D.C.,,,Activo,,,,,,J,Cable UTP  Nivel 6  Nex Network,322.0,Equipos Dotación,M,Materiales,m,metro,ACTIVO,NO,3.0,NO,NO,0.0,0.0,2150.0,19.0,2558.5,8471.0,25012,CUARTO CONTROL,Cuarto de Control,1.0,30000000.0,0,,und,0,SI,SI,NO,NO,SI,NO,
250,PDA EDIFICIOS Y DOTACION COMUNAL ETAPA 5,08 EDIFICACIONES Y DOTACION COMUN,ADPRO,En ejecucion,SI,SIN PROPIETARIO,250,PDA EDIFICIOS Y DOTACION COMUNAL ETAPA 5,40.0,PDA EDIFICIOS Y DOTACION COMUNAL,5031015,PDA URBANISMO,NO,Principal,GRUPOS,2500001,"CONSTRUCCION PILOTAJE PORTERIA, CUARTO DE BASURAS Y SALON COMUNAL",Anticipo 30% Saldo en actas de Obra,2016-02-16,RENE ALEJANDRO MELO JIMENEZ,09/03/2016,15/10/2016,127.0,127.0,24812.6904,237.7014,3181399.7586,13197456.1162,13323885.52772,2,25050.3918,25050.3918,Abierto,B2,Civil Proceso Constructivo,TREVIGALANTE S A,860042603,DIANA PINILLA,htorres@trevigalante.com,AV CORPAS 157A 60,6843614,A,15,BOGOTÁ D.C.,4290.0,Construcción de otras obras de ingeniería civil.,Activo,,,,,,J,Proceso Pilotaje Tornillo 30cm,311.0,Actividades Obra,C,Subcontratos,m,metro,ACTIVO,NO,0.0,NO,NO,0.0,0.0,19482.76,19.0,23184.4844,2278.0,1003,PORTERIA,Proceso Pilote Tornillo d=0.30m,124.8,3299584.704,0,,ml,0,SI,SI,NO,NO,SI,NO,
250,PDA EDIFICIOS Y DOTACION COMUNAL ETAPA 5,08 EDIFICACIONES Y DOTACION COMUN,ADPRO,En ejecucion,SI,SIN PROPIETARIO,250,PDA EDIFICIOS Y DOTACION COMUNAL ETAPA 5,40.0,PDA EDIFICIOS Y DOTACION COMUNAL,5031015,PDA URBANISMO,NO,Principal,GRUPOS,2500028,"SISTEMA DE CONTROL DE ACCESO, SEGURIDAD CCTV Y CERCA ELECTRICA KATIOS Proyeccion",Actas de Obra Quincenales,2016-11-30,RENE ALEJANDRO MELO JIMENEZ,01/12/2016,30/03/2017,63.0,0.0,13641.6034,2591.90465,0.0,0.0,0.0,19,16233.508,16233.508,Abierto,C1,Suministro Instalacion,PRODESA S.A.S.,800141025,MARTHA CRISTINA LABRADOR,mclabrador@prodesa.com.co,CR 7  73 55 P14,3139030,A,30,BOGOTÁ D.C.,,,Activo,,,,,,J,"Tubo EMT 3/4""",332.0,Internas Electricas y Comunicaciones,C,Subcontratos,m,metro,ACTIVO,NO,3.0,NO,NO,0.0,0.0,7162.93,19.0,8523.8867,6436.0,25007,SISTEMAS DE SEGURIDAD,Domo Ip PTZ 37x (Inalambrico),2.0,57304557.92,0,,und,0,SI,SI,NO,NO,SI,NO,
419,PDA CLUB HOUSE,08 EDIFICACIONES Y DOTACION COMUN,ADPRO,En ejecucion,SI,SIN PROPIETARIO,419,PDA CLUB HOUSE,40.0,PDA EDIFICIOS Y DOTACION COMUNAL,5031015,PDA URBANISMO,NO,Principal,GRUPOS,4190019,SUMINISTRO E INSTALACION PISO LAMINADO RESISTENTE A LA HUMEDAD - CLUB HOUSE,Actas de Obra Quincenales,2016-08-29,RENE ALEJANDRO MELO JIMENEZ,01/09/2016,30/04/2017,56.0,56.0,8534.4538,1621.54622,568736.0,22263518.605,26493587.1399,6,10156.0,10156.0,Abierto,C1,Suministro Instalacion,VERGARA Y VERGARA INTERNATIONAL SAS,900141968,KAREN VIAFARA,kviafara@vyvinternational.com,CR 70 N 173A 55 BRR SAN JOSE DE BAVARIA,7573783,A,3,BOGOTÁ D.C.,,,Activo,,,,,,J,Guardaescoba 8x12,315.0,Carpinteria Madera,C,Subcontratos,m,metro,ACTIVO,NO,3.0,NO,NO,0.0,0.0,6465.52,19.0,7693.9688,5886.0,20005,PDA CLUB HOUSE,Guardaescoba Madera,32.96,377062.4,0,,ml,0,SI,SI,NO,NO,SI,NO,
419,PDA CLUB HOUSE,08 EDIFICACIONES Y DOTACION COMUN,ADPRO,En ejecucion,SI,SIN PROPIETARIO,419,PDA CLUB HOUSE,40.0,PDA EDIFICIOS Y DOTACION COMUNAL,5031015,PDA URBANISMO,NO,Principal,GRUPOS,4190019,SUMINISTRO E INSTALACION PISO LAMINADO RESISTENTE A LA HUMEDAD - CLUB HOUSE,Actas de Obra Quincenales,2016-08-29,RENE ALEJANDRO MELO JIMENEZ,01/09/2016,30/04/2017,68.29,68.29,8276.0,1572.44,672549.9676,22263518.605,26493587.1399,3,9848.44,9848.44,Abierto,C1,Suministro Instalacion,VERGARA Y VERGARA INTERNATIONAL SAS,900141968,KAREN VIAFARA,kviafara@vyvinternational.com,CR 70 N 173A 55 BRR SAN JOSE DE BAVARIA,7573783,A,3,BOGOTÁ D.C.,,,Activo,,,,,,J,Guardaescoba 8x12,315.0,Carpinteria Madera,C,Subcontratos,m,metro,ACTIVO,NO,3.0,NO,NO,0.0,0.0,6465.52,19.0,7693.9688,5886.0,20005,PDA CLUB HOUSE,Guardaescoba Madera,32.96,377062.4,0,,ml,0,SI,SI,NO,NO,SI,NO,
419,PDA CLUB HOUSE,08 EDIFICACIONES Y DOTACION COMUN,ADPRO,En ejecucion,SI,SIN PROPIETARIO,419,PDA CLUB HOUSE,40.0,PDA EDIFICIOS Y DOTACION COMUNAL,5031015,PDA URBANISMO,NO,Principal,GRUPOS,4190019,SUMINISTRO E INSTALACION PISO LAMINADO RESISTENTE A LA HUMEDAD - CLUB HOUSE,Actas de Obra Quincenales,2016-08-29,RENE ALEJANDRO MELO JIMENEZ,01/09/2016,30/04/2017,2.5,2.5,21552.0,4094.88,64117.2,22263518.605,26493587.1399,5,25646.88,25646.88,Abierto,C1,Suministro Instalacion,VERGARA Y VERGARA INTERNATIONAL SAS,900141968,KAREN VIAFARA,kviafara@vyvinternational.com,CR 70 N 173A 55 BRR SAN JOSE DE BAVARIA,7573783,A,3,BOGOTÁ D.C.,,,Activo,,,,,,J,Nariz en Madera Escalera,315.0,Carpinteria Madera,C,Subcontratos,m,metro,ACTIVO,NO,3.0,NO,NO,0.0,0.0,15368.97,19.0,18289.0743,4937.0,20005,PDA CLUB HOUSE,Guardaescoba Madera,32.96,377062.4,0,,ml,0,SI,SI,NO,NO,SI,NO,
419,PDA CLUB HOUSE,08 EDIFICACIONES Y DOTACION COMUN,ADPRO,En ejecucion,SI,SIN PROPIETARIO,419,PDA CLUB HOUSE,40.0,PDA EDIFICIOS Y DOTACION COMUNAL,5031015,PDA URBANISMO,NO,Principal,GRUPOS,4190019,SUMINISTRO E INSTALACION PISO LAMINADO RESISTENTE A LA HUMEDAD - CLUB HOUSE,Actas de Obra Quincenales,2016-08-29,RENE ALEJANDRO MELO JIMENEZ,01/09/2016,30/04/2017,48.88,48.88,8754.6218,1663.37814,509231.84,22263518.605,26493587.1399,8,10418.0,10418.0,Abierto,C1,Suministro Instalacion,VERGARA Y VERGARA INTERNATIONAL SAS,900141968,KAREN VIAFARA,kviafara@vyvinternational.com,CR 70 N 173A 55 BRR SAN JOSE DE BAVARIA,7573783,A,3,BOGOTÁ D.C.,,,Activo,,,,,,J,Pirlan en Perfil T,321.0,Enchapes Pisos,C,Subcontratos,m,metro,ACTIVO,NO,0.0,NO,NO,0.0,0.0,11946.2185,19.0,14216.0,2175.0,20005,PDA CLUB HOUSE,Guardaescoba Madera,32.96,377062.4,0,,ml,0,SI,SI,NO,NO,SI,NO,
419,PDA CLUB HOUSE,08 EDIFICACIONES Y DOTACION COMUN,ADPRO,En ejecucion,SI,SIN PROPIETARIO,419,PDA CLUB HOUSE,40.0,PDA EDIFICIOS Y DOTACION COMUNAL,5031015,PDA URBANISMO,NO,Principal,GRUPOS,4190019,SUMINISTRO E INSTALACION PISO LAMINADO RESISTENTE A LA HUMEDAD - CLUB HOUSE,Actas de Obra Quincenales,2016-08-29,RENE ALEJANDRO MELO JIMENEZ,01/09/2016,30/04/2017,18.51,18.51,11638.0,2211.22,256349.0622,22263518.605,26493587.1399,4,13849.22,13849.22,Abierto,C1,Suministro Instalacion,VERGARA Y VERGARA INTERNATIONAL SAS,900141968,KAREN VIAFARA,kviafara@vyvinternational.com,CR 70 N 173A 55 BRR SAN JOSE DE BAVARIA,7573783,A,3,BOGOTÁ D.C.,,,Activo,,,,,,J,Pirlan en Perfil T,321.0,Enchapes Pisos,C,Subcontratos,m,metro,ACTIVO,NO,0.0,NO,NO,0.0,0.0,11946.2185,19.0,14216.0,2175.0,20005,PDA CLUB HOUSE,Guardaescoba Madera,32.96,377062.4,0,,ml,0,SI,SI,NO,NO,SI,NO,
419,PDA CLUB HOUSE,08 EDIFICACIONES Y DOTACION COMUN,ADPRO,En ejecucion,SI,SIN PROPIETARIO,419,PDA CLUB HOUSE,40.0,PDA EDIFICIOS Y DOTACION COMUNAL,5031015,PDA URBANISMO,NO,Principal,GRUPOS,4190019,SUMINISTRO E INSTALACION PISO LAMINADO RESISTENTE A LA HUMEDAD - CLUB HOUSE,Actas de Obra Quincenales,2016-08-29,RENE ALEJANDRO MELO JIMENEZ,01/09/2016,30/04/2017,21.9,21.9,21895.7983,4160.20168,570626.4,22263518.605,26493587.1399,7,26056.0,26056.0,Abierto,C1,Suministro Instalacion,VERGARA Y VERGARA INTERNATIONAL SAS,900141968,KAREN VIAFARA,kviafara@vyvinternational.com,CR 70 N 173A 55 BRR SAN JOSE DE BAVARIA,7573783,A,3,BOGOTÁ D.C.,,,Activo,,,,,,J,Nariz en Madera Escalera,315.0,Carpinteria Madera,C,Subcontratos,m,metro,ACTIVO,NO,3.0,NO,NO,0.0,0.0,15368.97,19.0,18289.0743,4937.0,20005,PDA CLUB HOUSE,Guardaescoba Madera,32.96,377062.4,0,,ml,0,SI,SI,NO,NO,SI,NO,
174,PDA PRELIMINARES,05 OBRAS PRELIMINARES,ADPRO,En ejecucion,SI,SIN PROPIETARIO,174,PDA PRELIMINARES,25.0,PDA GENERALES NO ASIGNADOS,5032010,PDA GG NO ASIGNADOS,NO,Principal,GRUPOS,1740275,INSTALACION RED PROVISIONAL AGUA KATIOS- Cierre cto 1740256,Actas de Obra Quincenales,2016-10-04,RENE ALEJANDRO MELO JIMENEZ,04/10/2016,04/10/2016,600.05,0.0,4181.7524,21.66908,0.0,0.0,0.0,2,4203.4215,4203.4215,Abierto,B2,Civil Proceso Constructivo,PRODESA S.A.S.,800141025,MARTHA CRISTINA LABRADOR,mclabrador@prodesa.com.co,CR 7  73 55 P14,3139030,A,30,BOGOTÁ D.C.,,,Activo,,,,,,J,Tubo PEAD PD100 PE 10 25mm,335.0,Redes Enterradas Rejillas Sumideros,M,Materiales,m,metro,ACTIVO,NO,3.0,NO,NO,0.0,0.0,1559.48,19.0,1855.7812,4950.0,4001,PRELIMINARES,Obras Provisionales Sanitarias,1.065,81925657.5,0,,Sg,0,SI,SI,NO,NO,SI,NO,
174,PDA PRELIMINARES,05 OBRAS PRELIMINARES,ADPRO,En ejecucion,SI,SIN PROPIETARIO,174,PDA PRELIMINARES,25.0,PDA GENERALES NO ASIGNADOS,5032010,PDA GG NO ASIGNADOS,NO,Principal,GRUPOS,1740275,INSTALACION RED PROVISIONAL AGUA KATIOS- Cierre cto 1740256,Actas de Obra Quincenales,2016-10-04,RENE ALEJANDRO MELO JIMENEZ,04/10/2016,04/10/2016,600.05,0.0,1194.7864,6.19117,0.0,0.0,0.0,3,1200.9776,1200.9776,Abierto,B2,Civil Proceso Constructivo,PRODESA S.A.S.,800141025,MARTHA CRISTINA LABRADOR,mclabrador@prodesa.com.co,CR 7  73 55 P14,3139030,A,30,BOGOTÁ D.C.,,,Activo,,,,,,J,"Instalacion Tuberia Presion 1""",344.0,Mano Obra Redes Urbanismo,O,MdeO Contratista,m,metro,ACTIVO,NO,3.0,NO,NO,0.0,0.0,1925.62,19.0,2291.4878,4378.0,4001,PRELIMINARES,Obras Provisionales Sanitarias,1.065,81925657.5,0,,Sg,0,SI,SI,NO,NO,SI,NO,
250,PDA EDIFICIOS Y DOTACION COMUNAL ETAPA 5,08 EDIFICACIONES Y DOTACION COMUN,ADPRO,En ejecucion,SI,SIN PROPIETARIO,250,PDA EDIFICIOS Y DOTACION COMUNAL ETAPA 5,40.0,PDA EDIFICIOS Y DOTACION COMUNAL,5031015,PDA URBANISMO,NO,Principal,GRUPOS,2500001,"CONSTRUCCION PILOTAJE PORTERIA, CUARTO DE BASURAS Y SALON COMUNAL",Anticipo 30% Saldo en actas de Obra,2016-02-16,RENE ALEJANDRO MELO JIMENEZ,09/03/2016,15/10/2016,1038.6,1038.6,334.3924,3.20342,350626.99788,13197456.1162,13323885.52772,5,337.5958,337.5958,Abierto,B2,Civil Proceso Constructivo,TREVIGALANTE S A,860042603,DIANA PINILLA,htorres@trevigalante.com,AV CORPAS 157A 60,6843614,A,15,BOGOTÁ D.C.,4290.0,Construcción de otras obras de ingeniería civil.,Activo,,,,,,J,MdO Acero Refuerzo Figurado,346.0,Mano Obra Gris,O,MdeO Contratista,kg,kilogramo,ACTIVO,NO,0.0,NO,NO,0.0,0.0,304.31,19.0,362.1289,4409.0,1011,SALON COMUNAL,Acero Refuerzo Pilotes,1399.2,3601428.864,0,,kg,0,SI,SI,NO,NO,SI,NO,
174,PDA PRELIMINARES,05 OBRAS PRELIMINARES,ADPRO,En ejecucion,SI,SIN PROPIETARIO,174,PDA PRELIMINARES,25.0,PDA GENERALES NO ASIGNADOS,5032010,PDA GG NO ASIGNADOS,NO,Principal,GRUPOS,1740274,SERVICIO FUMIGACION Y CONTROL DE PLAGAS,ACTA DE OBRA,2016-09-28,RENE ALEJANDRO MELO JIMENEZ,28/09/2016,30/04/2017,1.0,1.0,240000.0,45600.0,285600.0,240000.0,285600.0,1,285600.0,285600.0,Abierto,H1,Orden de T/S - 4,UNIDAD SANITARIA DE FUMIGACIONES LTDA,800140761,SIN CONTACTO,SIN EMAIL,CRA 28C 85 45,,A,0,BOGOTÁ D.C.,,,Activo,,,,,,J,Fumigacion y Control de Roedores,311.0,Actividades Obra,C,Subcontratos,sg,suma global,ACTIVO,NO,0.0,NO,NO,0.0,0.0,144000.0,19.0,171360.0,1534.0,2019,PRELIMINARES,Control De Plagas,1.0,5000000.0,0,,Sg,0,SI,SI,NO,NO,SI,NO,
419,PDA CLUB HOUSE,08 EDIFICACIONES Y DOTACION COMUN,ADPRO,En ejecucion,SI,SIN PROPIETARIO,419,PDA CLUB HOUSE,40.0,PDA EDIFICIOS Y DOTACION COMUNAL,5031015,PDA URBANISMO,NO,Principal,GRUPOS,4190014,FABRICACION SUMINISTRO E INSTALACION CARPINTERIA EN MADERA CLUB HOUSE,ACTAS QUINCENALES,2016-04-25,NATHALIA CAROLINA MORENO ORDOÑEZ,02/05/2016,08/08/2017,5.9,5.9,332193.6983,63116.80268,2332331.95576,9829073.7287,11696597.73713,2,395310.500977,395310.500977,Abierto,C1,Suministro Instalacion,MADERFORMAS S A S,830126784,OLGA LUCIA PALACIOS CASAS,administracion@maderformas.net,CR 116 14 B 90,7447028,A,0,BOGOTÁ D.C.,1630.0,"Fabricación de partes y piezas de madera, de carpintería y ebanistería para la construcción.",Activo,,,,,,J,Enchape Melaminico Muros,315.0,Carpinteria Madera,C,Subcontratos,m2,metro cuadrado,ACTIVO,NO,3.0,NO,NO,0.0,0.0,133345.69,19.0,158681.3711,7768.0,16003,PDA CLUB HOUSE,Enchape Madera Muros Acquafloor,71.07,10482825.0,0,,m2,0,SI,SI,NO,NO,SI,NO,
419,PDA CLUB HOUSE,08 EDIFICACIONES Y DOTACION COMUN,ADPRO,En ejecucion,SI,SIN PROPIETARIO,419,PDA CLUB HOUSE,40.0,PDA EDIFICIOS Y DOTACION COMUNAL,5031015,PDA URBANISMO,NO,Principal,GRUPOS,4190014,FABRICACION SUMINISTRO E INSTALACION CARPINTERIA EN MADERA CLUB HOUSE,ACTAS QUINCENALES,2016-04-25,NATHALIA CAROLINA MORENO ORDOÑEZ,02/05/2016,08/08/2017,5.6,5.6,322886.6983,61348.47268,2151716.95747,9829073.7287,11696597.73713,3,384235.170977,384235.170977,Abierto,C1,Suministro Instalacion,MADERFORMAS S A S,830126784,OLGA LUCIA PALACIOS CASAS,administracion@maderformas.net,CR 116 14 B 90,7447028,A,0,BOGOTÁ D.C.,1630.0,"Fabricación de partes y piezas de madera, de carpintería y ebanistería para la construcción.",Activo,,,,,,J,Enchape Melaminico Muros,315.0,Carpinteria Madera,C,Subcontratos,m2,metro cuadrado,ACTIVO,NO,3.0,NO,NO,0.0,0.0,133345.69,19.0,158681.3711,7768.0,16003,PDA CLUB HOUSE,Enchape Madera Muros Acquafloor,71.07,10482825.0,0,,m2,0,SI,SI,NO,NO,SI,NO,
419,PDA CLUB HOUSE,08 EDIFICACIONES Y DOTACION COMUN,ADPRO,En ejecucion,SI,SIN PROPIETARIO,419,PDA CLUB HOUSE,40.0,PDA EDIFICIOS Y DOTACION COMUNAL,5031015,PDA URBANISMO,NO,Principal,GRUPOS,4190027,"FBRICACION SUMINISTRO E INSTALACION MUEBLES COCINA, ESCALERAS Y CIELORASO EN MADERA",Anticipo 30% Saldo en actas de Obra,2016-11-02,RENE ALEJANDRO MELO JIMENEZ,01/11/2016,30/12/2016,88.0,88.0,153207.819,29109.48561,16043922.8048,32167553.4813,38279388.6428,7,182317.3046,182317.3046,Abierto,C2,Fabricacion Suministro Instalacion,MADERFORMAS S A S,830126784,OLGA LUCIA PALACIOS CASAS,administracion@maderformas.net,CR 116 14 B 90,7447028,A,0,BOGOTÁ D.C.,1630.0,"Fabricación de partes y piezas de madera, de carpintería y ebanistería para la construcción.",Activo,,,,,,J,Cieloraso en Liston de Madera,318.0,Cielorasos Aislamientos,C,Subcontratos,m2,metro cuadrado,ACTIVO,NO,3.0,NO,NO,0.0,0.0,87068.97,19.0,103612.0743,6303.0,22003,PDA CLUB HOUSE,Cieloraso con Liston en Madera,132.95,14770745.0,0,,m2,0,SI,SI,NO,NO,SI,NO,
419,PDA CLUB HOUSE,08 EDIFICACIONES Y DOTACION COMUN,ADPRO,En ejecucion,SI,SIN PROPIETARIO,419,PDA CLUB HOUSE,40.0,PDA EDIFICIOS Y DOTACION COMUNAL,5031015,PDA URBANISMO,NO,Principal,GRUPOS,4190027,"FBRICACION SUMINISTRO E INSTALACION MUEBLES COCINA, ESCALERAS Y CIELORASO EN MADERA",Anticipo 30% Saldo en actas de Obra,2016-11-02,RENE ALEJANDRO MELO JIMENEZ,01/11/2016,30/12/2016,4.0,4.0,993566.5042,188777.6358,4729376.56,32167553.4813,38279388.6428,10,1182344.14,1182344.14,Abierto,C2,Fabricacion Suministro Instalacion,MADERFORMAS S A S,830126784,OLGA LUCIA PALACIOS CASAS,administracion@maderformas.net,CR 116 14 B 90,7447028,A,0,BOGOTÁ D.C.,1630.0,"Fabricación de partes y piezas de madera, de carpintería y ebanistería para la construcción.",Activo,,,,,,J,Cieloraso en Liston de Madera,318.0,Cielorasos Aislamientos,C,Subcontratos,m2,metro cuadrado,ACTIVO,NO,3.0,NO,NO,0.0,0.0,87068.97,19.0,103612.0743,6303.0,22003,PDA CLUB HOUSE,Cieloraso con Liston en Madera,132.95,14770745.0,0,,m2,0,SI,SI,NO,NO,SI,NO,
250,PDA EDIFICIOS Y DOTACION COMUNAL ETAPA 5,08 EDIFICACIONES Y DOTACION COMUN,ADPRO,En ejecucion,SI,SIN PROPIETARIO,250,PDA EDIFICIOS Y DOTACION COMUNAL ETAPA 5,40.0,PDA EDIFICIOS Y DOTACION COMUNAL,5031015,PDA URBANISMO,NO,Principal,GRUPOS,2500014,IMPERMEABILIZACION CUBIERTA PORTERIA KATIOS,Actas de Obra Quincenales,2016-09-02,RENE ALEJANDRO MELO JIMENEZ,02/09/2016,02/09/2017,84.5,84.5,30355.0967,214.9033,2583165.0,2565005.6678,2583165.0,1,30570.0,30570.0,Abierto,H1,Orden de T/S - 4,SOCIEDAD IMPERMEABILIZADORA ATA S A S,860003171,ERIKA JURANI RODRIGUEZ MUÑOZ,c.malagon@ata.com.co,CL 70  50  51,6606927,A,15,BOGOTÁ D.C.,4290.0,Construcción de otras obras de ingeniería civil.,Activo,,,,,,J,Impermeabilizacion Manto (AL-80),320.0,Cubiertas Accesorios,C,Subcontratos,m2,metro cuadrado,ACTIVO,NO,3.0,NO,NO,0.0,0.0,23238.79,19.0,27654.1601,5008.0,10009,SALON COMUNAL,Impermeabilzacion Manto Cubierta,50.0,2250000.0,0,,m2,0,SI,SI,NO,NO,SI,NO,
250,PDA EDIFICIOS Y DOTACION COMUNAL ETAPA 5,08 EDIFICACIONES Y DOTACION COMUN,ADPRO,En ejecucion,SI,SIN PROPIETARIO,250,PDA EDIFICIOS Y DOTACION COMUNAL ETAPA 5,40.0,PDA EDIFICIOS Y DOTACION COMUNAL,5031015,PDA URBANISMO,NO,Principal,GRUPOS,2500020,IMPERMEABILIZACION MATERA CUARTO DE BASURAS KATIOS,Actas de Obra Quincenales,2016-10-11,RENE ALEJANDRO MELO JIMENEZ,11/10/2016,08/01/2017,16.95,16.95,58883.1283,416.8717,1005135.0,998069.0246,1005135.0,1,59300.0,59300.0,Abierto,H1,Orden de T/S - 4,SOCIEDAD IMPERMEABILIZADORA ATA S A S,860003171,ERIKA JURANI RODRIGUEZ MUÑOZ,c.malagon@ata.com.co,CL 70  50  51,6606927,A,15,BOGOTÁ D.C.,4290.0,Construcción de otras obras de ingeniería civil.,Activo,,,,,,J,Impermeabilizacion Manto (AL-80),320.0,Cubiertas Accesorios,C,Subcontratos,m2,metro cuadrado,ACTIVO,NO,3.0,NO,NO,0.0,0.0,23238.79,19.0,27654.1601,5008.0,10009,SALON COMUNAL,Impermeabilzacion Manto Cubierta,50.0,2250000.0,0,,m2,0,SI,SI,NO,NO,SI,NO,
419,PDA CLUB HOUSE,08 EDIFICACIONES Y DOTACION COMUN,ADPRO,En ejecucion,SI,SIN PROPIETARIO,419,PDA CLUB HOUSE,40.0,PDA EDIFICIOS Y DOTACION COMUNAL,5031015,PDA URBANISMO,NO,Principal,GRUPOS,4190026,SUMINISTRO E INSTALACION PISO EN CAUCHO Y VINILICO GIMNASIO,Actas de Obra Quincenales,2016-10-31,RENE ALEJANDRO MELO JIMENEZ,01/11/2016,31/01/2017,64.0,64.0,50000.0,9500.0,3808000.0,7372327.5843,8773069.8253,1,59500.0,59500.0,Abierto,C1,Suministro Instalacion,GYM MACHINE SERVICES SAS,900926970,ANGELICA MOLINA,gym.machine@hotmail.com,CR 7G  148  38,3177837453,A,0,BOGOTÁ D.C.,4659.0,Comercio al por mayor de otros tipos de maquinaria y equipo n.c.p.,Activo,,,,,,J,Piso Caucho Reciclado Everroll Basic,321.0,Enchapes Pisos,C,Subcontratos,m2,metro cuadrado,ACTIVO,NO,3.0,NO,NO,0.0,0.0,100258.62,19.0,119307.7578,6457.0,20019,PDA CLUB HOUSE,Piso Caucho Reciclado  Gimnasio,66.1,9071167.4,0,,m2,0,SI,SI,NO,NO,SI,NO,
419,PDA CLUB HOUSE,08 EDIFICACIONES Y DOTACION COMUN,ADPRO,En ejecucion,SI,SIN PROPIETARIO,419,PDA CLUB HOUSE,40.0,PDA EDIFICIOS Y DOTACION COMUNAL,5031015,PDA URBANISMO,NO,Principal,GRUPOS,4190019,SUMINISTRO E INSTALACION PISO LAMINADO RESISTENTE A LA HUMEDAD - CLUB HOUSE,Actas de Obra Quincenales,2016-08-29,RENE ALEJANDRO MELO JIMENEZ,01/09/2016,30/04/2017,129.06,129.06,63707.0,12104.33,9784210.2498,22263518.605,26493587.1399,1,75811.33,75811.33,Abierto,C1,Suministro Instalacion,VERGARA Y VERGARA INTERNATIONAL SAS,900141968,KAREN VIAFARA,kviafara@vyvinternational.com,CR 70 N 173A 55 BRR SAN JOSE DE BAVARIA,7573783,A,3,BOGOTÁ D.C.,,,Activo,,,,,,J,Piso WPC Roble Natural,321.0,Enchapes Pisos,M,Materiales,m2,metro cuadrado,ACTIVO,NO,3.0,NO,NO,0.0,0.0,63707.0,19.0,75811.33,8261.0,20008,PDA CLUB HOUSE,Piso Acquafloor Terrazas Piso WPC,43.39,7680030.0,0,,m2,0,SI,SI,NO,NO,SI,NO,
250,PDA EDIFICIOS Y DOTACION COMUNAL ETAPA 5,08 EDIFICACIONES Y DOTACION COMUN,ADPRO,En ejecucion,SI,SIN PROPIETARIO,250,PDA EDIFICIOS Y DOTACION COMUNAL ETAPA 5,40.0,PDA EDIFICIOS Y DOTACION COMUNAL,5031015,PDA URBANISMO,NO,Principal,GRUPOS,2500001,"CONSTRUCCION PILOTAJE PORTERIA, CUARTO DE BASURAS Y SALON COMUNAL",Anticipo 30% Saldo en actas de Obra,2016-02-16,RENE ALEJANDRO MELO JIMENEZ,09/03/2016,15/10/2016,346.2,346.2,334.3924,3.20342,116875.66596,13197456.1162,13323885.52772,3,337.5958,337.5958,Abierto,B2,Civil Proceso Constructivo,TREVIGALANTE S A,860042603,DIANA PINILLA,htorres@trevigalante.com,AV CORPAS 157A 60,6843614,A,15,BOGOTÁ D.C.,4290.0,Construcción de otras obras de ingeniería civil.,Activo,,,,,,J,MdO Acero Refuerzo Figurado,346.0,Mano Obra Gris,O,MdeO Contratista,kg,kilogramo,ACTIVO,NO,0.0,NO,NO,0.0,0.0,304.31,19.0,362.1289,4409.0,1002,CUARTO BASURAS,Acero Refuerzo Pilotes,350.0,900872.0,0,,kg,0,SI,SI,NO,NO,SI,NO,
250,PDA EDIFICIOS Y DOTACION COMUNAL ETAPA 5,08 EDIFICACIONES Y DOTACION COMUN,ADPRO,En ejecucion,SI,SIN PROPIETARIO,250,PDA EDIFICIOS Y DOTACION COMUNAL ETAPA 5,40.0,PDA EDIFICIOS Y DOTACION COMUNAL,5031015,PDA URBANISMO,NO,Principal,GRUPOS,2500001,"CONSTRUCCION PILOTAJE PORTERIA, CUARTO DE BASURAS Y SALON COMUNAL",Anticipo 30% Saldo en actas de Obra,2016-02-16,RENE ALEJANDRO MELO JIMENEZ,09/03/2016,15/10/2016,461.6,461.6,334.3924,3.20342,155834.22128,13197456.1162,13323885.52772,1,337.5958,337.5958,Abierto,B2,Civil Proceso Constructivo,TREVIGALANTE S A,860042603,DIANA PINILLA,htorres@trevigalante.com,AV CORPAS 157A 60,6843614,A,15,BOGOTÁ D.C.,4290.0,Construcción de otras obras de ingeniería civil.,Activo,,,,,,J,MdO Acero Refuerzo Figurado,346.0,Mano Obra Gris,O,MdeO Contratista,kg,kilogramo,ACTIVO,NO,0.0,NO,NO,0.0,0.0,304.31,19.0,362.1289,4409.0,1001,PORTERIA,Acero Refuerzo Pilotes,466.4,1200476.288,0,,kg,0,SI,SI,NO,NO,SI,NO,
419,PDA CLUB HOUSE,08 EDIFICACIONES Y DOTACION COMUN,ADPRO,En ejecucion,SI,SIN PROPIETARIO,419,PDA CLUB HOUSE,40.0,PDA EDIFICIOS Y DOTACION COMUNAL,5031015,PDA URBANISMO,NO,Principal,GRUPOS,4190019,SUMINISTRO E INSTALACION PISO LAMINADO RESISTENTE A LA HUMEDAD - CLUB HOUSE,Actas de Obra Quincenales,2016-08-29,RENE ALEJANDRO MELO JIMENEZ,01/09/2016,30/04/2017,2.86,2.86,55948.8655,10630.28445,190416.369,22263518.605,26493587.1399,9,66579.15,66579.15,Abierto,C1,Suministro Instalacion,VERGARA Y VERGARA INTERNATIONAL SAS,900141968,KAREN VIAFARA,kviafara@vyvinternational.com,CR 70 N 173A 55 BRR SAN JOSE DE BAVARIA,7573783,A,3,BOGOTÁ D.C.,,,Activo,,,,,,J,Piso WPC Roble Natural,321.0,Enchapes Pisos,M,Materiales,m2,metro cuadrado,ACTIVO,NO,3.0,NO,NO,0.0,0.0,63707.0,19.0,75811.33,8261.0,20014,PDA CLUB HOUSE,Piso Comedor Exterior Acquafloor Piso WPC,146.83,25988910.0,0,,m2,0,SI,SI,NO,NO,SI,NO,
250,PDA EDIFICIOS Y DOTACION COMUNAL ETAPA 5,08 EDIFICACIONES Y DOTACION COMUN,ADPRO,En ejecucion,SI,SIN PROPIETARIO,250,PDA EDIFICIOS Y DOTACION COMUNAL ETAPA 5,40.0,PDA EDIFICIOS Y DOTACION COMUNAL,5031015,PDA URBANISMO,NO,Principal,GRUPOS,2500025,SUMINISTRO E INSTALACION CESPED SSINTETICO Proyección 102 casas,Actas de Obra Quincenales,2016-10-20,RENE ALEJANDRO MELO JIMENEZ,18/10/2016,03/03/2017,102.0,0.0,119900.0,1035.5,0.0,0.0,0.0,1,120935.5,120935.5,Abierto,H1,Orden de T/S - 4,PRODESA S.A.S.,800141025,MARTHA CRISTINA LABRADOR,mclabrador@prodesa.com.co,CR 7  73 55 P14,3139030,A,30,BOGOTÁ D.C.,,,Activo,,,,,,J,Cesped Sintetico,311.0,Actividades Obra,C,Subcontratos,m2,metro cuadrado,ACTIVO,NO,0.0,NO,NO,0.0,0.0,103448.28,19.0,123103.4532,3827.0,24009,MOBILIARIO URBANO,Cesped Sintetico Hascal,128.27,15392400.0,0,,m2,0,SI,SI,NO,NO,SI,NO,
419,PDA CLUB HOUSE,08 EDIFICACIONES Y DOTACION COMUN,ADPRO,En ejecucion,SI,SIN PROPIETARIO,419,PDA CLUB HOUSE,40.0,PDA EDIFICIOS Y DOTACION COMUNAL,5031015,PDA URBANISMO,NO,Principal,GRUPOS,4190019,SUMINISTRO E INSTALACION PISO LAMINADO RESISTENTE A LA HUMEDAD - CLUB HOUSE,Actas de Obra Quincenales,2016-08-29,RENE ALEJANDRO MELO JIMENEZ,01/09/2016,30/04/2017,158.61,158.61,63707.0,12104.33,12024435.0513,22263518.605,26493587.1399,2,75811.33,75811.33,Abierto,C1,Suministro Instalacion,VERGARA Y VERGARA INTERNATIONAL SAS,900141968,KAREN VIAFARA,kviafara@vyvinternational.com,CR 70 N 173A 55 BRR SAN JOSE DE BAVARIA,7573783,A,3,BOGOTÁ D.C.,,,Activo,,,,,,J,Piso WPC Roble Natural,321.0,Enchapes Pisos,M,Materiales,m2,metro cuadrado,ACTIVO,NO,3.0,NO,NO,0.0,0.0,63707.0,19.0,75811.33,8261.0,20014,PDA CLUB HOUSE,Piso Comedor Exterior Acquafloor Piso WPC,146.83,25988910.0,0,,m2,0,SI,SI,NO,NO,SI,NO,
419,PDA CLUB HOUSE,08 EDIFICACIONES Y DOTACION COMUN,ADPRO,En ejecucion,SI,SIN PROPIETARIO,419,PDA CLUB HOUSE,40.0,PDA EDIFICIOS Y DOTACION COMUNAL,5031015,PDA URBANISMO,NO,Principal,GRUPOS,4190026,SUMINISTRO E INSTALACION PISO EN CAUCHO Y VINILICO GIMNASIO,Actas de Obra Quincenales,2016-10-31,RENE ALEJANDRO MELO JIMENEZ,01/11/2016,31/01/2017,51.0,51.0,81810.3448,15543.96551,4965069.8253,7372327.5843,8773069.8253,2,97354.3103,97354.3103,Abierto,C1,Suministro Instalacion,GYM MACHINE SERVICES SAS,900926970,ANGELICA MOLINA,gym.machine@hotmail.com,CR 7G  148  38,3177837453,A,0,BOGOTÁ D.C.,4659.0,Comercio al por mayor de otros tipos de maquinaria y equipo n.c.p.,Activo,,,,,,J,Piso Vinilo Classic Oak,321.0,Enchapes Pisos,C,Subcontratos,m2,metro cuadrado,ACTIVO,NO,3.0,NO,NO,0.0,0.0,75258.62,19.0,89557.7578,6456.0,20018,PDA CLUB HOUSE,Piso Vinilo Aerobicos,43.63,4494500.82,0,,m2,0,SI,SI,NO,NO,SI,NO,
174,PDA PRELIMINARES,05 OBRAS PRELIMINARES,ADPRO,En ejecucion,SI,SIN PROPIETARIO,174,PDA PRELIMINARES,25.0,PDA GENERALES NO ASIGNADOS,5032010,PDA GG NO ASIGNADOS,NO,Principal,GRUPOS,1740275,INSTALACION RED PROVISIONAL AGUA KATIOS- Cierre cto 1740256,Actas de Obra Quincenales,2016-10-04,RENE ALEJANDRO MELO JIMENEZ,04/10/2016,04/10/2016,36.0,0.0,27879.2202,144.46505,0.0,0.0,0.0,1,28023.6853,28023.6853,Abierto,B2,Civil Proceso Constructivo,PRODESA S.A.S.,800141025,MARTHA CRISTINA LABRADOR,mclabrador@prodesa.com.co,CR 7  73 55 P14,3139030,A,30,BOGOTÁ D.C.,,,Activo,,,,,,J,Excavacion Zanjas Tuberia,311.0,Actividades Obra,C,Subcontratos,m3,metro cubico,ACTIVO,NO,0.0,NO,NO,0.0,0.0,3620.69,19.0,4308.6211,1510.0,4001,PRELIMINARES,Obras Provisionales Sanitarias,1.065,81925657.5,0,,Sg,0,SI,SI,NO,NO,SI,NO,
337,PDA LOCATIVAS,10 OBRAS EJECUCION DE GARANTIAS,ADPRO,En ejecucion,SI,SIN PROPIETARIO,337,PDA LOCATIVAS,25.0,PDA GENERALES NO ASIGNADOS,5032010,PDA GG NO ASIGNADOS,NO,Principal,GRUPOS,3370148,REEMBOLSO A PROPIETARIO CASA 6 BARU - SUMINISTRO BASURERA,ACTA DE OBRA,2016-10-11,RENE ALEJANDRO MELO JIMENEZ,11/10/2016,30/12/2016,1.0,1.0,350000.0,0.0,350000.0,350000.0,350000.0,1,350000.0,350000.0,Abierto,R,Pagos Sin Retenciones,ROJAS GALINDO ZARAIHT AMALIA,52622698,SIN CONTACTO,SIN EMAIL,Calle 181 113-39,7572099,C,0,BOGOTÁ D.C.,,,Activo,,,,,,N,Caneca Metalica Acero Inox,999.0,Varios,M,Materiales,Un,unidad,ACTIVO,NO,0.0,NO,NO,0.0,0.0,280000.0,19.0,333200.0,3782.0,6004,PDA LOCATIVAS BARU,Consumo Ferreteria Pareada,110.0,4710464.0,0,,und,0,SI,SI,NO,NO,SI,NO,
337,PDA LOCATIVAS,10 OBRAS EJECUCION DE GARANTIAS,ADPRO,En ejecucion,SI,SIN PROPIETARIO,337,PDA LOCATIVAS,25.0,PDA GENERALES NO ASIGNADOS,5032010,PDA GG NO ASIGNADOS,NO,Principal,GRUPOS,3370117,REEMBOLSO POR CAMBIO MESON COCINA CASA 25 GALERAS,ACTA DE OBRA,2016-01-04,RENE ALEJANDRO MELO JIMENEZ,04/01/2016,30/01/2016,1.0,1.0,3800000.0,0.0,3800000.0,3800000.0,3800000.0,1,3800000.0,3800000.0,Abierto,R,Pagos Sin Retenciones,COLMENARES TRIANA MARIO,80412936,SIN CONTACTO,SIN EMAIL,CL 144  13 41 APTO 305,8025587,A,0,BOGOTÁ D.C.,,,Activo,,,,,,N,Marmoles y Chimeneas,384.0,Locativas,C,Subcontratos,Un,unidad,ACTIVO,NO,0.0,NO,NO,0.0,0.0,8620.69,19.0,10258.6211,4735.0,13008,PDA LOCATIVAS GALERAS,Marmoles y Chimeneas PAR,32.0,1410174.08,0,,und,0,SI,SI,NO,NO,SI,NO,
337,PDA LOCATIVAS,10 OBRAS EJECUCION DE GARANTIAS,ADPRO,En ejecucion,SI,SIN PROPIETARIO,337,PDA LOCATIVAS,25.0,PDA GENERALES NO ASIGNADOS,5032010,PDA GG NO ASIGNADOS,NO,Principal,GRUPOS,3370151,SUMINISTRO E INSTALACION PUERTA CORREDIZA COCINA CASA 41 JERICO,Actas de Obra Quincenales,2016-11-11,RENE ALEJANDRO MELO JIMENEZ,11/11/2016,30/12/2016,1.0,1.0,489764.8017,93055.31232,582820.114,489764.8017,582820.114,1,582820.114,582820.114,Abierto,H1,Orden de T/S - 4,MADERFORMAS S A S,830126784,OLGA LUCIA PALACIOS CASAS,administracion@maderformas.net,CR 116 14 B 90,7447028,A,0,BOGOTÁ D.C.,1630.0,"Fabricación de partes y piezas de madera, de carpintería y ebanistería para la construcción.",Activo,,,,,,J,Carpinteria Madera Locativas,384.0,Locativas,C,Subcontratos,Un,unidad,ACTIVO,NO,0.0,NO,NO,0.0,0.0,8620.69,19.0,10258.6211,4727.0,5015,PDA LOCATIVAS JERICO,Carpinteria Madera Aislada,44.0,3542070.84,0,,und,0,SI,SI,NO,NO,SI,NO,
250,PDA EDIFICIOS Y DOTACION COMUNAL ETAPA 5,08 EDIFICACIONES Y DOTACION COMUN,ADPRO,En ejecucion,SI,SIN PROPIETARIO,250,PDA EDIFICIOS Y DOTACION COMUNAL ETAPA 5,40.0,PDA EDIFICIOS Y DOTACION COMUNAL,5031015,PDA URBANISMO,NO,Principal,GRUPOS,2500028,"SISTEMA DE CONTROL DE ACCESO, SEGURIDAD CCTV Y CERCA ELECTRICA KATIOS Proyeccion",Actas de Obra Quincenales,2016-11-30,RENE ALEJANDRO MELO JIMENEZ,01/12/2016,30/03/2017,10.0,0.0,105369.6034,20020.22465,0.0,0.0,0.0,34,125389.828,125389.828,Abierto,C1,Suministro Instalacion,PRODESA S.A.S.,800141025,MARTHA CRISTINA LABRADOR,mclabrador@prodesa.com.co,CR 7  73 55 P14,3139030,A,30,BOGOTÁ D.C.,,,Activo,,,,,,J,Caja en Mamposteria 30x30,332.0,Internas Electricas y Comunicaciones,C,Subcontratos,Un,unidad,ACTIVO,NO,3.0,NO,NO,0.0,0.0,82537.93,19.0,98220.1367,5909.0,25012,CUARTO CONTROL,Cuarto de Control,1.0,30000000.0,0,,und,0,SI,SI,NO,NO,SI,NO,
250,PDA EDIFICIOS Y DOTACION COMUNAL ETAPA 5,08 EDIFICACIONES Y DOTACION COMUN,ADPRO,En ejecucion,SI,SIN PROPIETARIO,250,PDA EDIFICIOS Y DOTACION COMUNAL ETAPA 5,40.0,PDA EDIFICIOS Y DOTACION COMUNAL,5031015,PDA URBANISMO,NO,Principal,GRUPOS,2500028,"SISTEMA DE CONTROL DE ACCESO, SEGURIDAD CCTV Y CERCA ELECTRICA KATIOS Proyeccion",Actas de Obra Quincenales,2016-11-30,RENE ALEJANDRO MELO JIMENEZ,01/12/2016,30/03/2017,4.0,0.0,349977.6034,66495.74465,0.0,0.0,0.0,38,416473.348,416473.348,Abierto,C1,Suministro Instalacion,PRODESA S.A.S.,800141025,MARTHA CRISTINA LABRADOR,mclabrador@prodesa.com.co,CR 7  73 55 P14,3139030,A,30,BOGOTÁ D.C.,,,Activo,,,,,,J,Protector de  Video y Alimentacion,322.0,Equipos Dotación,C,Subcontratos,Un,unidad,ACTIVO,NO,3.0,NO,NO,0.0,0.0,318600.0,19.0,379134.0,8475.0,25012,CUARTO CONTROL,Cuarto de Control,1.0,30000000.0,0,,und,0,SI,SI,NO,NO,SI,NO,
250,PDA EDIFICIOS Y DOTACION COMUNAL ETAPA 5,08 EDIFICACIONES Y DOTACION COMUN,ADPRO,En ejecucion,SI,SIN PROPIETARIO,250,PDA EDIFICIOS Y DOTACION COMUNAL ETAPA 5,40.0,PDA EDIFICIOS Y DOTACION COMUNAL,5031015,PDA URBANISMO,NO,Principal,GRUPOS,2500028,"SISTEMA DE CONTROL DE ACCESO, SEGURIDAD CCTV Y CERCA ELECTRICA KATIOS Proyeccion",Actas de Obra Quincenales,2016-11-30,RENE ALEJANDRO MELO JIMENEZ,01/12/2016,30/03/2017,3.0,0.0,211680.0,40219.2,0.0,0.0,0.0,25,251899.2,251899.2,Abierto,C1,Suministro Instalacion,PRODESA S.A.S.,800141025,MARTHA CRISTINA LABRADOR,mclabrador@prodesa.com.co,CR 7  73 55 P14,3139030,A,30,BOGOTÁ D.C.,,,Activo,,,,,,J,Tablero Breakers 4 ctos,332.0,Internas Electricas y Comunicaciones,M,Materiales,Un,unidad,ACTIVO,NO,0.0,NO,NO,0.0,0.0,39224.14,19.0,46676.7266,3671.0,25012,CUARTO CONTROL,Cuarto de Control,1.0,30000000.0,0,,und,0,SI,SI,NO,NO,SI,NO,
250,PDA EDIFICIOS Y DOTACION COMUNAL ETAPA 5,08 EDIFICACIONES Y DOTACION COMUN,ADPRO,En ejecucion,SI,SIN PROPIETARIO,250,PDA EDIFICIOS Y DOTACION COMUNAL ETAPA 5,40.0,PDA EDIFICIOS Y DOTACION COMUNAL,5031015,PDA URBANISMO,NO,Principal,GRUPOS,2500028,"SISTEMA DE CONTROL DE ACCESO, SEGURIDAD CCTV Y CERCA ELECTRICA KATIOS Proyeccion",Actas de Obra Quincenales,2016-11-30,RENE ALEJANDRO MELO JIMENEZ,01/12/2016,30/03/2017,3.0,0.0,1248441.6034,237203.90465,0.0,0.0,0.0,24,1485645.508,1485645.508,Abierto,C1,Suministro Instalacion,PRODESA S.A.S.,800141025,MARTHA CRISTINA LABRADOR,mclabrador@prodesa.com.co,CR 7  73 55 P14,3139030,A,30,BOGOTÁ D.C.,,,Activo,,,,,,J,UPS Domo Ptz,322.0,Equipos Dotación,C,Subcontratos,Un,unidad,ACTIVO,NO,3.0,NO,NO,0.0,0.0,1368800.0,19.0,1628872.0,8468.0,25012,CUARTO CONTROL,Cuarto de Control,1.0,30000000.0,0,,und,0,SI,SI,NO,NO,SI,NO,
419,PDA CLUB HOUSE,08 EDIFICACIONES Y DOTACION COMUN,ADPRO,En ejecucion,SI,SIN PROPIETARIO,419,PDA CLUB HOUSE,40.0,PDA EDIFICIOS Y DOTACION COMUNAL,5031015,PDA URBANISMO,NO,Principal,GRUPOS,4190014,FABRICACION SUMINISTRO E INSTALACION CARPINTERIA EN MADERA CLUB HOUSE,ACTAS QUINCENALES,2016-04-25,NATHALIA CAROLINA MORENO ORDOÑEZ,02/05/2016,08/08/2017,2.0,2.0,205210.7983,38990.05168,488401.7,9829073.7287,11696597.73713,8,244200.85,244200.85,Abierto,C1,Suministro Instalacion,MADERFORMAS S A S,830126784,OLGA LUCIA PALACIOS CASAS,administracion@maderformas.net,CR 116 14 B 90,7447028,A,0,BOGOTÁ D.C.,1630.0,"Fabricación de partes y piezas de madera, de carpintería y ebanistería para la construcción.",Activo,,,,,,J,Puerta Melaminica Solida Marco en Madera (Vestier),315.0,Carpinteria Madera,C,Subcontratos,Un,unidad,ACTIVO,NO,0.0,NO,NO,0.0,0.0,503881.9,19.0,599619.461,2330.0,16004,PDA CLUB HOUSE,Puerta Madera Vestier,2.0,875666.4,0,,und,0,SI,SI,NO,NO,SI,NO,
419,PDA CLUB HOUSE,08 EDIFICACIONES Y DOTACION COMUN,ADPRO,En ejecucion,SI,SIN PROPIETARIO,419,PDA CLUB HOUSE,40.0,PDA EDIFICIOS Y DOTACION COMUNAL,5031015,PDA URBANISMO,NO,Principal,GRUPOS,4190014,FABRICACION SUMINISTRO E INSTALACION CARPINTERIA EN MADERA CLUB HOUSE,ACTAS QUINCENALES,2016-04-25,NATHALIA CAROLINA MORENO ORDOÑEZ,02/05/2016,08/08/2017,2.0,2.0,575910.5,109422.995,1370666.99,9829073.7287,11696597.73713,4,685333.495,685333.495,Abierto,C1,Suministro Instalacion,MADERFORMAS S A S,830126784,OLGA LUCIA PALACIOS CASAS,administracion@maderformas.net,CR 116 14 B 90,7447028,A,0,BOGOTÁ D.C.,1630.0,"Fabricación de partes y piezas de madera, de carpintería y ebanistería para la construcción.",Activo,,,,,,J,Puerta Melaminica Solida Marco en Madera (Vestier),315.0,Carpinteria Madera,C,Subcontratos,Un,unidad,ACTIVO,NO,0.0,NO,NO,0.0,0.0,503881.9,19.0,599619.461,2330.0,16004,PDA CLUB HOUSE,Puerta Madera Vestier,2.0,875666.4,0,,und,0,SI,SI,NO,NO,SI,NO,
419,PDA CLUB HOUSE,08 EDIFICACIONES Y DOTACION COMUN,ADPRO,En ejecucion,SI,SIN PROPIETARIO,419,PDA CLUB HOUSE,40.0,PDA EDIFICIOS Y DOTACION COMUNAL,5031015,PDA URBANISMO,NO,Principal,GRUPOS,4190014,FABRICACION SUMINISTRO E INSTALACION CARPINTERIA EN MADERA CLUB HOUSE,ACTAS QUINCENALES,2016-04-25,NATHALIA CAROLINA MORENO ORDOÑEZ,02/05/2016,08/08/2017,1.0,1.0,583467.8966,110858.90035,694326.79695,9829073.7287,11696597.73713,1,694326.796954,694326.796954,Abierto,C1,Suministro Instalacion,MADERFORMAS S A S,830126784,OLGA LUCIA PALACIOS CASAS,administracion@maderformas.net,CR 116 14 B 90,7447028,A,0,BOGOTÁ D.C.,1630.0,"Fabricación de partes y piezas de madera, de carpintería y ebanistería para la construcción.",Activo,,,,,,J,Puerta Melaminica Solida Marco en Madera (Baños),315.0,Carpinteria Madera,C,Subcontratos,Un,unidad,ACTIVO,NO,0.0,NO,NO,0.0,0.0,291212.07,19.0,346542.3633,2324.0,16001,PDA CLUB HOUSE,Puerta Madera 0.80 a 0.75 x 2.44,2.0,875666.4,0,,und,0,SI,SI,NO,NO,SI,NO,
250,PDA EDIFICIOS Y DOTACION COMUNAL ETAPA 5,08 EDIFICACIONES Y DOTACION COMUN,ADPRO,En ejecucion,SI,SIN PROPIETARIO,250,PDA EDIFICIOS Y DOTACION COMUNAL ETAPA 5,40.0,PDA EDIFICIOS Y DOTACION COMUNAL,5031015,PDA URBANISMO,NO,Principal,GRUPOS,2500023,"FABRICACION, SUMINISTRO E INSTALACION JUEGO INFANTIL Proyección 102 casas",Actas de Obra Quincenales,2016-10-18,RENE ALEJANDRO MELO JIMENEZ,18/10/2016,03/03/2017,1.4757894737,0.0,9500000.0,1805000.0,0.0,0.0,0.0,1,11305000.0,11305000.0,Abierto,H1,Orden de T/S - 4,PRODESA S.A.S.,800141025,MARTHA CRISTINA LABRADOR,mclabrador@prodesa.com.co,CR 7  73 55 P14,3139030,A,30,BOGOTÁ D.C.,,,Activo,,,,,,J,Juego Infantil Metalico,341.0,Dotacion Deportiva,C,Subcontratos,Un,unidad,ACTIVO,NO,0.0,NO,NO,0.0,0.0,8275862.07,19.0,9848275.8633,4177.0,24001,MOBILIARIO URBANO,Juegos Infantil: Parque Metalico Escalerita 8x6m,3.0,33060000.0,0,,und,0,SI,SI,NO,NO,SI,NO,
250,PDA EDIFICIOS Y DOTACION COMUNAL ETAPA 5,08 EDIFICACIONES Y DOTACION COMUN,ADPRO,En ejecucion,SI,SIN PROPIETARIO,250,PDA EDIFICIOS Y DOTACION COMUNAL ETAPA 5,40.0,PDA EDIFICIOS Y DOTACION COMUNAL,5031015,PDA URBANISMO,NO,Principal,GRUPOS,2500028,"SISTEMA DE CONTROL DE ACCESO, SEGURIDAD CCTV Y CERCA ELECTRICA KATIOS Proyeccion",Actas de Obra Quincenales,2016-11-30,RENE ALEJANDRO MELO JIMENEZ,01/12/2016,30/03/2017,3.0,0.0,268128.0,50944.32,0.0,0.0,0.0,23,319072.32,319072.32,Abierto,C1,Suministro Instalacion,PRODESA S.A.S.,800141025,MARTHA CRISTINA LABRADOR,mclabrador@prodesa.com.co,CR 7  73 55 P14,3139030,A,30,BOGOTÁ D.C.,,,Activo,,,,,,J,Caja Metalica para UPS,322.0,Equipos Dotación,M,Materiales,Un,unidad,ACTIVO,NO,3.0,NO,NO,0.0,0.0,235585.0,19.0,280346.15,8467.0,25012,CUARTO CONTROL,Cuarto de Control,1.0,30000000.0,0,,und,0,SI,SI,NO,NO,SI,NO,
250,PDA EDIFICIOS Y DOTACION COMUNAL ETAPA 5,08 EDIFICACIONES Y DOTACION COMUN,ADPRO,En ejecucion,SI,SIN PROPIETARIO,250,PDA EDIFICIOS Y DOTACION COMUNAL ETAPA 5,40.0,PDA EDIFICIOS Y DOTACION COMUNAL,5031015,PDA URBANISMO,NO,Principal,GRUPOS,2500028,"SISTEMA DE CONTROL DE ACCESO, SEGURIDAD CCTV Y CERCA ELECTRICA KATIOS Proyeccion",Actas de Obra Quincenales,2016-11-30,RENE ALEJANDRO MELO JIMENEZ,01/12/2016,30/03/2017,3.0,0.0,1411200.0,268128.0,0.0,0.0,0.0,26,1679328.0,1679328.0,Abierto,C1,Suministro Instalacion,PRODESA S.A.S.,800141025,MARTHA CRISTINA LABRADOR,mclabrador@prodesa.com.co,CR 7  73 55 P14,3139030,A,30,BOGOTÁ D.C.,,,Activo,,,,,,J,Sistema Pararayos,322.0,Equipos Dotación,C,Subcontratos,Un,unidad,ACTIVO,NO,3.0,NO,NO,0.0,0.0,1415900.0,19.0,1684921.0,8469.0,25012,CUARTO CONTROL,Cuarto de Control,1.0,30000000.0,0,,und,0,SI,SI,NO,NO,SI,NO,
250,PDA EDIFICIOS Y DOTACION COMUNAL ETAPA 5,08 EDIFICACIONES Y DOTACION COMUN,ADPRO,En ejecucion,SI,SIN PROPIETARIO,250,PDA EDIFICIOS Y DOTACION COMUNAL ETAPA 5,40.0,PDA EDIFICIOS Y DOTACION COMUNAL,5031015,PDA URBANISMO,NO,Principal,GRUPOS,2500028,"SISTEMA DE CONTROL DE ACCESO, SEGURIDAD CCTV Y CERCA ELECTRICA KATIOS Proyeccion",Actas de Obra Quincenales,2016-11-30,RENE ALEJANDRO MELO JIMENEZ,01/12/2016,30/03/2017,3.0,0.0,212889.0,40448.91,0.0,0.0,0.0,14,253337.91,253337.91,Abierto,C1,Suministro Instalacion,PRODESA S.A.S.,800141025,MARTHA CRISTINA LABRADOR,mclabrador@prodesa.com.co,CR 7  73 55 P14,3139030,A,30,BOGOTÁ D.C.,,,Activo,,,,,,J,Soporte Domo PTZ,322.0,Equipos Dotación,M,Materiales,Un,unidad,ACTIVO,NO,3.0,NO,NO,0.0,0.0,198600.0,19.0,236334.0,8462.0,25007,SISTEMAS DE SEGURIDAD,Domo Ip PTZ 37x (Inalambrico),2.0,57304557.92,0,,und,0,SI,SI,NO,NO,SI,NO,
250,PDA EDIFICIOS Y DOTACION COMUNAL ETAPA 5,08 EDIFICACIONES Y DOTACION COMUN,ADPRO,En ejecucion,SI,SIN PROPIETARIO,250,PDA EDIFICIOS Y DOTACION COMUNAL ETAPA 5,40.0,PDA EDIFICIOS Y DOTACION COMUNAL,5031015,PDA URBANISMO,NO,Principal,GRUPOS,2500028,"SISTEMA DE CONTROL DE ACCESO, SEGURIDAD CCTV Y CERCA ELECTRICA KATIOS Proyeccion",Actas de Obra Quincenales,2016-11-30,RENE ALEJANDRO MELO JIMENEZ,01/12/2016,30/03/2017,3.0,0.0,3612672.0,686407.68,0.0,0.0,0.0,15,4299079.68,4299079.68,Abierto,C1,Suministro Instalacion,PRODESA S.A.S.,800141025,MARTHA CRISTINA LABRADOR,mclabrador@prodesa.com.co,CR 7  73 55 P14,3139030,A,30,BOGOTÁ D.C.,,,Activo,,,,,,J,Poste Concreto 14 m 750 kg,332.0,Internas Electricas y Comunicaciones,C,Subcontratos,Un,unidad,ACTIVO,NO,3.0,NO,NO,0.0,0.0,3156230.0,19.0,3755913.7,8463.0,25007,SISTEMAS DE SEGURIDAD,Domo Ip PTZ 37x (Inalambrico),2.0,57304557.92,0,,und,0,SI,SI,NO,NO,SI,NO,
250,PDA EDIFICIOS Y DOTACION COMUNAL ETAPA 5,08 EDIFICACIONES Y DOTACION COMUN,ADPRO,En ejecucion,SI,SIN PROPIETARIO,250,PDA EDIFICIOS Y DOTACION COMUNAL ETAPA 5,40.0,PDA EDIFICIOS Y DOTACION COMUNAL,5031015,PDA URBANISMO,NO,Principal,GRUPOS,2500028,"SISTEMA DE CONTROL DE ACCESO, SEGURIDAD CCTV Y CERCA ELECTRICA KATIOS Proyeccion",Actas de Obra Quincenales,2016-11-30,RENE ALEJANDRO MELO JIMENEZ,01/12/2016,30/03/2017,3.0,0.0,5950560.0,1130606.4,0.0,0.0,0.0,13,7081166.4,7081166.4,Abierto,C1,Suministro Instalacion,PRODESA S.A.S.,800141025,MARTHA CRISTINA LABRADOR,mclabrador@prodesa.com.co,CR 7  73 55 P14,3139030,A,30,BOGOTÁ D.C.,,,Activo,,,,,,J,Domo IP PTZ 37x (Inalambrico),338.0,Sistemas CCTV,C,Subcontratos,Un,unidad,ACTIVO,NO,0.0,NO,NO,0.0,0.0,24700240.48,19.0,29393286.1712,4471.0,25007,SISTEMAS DE SEGURIDAD,Domo Ip PTZ 37x (Inalambrico),2.0,57304557.92,0,,und,0,SI,SI,NO,NO,SI,NO,
250,PDA EDIFICIOS Y DOTACION COMUNAL ETAPA 5,08 EDIFICACIONES Y DOTACION COMUN,ADPRO,En ejecucion,SI,SIN PROPIETARIO,250,PDA EDIFICIOS Y DOTACION COMUNAL ETAPA 5,40.0,PDA EDIFICIOS Y DOTACION COMUNAL,5031015,PDA URBANISMO,NO,Principal,GRUPOS,2500028,"SISTEMA DE CONTROL DE ACCESO, SEGURIDAD CCTV Y CERCA ELECTRICA KATIOS Proyeccion",Actas de Obra Quincenales,2016-11-30,RENE ALEJANDRO MELO JIMENEZ,01/12/2016,30/03/2017,1.0,0.0,1716960.0,326222.4,0.0,0.0,0.0,18,2043182.4,2043182.4,Abierto,C1,Suministro Instalacion,PRODESA S.A.S.,800141025,MARTHA CRISTINA LABRADOR,mclabrador@prodesa.com.co,CR 7  73 55 P14,3139030,A,30,BOGOTÁ D.C.,,,Activo,,,,,,J,ODF de fibra,322.0,Equipos Dotación,C,Subcontratos,Un,unidad,ACTIVO,NO,3.0,NO,NO,0.0,0.0,1593200.0,19.0,1895908.0,8466.0,25007,SISTEMAS DE SEGURIDAD,Domo Ip PTZ 37x (Inalambrico),2.0,57304557.92,0,,und,0,SI,SI,NO,NO,SI,NO,
250,PDA EDIFICIOS Y DOTACION COMUNAL ETAPA 5,08 EDIFICACIONES Y DOTACION COMUN,ADPRO,En ejecucion,SI,SIN PROPIETARIO,250,PDA EDIFICIOS Y DOTACION COMUNAL ETAPA 5,40.0,PDA EDIFICIOS Y DOTACION COMUNAL,5031015,PDA URBANISMO,NO,Principal,GRUPOS,2500028,"SISTEMA DE CONTROL DE ACCESO, SEGURIDAD CCTV Y CERCA ELECTRICA KATIOS Proyeccion",Actas de Obra Quincenales,2016-11-30,RENE ALEJANDRO MELO JIMENEZ,01/12/2016,30/03/2017,3.0,0.0,305760.0,58094.4,0.0,0.0,0.0,17,363854.4,363854.4,Abierto,C1,Suministro Instalacion,PRODESA S.A.S.,800141025,MARTHA CRISTINA LABRADOR,mclabrador@prodesa.com.co,CR 7  73 55 P14,3139030,A,30,BOGOTÁ D.C.,,,Activo,,,,,,J,Casseteras De Fibra,322.0,Equipos Dotación,C,Subcontratos,Un,unidad,ACTIVO,NO,3.0,NO,NO,0.0,0.0,312800.0,19.0,372232.0,8465.0,25007,SISTEMAS DE SEGURIDAD,Domo Ip PTZ 37x (Inalambrico),2.0,57304557.92,0,,und,0,SI,SI,NO,NO,SI,NO,
250,PDA EDIFICIOS Y DOTACION COMUNAL ETAPA 5,08 EDIFICACIONES Y DOTACION COMUN,ADPRO,En ejecucion,SI,SIN PROPIETARIO,250,PDA EDIFICIOS Y DOTACION COMUNAL ETAPA 5,40.0,PDA EDIFICIOS Y DOTACION COMUNAL,5031015,PDA URBANISMO,NO,Principal,GRUPOS,2500024,FABRICACION SUMINISTRO E INSTALACION CARPINTERIA DE MADERA PORTERIA KATIOS,Actas de Obra Quincenales,2016-10-19,RENE ALEJANDRO MELO JIMENEZ,19/10/2016,08/03/2017,1.0,1.0,461335.1983,87653.68768,548988.886,9652901.7071,11486953.0315,1,548988.886,548988.886,Abierto,C2,Fabricacion Suministro Instalacion,MADERFORMAS S A S,830126784,OLGA LUCIA PALACIOS CASAS,administracion@maderformas.net,CR 116 14 B 90,7447028,A,0,BOGOTÁ D.C.,1630.0,"Fabricación de partes y piezas de madera, de carpintería y ebanistería para la construcción.",Activo,,,,,,J,Puerta Melaminica Solida Marco en Madera (Alcobas),315.0,Carpinteria Madera,C,Subcontratos,Un,unidad,ACTIVO,NO,0.0,NO,NO,0.0,0.0,377225.0,19.0,448897.75,2321.0,15002,PORTERIA,Puerta (0.85x2.41x0.12) Marco Madera,1.0,465876.0,0,,und,0,SI,SI,NO,NO,SI,NO,
250,PDA EDIFICIOS Y DOTACION COMUNAL ETAPA 5,08 EDIFICACIONES Y DOTACION COMUN,ADPRO,En ejecucion,SI,SIN PROPIETARIO,250,PDA EDIFICIOS Y DOTACION COMUNAL ETAPA 5,40.0,PDA EDIFICIOS Y DOTACION COMUNAL,5031015,PDA URBANISMO,NO,Principal,GRUPOS,2500028,"SISTEMA DE CONTROL DE ACCESO, SEGURIDAD CCTV Y CERCA ELECTRICA KATIOS Proyeccion",Actas de Obra Quincenales,2016-11-30,RENE ALEJANDRO MELO JIMENEZ,01/12/2016,30/03/2017,3.0,0.0,1210809.6034,230053.82465,0.0,0.0,0.0,16,1440863.428,1440863.428,Abierto,C1,Suministro Instalacion,PRODESA S.A.S.,800141025,MARTHA CRISTINA LABRADOR,mclabrador@prodesa.com.co,CR 7  73 55 P14,3139030,A,30,BOGOTÁ D.C.,,,Activo,,,,,,J,Tranceptor De Fibra Domos PTZ,322.0,Equipos Dotación,C,Subcontratos,Un,unidad,ACTIVO,NO,3.0,NO,NO,0.0,0.0,1136500.0,19.0,1352435.0,8464.0,25007,SISTEMAS DE SEGURIDAD,Domo Ip PTZ 37x (Inalambrico),2.0,57304557.92,0,,und,0,SI,SI,NO,NO,SI,NO,
250,PDA EDIFICIOS Y DOTACION COMUNAL ETAPA 5,08 EDIFICACIONES Y DOTACION COMUN,ADPRO,En ejecucion,SI,SIN PROPIETARIO,250,PDA EDIFICIOS Y DOTACION COMUNAL ETAPA 5,40.0,PDA EDIFICIOS Y DOTACION COMUNAL,5031015,PDA URBANISMO,NO,Principal,GRUPOS,2500024,FABRICACION SUMINISTRO E INSTALACION CARPINTERIA DE MADERA PORTERIA KATIOS,Actas de Obra Quincenales,2016-10-19,RENE ALEJANDRO MELO JIMENEZ,19/10/2016,08/03/2017,5.0,5.0,461335.1983,87653.68768,2744944.43,9652901.7071,11486953.0315,2,548988.886,548988.886,Abierto,C2,Fabricacion Suministro Instalacion,MADERFORMAS S A S,830126784,OLGA LUCIA PALACIOS CASAS,administracion@maderformas.net,CR 116 14 B 90,7447028,A,0,BOGOTÁ D.C.,1630.0,"Fabricación de partes y piezas de madera, de carpintería y ebanistería para la construcción.",Activo,,,,,,J,Puerta Melaminica Solida Marco en Madera (Baños),315.0,Carpinteria Madera,C,Subcontratos,Un,unidad,ACTIVO,NO,0.0,NO,NO,0.0,0.0,291212.07,19.0,346542.3633,2324.0,15003,PORTERIA,Puerta Baños (0.75x2.41x0.12) Marco Madera,6.0,2795256.0,0,,und,0,SI,SI,NO,NO,SI,NO,
337,PDA LOCATIVAS,10 OBRAS EJECUCION DE GARANTIAS,ADPRO,En ejecucion,SI,SIN PROPIETARIO,337,PDA LOCATIVAS,25.0,PDA GENERALES NO ASIGNADOS,5032010,PDA GG NO ASIGNADOS,NO,Principal,GRUPOS,3370150,"ARREGLOS LOCATIVOS GUARDAESCOBA, PUERTA PRINCIPAL, MARCOS PUERTAS Y ESCALERAS FARALLONES 30 Y 42",Actas de Obra Quincenales,2016-10-31,RENE ALEJANDRO MELO JIMENEZ,31/10/2016,31/12/2016,2.0,2.0,170000.0,32300.0,404600.0,3425717.0676,4076603.3104,5,202300.0,202300.0,Abierto,H1,Orden de T/S - 4,MADERFORMAS S A S,830126784,OLGA LUCIA PALACIOS CASAS,administracion@maderformas.net,CR 116 14 B 90,7447028,A,0,BOGOTÁ D.C.,1630.0,"Fabricación de partes y piezas de madera, de carpintería y ebanistería para la construcción.",Activo,,,,,,J,Carpinteria Madera Locativas,384.0,Locativas,C,Subcontratos,Un,unidad,ACTIVO,NO,0.0,NO,NO,0.0,0.0,8620.69,19.0,10258.6211,4727.0,5009,PDA LOCATIVAS FARALLONES,Carpinteria Madera Town House Esquinera,36.0,2664000.0,0,,und,0,SI,SI,NO,NO,SI,NO,
337,PDA LOCATIVAS,10 OBRAS EJECUCION DE GARANTIAS,ADPRO,En ejecucion,SI,SIN PROPIETARIO,337,PDA LOCATIVAS,25.0,PDA GENERALES NO ASIGNADOS,5032010,PDA GG NO ASIGNADOS,NO,Principal,GRUPOS,3370150,"ARREGLOS LOCATIVOS GUARDAESCOBA, PUERTA PRINCIPAL, MARCOS PUERTAS Y ESCALERAS FARALLONES 30 Y 42",Actas de Obra Quincenales,2016-10-31,RENE ALEJANDRO MELO JIMENEZ,31/10/2016,31/12/2016,15.0,15.0,39460.1034,7497.41965,704362.845,3425717.0676,4076603.3104,1,46957.523,46957.523,Abierto,H1,Orden de T/S - 4,MADERFORMAS S A S,830126784,OLGA LUCIA PALACIOS CASAS,administracion@maderformas.net,CR 116 14 B 90,7447028,A,0,BOGOTÁ D.C.,1630.0,"Fabricación de partes y piezas de madera, de carpintería y ebanistería para la construcción.",Activo,,,,,,J,Carpinteria Madera Locativas,384.0,Locativas,C,Subcontratos,Un,unidad,ACTIVO,NO,0.0,NO,NO,0.0,0.0,8620.69,19.0,10258.6211,4727.0,5009,PDA LOCATIVAS FARALLONES,Carpinteria Madera Town House Esquinera,36.0,2664000.0,0,,und,0,SI,SI,NO,NO,SI,NO,
337,PDA LOCATIVAS,10 OBRAS EJECUCION DE GARANTIAS,ADPRO,En ejecucion,SI,SIN PROPIETARIO,337,PDA LOCATIVAS,25.0,PDA GENERALES NO ASIGNADOS,5032010,PDA GG NO ASIGNADOS,NO,Principal,GRUPOS,3370150,"ARREGLOS LOCATIVOS GUARDAESCOBA, PUERTA PRINCIPAL, MARCOS PUERTAS Y ESCALERAS FARALLONES 30 Y 42",Actas de Obra Quincenales,2016-10-31,RENE ALEJANDRO MELO JIMENEZ,31/10/2016,31/12/2016,5.0,5.0,251687.931,47820.70689,1497543.1895,3425717.0676,4076603.3104,3,299508.6379,299508.6379,Abierto,H1,Orden de T/S - 4,MADERFORMAS S A S,830126784,OLGA LUCIA PALACIOS CASAS,administracion@maderformas.net,CR 116 14 B 90,7447028,A,0,BOGOTÁ D.C.,1630.0,"Fabricación de partes y piezas de madera, de carpintería y ebanistería para la construcción.",Activo,,,,,,J,Carpinteria Madera Locativas,384.0,Locativas,C,Subcontratos,Un,unidad,ACTIVO,NO,0.0,NO,NO,0.0,0.0,8620.69,19.0,10258.6211,4727.0,5009,PDA LOCATIVAS FARALLONES,Carpinteria Madera Town House Esquinera,36.0,2664000.0,0,,und,0,SI,SI,NO,NO,SI,NO,
337,PDA LOCATIVAS,10 OBRAS EJECUCION DE GARANTIAS,ADPRO,En ejecucion,SI,SIN PROPIETARIO,337,PDA LOCATIVAS,25.0,PDA GENERALES NO ASIGNADOS,5032010,PDA GG NO ASIGNADOS,NO,Principal,GRUPOS,3370150,"ARREGLOS LOCATIVOS GUARDAESCOBA, PUERTA PRINCIPAL, MARCOS PUERTAS Y ESCALERAS FARALLONES 30 Y 42",Actas de Obra Quincenales,2016-10-31,RENE ALEJANDRO MELO JIMENEZ,31/10/2016,31/12/2016,2.0,2.0,256264.6552,48690.28449,609909.8794,3425717.0676,4076603.3104,2,304954.9397,304954.9397,Abierto,H1,Orden de T/S - 4,MADERFORMAS S A S,830126784,OLGA LUCIA PALACIOS CASAS,administracion@maderformas.net,CR 116 14 B 90,7447028,A,0,BOGOTÁ D.C.,1630.0,"Fabricación de partes y piezas de madera, de carpintería y ebanistería para la construcción.",Activo,,,,,,J,Carpinteria Madera Locativas,384.0,Locativas,C,Subcontratos,Un,unidad,ACTIVO,NO,0.0,NO,NO,0.0,0.0,8620.69,19.0,10258.6211,4727.0,5009,PDA LOCATIVAS FARALLONES,Carpinteria Madera Town House Esquinera,36.0,2664000.0,0,,und,0,SI,SI,NO,NO,SI,NO,
337,PDA LOCATIVAS,10 OBRAS EJECUCION DE GARANTIAS,ADPRO,En ejecucion,SI,SIN PROPIETARIO,337,PDA LOCATIVAS,25.0,PDA GENERALES NO ASIGNADOS,5032010,PDA GG NO ASIGNADOS,NO,Principal,GRUPOS,3370150,"ARREGLOS LOCATIVOS GUARDAESCOBA, PUERTA PRINCIPAL, MARCOS PUERTAS Y ESCALERAS FARALLONES 30 Y 42",Actas de Obra Quincenales,2016-10-31,RENE ALEJANDRO MELO JIMENEZ,31/10/2016,31/12/2016,1.0,1.0,722846.5517,137340.84482,860187.3965,3425717.0676,4076603.3104,4,860187.3965,860187.3965,Abierto,H1,Orden de T/S - 4,MADERFORMAS S A S,830126784,OLGA LUCIA PALACIOS CASAS,administracion@maderformas.net,CR 116 14 B 90,7447028,A,0,BOGOTÁ D.C.,1630.0,"Fabricación de partes y piezas de madera, de carpintería y ebanistería para la construcción.",Activo,,,,,,J,Carpinteria Madera Locativas,384.0,Locativas,C,Subcontratos,Un,unidad,ACTIVO,NO,0.0,NO,NO,0.0,0.0,8620.69,19.0,10258.6211,4727.0,5009,PDA LOCATIVAS FARALLONES,Carpinteria Madera Town House Esquinera,36.0,2664000.0,0,,und,0,SI,SI,NO,NO,SI,NO,
174,PDA PRELIMINARES,05 OBRAS PRELIMINARES,ADPRO,En ejecucion,SI,SIN PROPIETARIO,174,PDA PRELIMINARES,25.0,PDA GENERALES NO ASIGNADOS,5032010,PDA GG NO ASIGNADOS,NO,Principal,GRUPOS,1740275,INSTALACION RED PROVISIONAL AGUA KATIOS- Cierre cto 1740256,Actas de Obra Quincenales,2016-10-04,RENE ALEJANDRO MELO JIMENEZ,04/10/2016,04/10/2016,10.0,0.0,17921.7958,92.86749,0.0,0.0,0.0,6,18014.6633,18014.6633,Abierto,B2,Civil Proceso Constructivo,PRODESA S.A.S.,800141025,MARTHA CRISTINA LABRADOR,mclabrador@prodesa.com.co,CR 7  73 55 P14,3139030,A,30,BOGOTÁ D.C.,,,Activo,,,,,,J,"Registro 1/2""",334.0,Internas Hidrosanitarias,C,Subcontratos,Un,unidad,ACTIVO,NO,0.0,NO,NO,0.0,0.0,22462.07,19.0,26729.8633,2428.0,4001,PRELIMINARES,Obras Provisionales Sanitarias,1.065,81925657.5,0,,Sg,0,SI,SI,NO,NO,SI,NO,
174,PDA PRELIMINARES,05 OBRAS PRELIMINARES,ADPRO,En ejecucion,SI,SIN PROPIETARIO,174,PDA PRELIMINARES,25.0,PDA GENERALES NO ASIGNADOS,5032010,PDA GG NO ASIGNADOS,NO,Principal,GRUPOS,1740275,INSTALACION RED PROVISIONAL AGUA KATIOS- Cierre cto 1740256,Actas de Obra Quincenales,2016-10-04,RENE ALEJANDRO MELO JIMENEZ,04/10/2016,04/10/2016,5.0,0.0,159304.8516,825.48878,0.0,0.0,0.0,8,160130.3404,160130.3404,Abierto,B2,Civil Proceso Constructivo,PRODESA S.A.S.,800141025,MARTHA CRISTINA LABRADOR,mclabrador@prodesa.com.co,CR 7  73 55 P14,3139030,A,30,BOGOTÁ D.C.,,,Activo,,,,,,J,Tee PEAD PE100 PN10 d=110mm,335.0,Redes Enterradas Rejillas Sumideros,M,Materiales,Un,unidad,ACTIVO,NO,3.0,NO,NO,0.0,0.0,49400.0,19.0,58786.0,4990.0,4001,PRELIMINARES,Obras Provisionales Sanitarias,1.065,81925657.5,0,,Sg,0,SI,SI,NO,NO,SI,NO,
174,PDA PRELIMINARES,05 OBRAS PRELIMINARES,ADPRO,En ejecucion,SI,SIN PROPIETARIO,174,PDA PRELIMINARES,25.0,PDA GENERALES NO ASIGNADOS,5032010,PDA GG NO ASIGNADOS,NO,Principal,GRUPOS,1740275,INSTALACION RED PROVISIONAL AGUA KATIOS- Cierre cto 1740256,Actas de Obra Quincenales,2016-10-04,RENE ALEJANDRO MELO JIMENEZ,04/10/2016,04/10/2016,5.0,0.0,53765.3874,278.60246,0.0,0.0,0.0,7,54043.9899,54043.9899,Abierto,B2,Civil Proceso Constructivo,PRODESA S.A.S.,800141025,MARTHA CRISTINA LABRADOR,mclabrador@prodesa.com.co,CR 7  73 55 P14,3139030,A,30,BOGOTÁ D.C.,,,Activo,,,,,,J,Tapon PEAD PN10 d=110mm,335.0,Redes Enterradas Rejillas Sumideros,M,Materiales,Un,unidad,ACTIVO,NO,0.0,NO,NO,0.0,0.0,72655.17,19.0,86459.6523,4577.0,4001,PRELIMINARES,Obras Provisionales Sanitarias,1.065,81925657.5,0,,Sg,0,SI,SI,NO,NO,SI,NO,
174,PDA PRELIMINARES,05 OBRAS PRELIMINARES,ADPRO,En ejecucion,SI,SIN PROPIETARIO,174,PDA PRELIMINARES,25.0,PDA GENERALES NO ASIGNADOS,5032010,PDA GG NO ASIGNADOS,NO,Principal,GRUPOS,1740275,INSTALACION RED PROVISIONAL AGUA KATIOS- Cierre cto 1740256,Actas de Obra Quincenales,2016-10-04,RENE ALEJANDRO MELO JIMENEZ,04/10/2016,04/10/2016,1.0,0.0,34101.1948,176.70619,0.0,0.0,0.0,4,34277.901,34277.901,Abierto,B2,Civil Proceso Constructivo,PRODESA S.A.S.,800141025,MARTHA CRISTINA LABRADOR,mclabrador@prodesa.com.co,CR 7  73 55 P14,3139030,A,30,BOGOTÁ D.C.,,,Activo,,,,,,J,"Collar Derivacion PVC 3x1/2""",335.0,Redes Enterradas Rejillas Sumideros,M,Materiales,Un,unidad,ACTIVO,NO,0.0,NO,NO,0.0,0.0,7077.59,19.0,8422.3321,1059.0,4001,PRELIMINARES,Obras Provisionales Sanitarias,1.065,81925657.5,0,,Sg,0,SI,SI,NO,NO,SI,NO,
174,PDA PRELIMINARES,05 OBRAS PRELIMINARES,ADPRO,En ejecucion,SI,SIN PROPIETARIO,174,PDA PRELIMINARES,25.0,PDA GENERALES NO ASIGNADOS,5032010,PDA GG NO ASIGNADOS,NO,Principal,GRUPOS,1740275,INSTALACION RED PROVISIONAL AGUA KATIOS- Cierre cto 1740256,Actas de Obra Quincenales,2016-10-04,RENE ALEJANDRO MELO JIMENEZ,04/10/2016,04/10/2016,3.0,0.0,17921.7958,92.86749,0.0,0.0,0.0,5,18014.6633,18014.6633,Abierto,B2,Civil Proceso Constructivo,PRODESA S.A.S.,800141025,MARTHA CRISTINA LABRADOR,mclabrador@prodesa.com.co,CR 7  73 55 P14,3139030,A,30,BOGOTÁ D.C.,,,Activo,,,,,,J,"Registro Incorporacion AG d:1/2""",334.0,Internas Hidrosanitarias,M,Materiales,Un,unidad,ACTIVO,NO,0.0,NO,NO,0.0,0.0,12925.0,19.0,15380.75,2435.0,4001,PRELIMINARES,Obras Provisionales Sanitarias,1.065,81925657.5,0,,Sg,0,SI,SI,NO,NO,SI,NO,
174,PDA PRELIMINARES,05 OBRAS PRELIMINARES,ADPRO,En ejecucion,SI,SIN PROPIETARIO,174,PDA PRELIMINARES,25.0,PDA GENERALES NO ASIGNADOS,5032010,PDA GG NO ASIGNADOS,NO,Principal,GRUPOS,1740261,EXAMENES DE INGRESO Y EVALUACION PSICOLOGICA RESIDENTES PDA,ACTAS DE OBRA,2016-02-18,RENE ALEJANDRO MELO JIMENEZ,18/02/2016,15/04/2016,2.0,2.0,1225000.0,196000.0,2842000.0,2450000.0,2842000.0,1,1421000.0,1421000.0,Abierto,F,Honorarios 11,MARGARITA PAEZ Y CONSULTORES S A S,830092031,STELLA GALVIS,contabilidad@mpyc.co,CR 14 90 31 OF 604,6233843,A,30,BOGOTÁ D.C.,7020.0,Actividades de consultaría de gestión.,Activo,,,,,,J,Examen de Ingreso,999.0,Varios,C,Subcontratos,Un,unidad,ACTIVO,NO,3.0,NO,NO,0.0,0.0,775862.07,19.0,923275.8633,4054.0,14002,PRELIMINARES,Examen Medico,1.0,5000000.0,0,,und,0,SI,SI,NO,NO,SI,NO,
337,PDA LOCATIVAS,10 OBRAS EJECUCION DE GARANTIAS,ADPRO,En ejecucion,SI,SIN PROPIETARIO,337,PDA LOCATIVAS,25.0,PDA GENERALES NO ASIGNADOS,5032010,PDA GG NO ASIGNADOS,NO,Principal,GRUPOS,3370142,"RESTAURACION FACHADAS EN LADRILLO CASAS: 28 BARU, 18 ESTORAQUES, 40 FARALLONES, 2 Y 53 GALERAS",Actas de Obra Quincenales,2016-09-05,RENE ALEJANDRO MELO JIMENEZ,02/09/2016,31/12/2016,198.2,198.2,10426.1863,73.81371,2081100.0,11365585.6766,11446050.0,2,10500.0,10500.0,Abierto,B3,Civil Todo Costo,FV ASEO SAS,900268221,JACQUELINE PINILLA LOPEZ,francielevaliente@gmail.com,DG 182 20 91 of. 216 C,4761515,A,15,BOGOTÁ D.C.,8121.0,Limpieza general interior de edificios.,Activo,,,,,,J,Restauracion Muros de Fachada,311.0,Actividades Obra,C,Subcontratos,m2,metro cuadrado,ACTIVO,NO,3.0,NO,NO,0.0,0.0,9310.34,19.0,11079.3046,7111.0,16005,PDA LOCATIVAS BARU,Restauración de Fachadas y ventanería casas PR Baru,1.0,0.0,0,,UD,0,SI,SI,NO,NO,SI,NO,
419,PDA CLUB HOUSE,08 EDIFICACIONES Y DOTACION COMUN,ADPRO,En ejecucion,SI,SIN PROPIETARIO,419,PDA CLUB HOUSE,40.0,PDA EDIFICIOS Y DOTACION COMUNAL,5031015,PDA URBANISMO,NO,Principal,GRUPOS,4190014,FABRICACION SUMINISTRO E INSTALACION CARPINTERIA EN MADERA CLUB HOUSE,ACTAS QUINCENALES,2016-04-25,NATHALIA CAROLINA MORENO ORDOÑEZ,02/05/2016,08/08/2017,2.0,2.0,640057.5042,121610.9258,1523336.86,9829073.7287,11696597.73713,9,761668.43,761668.43,Abierto,C1,Suministro Instalacion,MADERFORMAS S A S,830126784,OLGA LUCIA PALACIOS CASAS,administracion@maderformas.net,CR 116 14 B 90,7447028,A,0,BOGOTÁ D.C.,1630.0,"Fabricación de partes y piezas de madera, de carpintería y ebanistería para la construcción.",Activo,,,,,,J,Puerta Melaminica Solida Marco en Madera (Cocina),315.0,Carpinteria Madera,C,Subcontratos,Un,unidad,ACTIVO,NO,0.0,NO,NO,0.0,0.0,907473.28,19.0,1079893.2032,2328.0,16007,PDA CLUB HOUSE, Puertas Club House,0.0,0.0,0,,Un,0,SI,SI,NO,NO,SI,NO,
337,PDA LOCATIVAS,10 OBRAS EJECUCION DE GARANTIAS,ADPRO,En ejecucion,SI,SIN PROPIETARIO,337,PDA LOCATIVAS,25.0,PDA GENERALES NO ASIGNADOS,5032010,PDA GG NO ASIGNADOS,NO,Principal,GRUPOS,3370142,"RESTAURACION FACHADAS EN LADRILLO CASAS: 28 BARU, 18 ESTORAQUES, 40 FARALLONES, 2 Y 53 GALERAS",Actas de Obra Quincenales,2016-09-05,RENE ALEJANDRO MELO JIMENEZ,02/09/2016,31/12/2016,99.1,99.1,10426.1863,73.81371,1040550.0,11365585.6766,11446050.0,1,10500.0,10500.0,Abierto,B3,Civil Todo Costo,FV ASEO SAS,900268221,JACQUELINE PINILLA LOPEZ,francielevaliente@gmail.com,DG 182 20 91 of. 216 C,4761515,A,15,BOGOTÁ D.C.,8121.0,Limpieza general interior de edificios.,Activo,,,,,,J,Restauracion Muros de Fachada,311.0,Actividades Obra,C,Subcontratos,m2,metro cuadrado,ACTIVO,NO,3.0,NO,NO,0.0,0.0,9310.34,19.0,11079.3046,7111.0,16004,PDA LOCATIVAS ESTORAQUES,Restauración de Fachadas y ventanería casas TH-M Estoraques,1.0,0.0,0,,UD,0,SI,SI,NO,NO,SI,NO,
337,PDA LOCATIVAS,10 OBRAS EJECUCION DE GARANTIAS,ADPRO,En ejecucion,SI,SIN PROPIETARIO,337,PDA LOCATIVAS,25.0,PDA GENERALES NO ASIGNADOS,5032010,PDA GG NO ASIGNADOS,NO,Principal,GRUPOS,3370135,RESTAURACION FACHADAS EN LADRILLO CASAS FARALLONES 41-58-64-65,Actas de Obra Quincenales,2016-07-18,RENE ALEJANDRO MELO JIMENEZ,18/07/2016,31/12/2016,792.8,792.8,10426.1863,73.8137,8324400.0,8265880.4921,8324400.0,1,10500.0,10500.0,Abierto,B,Civil Mano de Obra,FV ASEO SAS,900268221,JACQUELINE PINILLA LOPEZ,francielevaliente@gmail.com,DG 182 20 91 of. 216 C,4761515,A,15,BOGOTÁ D.C.,8121.0,Limpieza general interior de edificios.,Activo,,,,,,J,Restauracion Muros de Fachada,311.0,Actividades Obra,C,Subcontratos,m2,metro cuadrado,ACTIVO,NO,3.0,NO,NO,0.0,0.0,9310.34,19.0,11079.3046,7111.0,16010,PDA LOCATIVAS FARALLONES,Restauración de Fachadas y ventanería casas TH-M Farallones,0.0,0.0,0,,UD,0,SI,SI,NO,NO,SI,NO,
337,PDA LOCATIVAS,10 OBRAS EJECUCION DE GARANTIAS,ADPRO,En ejecucion,SI,SIN PROPIETARIO,337,PDA LOCATIVAS,25.0,PDA GENERALES NO ASIGNADOS,5032010,PDA GG NO ASIGNADOS,NO,Principal,GRUPOS,3370142,"RESTAURACION FACHADAS EN LADRILLO CASAS: 28 BARU, 18 ESTORAQUES, 40 FARALLONES, 2 Y 53 GALERAS",Actas de Obra Quincenales,2016-09-05,RENE ALEJANDRO MELO JIMENEZ,02/09/2016,31/12/2016,198.2,198.2,10426.1863,73.81371,2081100.0,11365585.6766,11446050.0,3,10500.0,10500.0,Abierto,B3,Civil Todo Costo,FV ASEO SAS,900268221,JACQUELINE PINILLA LOPEZ,francielevaliente@gmail.com,DG 182 20 91 of. 216 C,4761515,A,15,BOGOTÁ D.C.,8121.0,Limpieza general interior de edificios.,Activo,,,,,,J,Restauracion Muros de Fachada,311.0,Actividades Obra,C,Subcontratos,m2,metro cuadrado,ACTIVO,NO,3.0,NO,NO,0.0,0.0,9310.34,19.0,11079.3046,7111.0,16010,PDA LOCATIVAS FARALLONES,Restauración de Fachadas y ventanería casas TH-M Farallones,0.0,0.0,0,,UD,0,SI,SI,NO,NO,SI,NO,
419,PDA CLUB HOUSE,08 EDIFICACIONES Y DOTACION COMUN,ADPRO,En ejecucion,SI,SIN PROPIETARIO,419,PDA CLUB HOUSE,40.0,PDA EDIFICIOS Y DOTACION COMUNAL,5031015,PDA URBANISMO,NO,Principal,GRUPOS,4190028,"FABRICACION, SUMINISTRO E INSTALACION PISO DECK EN MADERA TEKA",Anticipo 30% y saldo en Actas de obra Quincenales,2016-11-09,RENE ALEJANDRO MELO JIMENEZ,09/11/2016,30/12/2016,158.0,158.0,206905.1,39311.969,38902296.902,32691005.8,38902296.902,1,246217.069,246217.069,Abierto,C2,Fabricacion Suministro Instalacion,MADERFORMAS S A S,830126784,OLGA LUCIA PALACIOS CASAS,administracion@maderformas.net,CR 116 14 B 90,7447028,A,0,BOGOTÁ D.C.,1630.0,"Fabricación de partes y piezas de madera, de carpintería y ebanistería para la construcción.",Activo,,,,,,J,Deck en Liston Ecomadera RJ-05 sobre Estructura Metalica,321.0,Enchapes Pisos,C,Subcontratos,m2,metro cuadrado,ACTIVO,NO,3.0,NO,NO,0.0,0.0,180000.0,19.0,214200.0,5321.0,21015,PDA CLUB HOUSE,Piso Deck Exterior,0.0,0.0,0,,m2,0,SI,SI,NO,NO,SI,NO,
419,PDA CLUB HOUSE,08 EDIFICACIONES Y DOTACION COMUN,ADPRO,En ejecucion,SI,SIN PROPIETARIO,419,PDA CLUB HOUSE,40.0,PDA EDIFICIOS Y DOTACION COMUNAL,5031015,PDA URBANISMO,NO,Principal,GRUPOS,4190019,SUMINISTRO E INSTALACION PISO LAMINADO RESISTENTE A LA HUMEDAD - CLUB HOUSE,Actas de Obra Quincenales,2016-08-29,RENE ALEJANDRO MELO JIMENEZ,01/09/2016,30/04/2017,85.0,85.0,18318.4874,3480.51261,1852915.0,22263518.605,26493587.1399,10,21799.0,21799.0,Abierto,C1,Suministro Instalacion,VERGARA Y VERGARA INTERNATIONAL SAS,900141968,KAREN VIAFARA,kviafara@vyvinternational.com,CR 70 N 173A 55 BRR SAN JOSE DE BAVARIA,7573783,A,3,BOGOTÁ D.C.,,,Activo,,,,,,J,Mortero Impermeable Emboquillar (Porcelanicos),312.0,Aditivos Quimicos Mantos Impermeabilizantes,M,Materiales,kg,kilogramo,ACTIVO,NO,0.0,NO,NO,0.0,0.0,2206.9,19.0,2626.211,3781.0,20023,PDA CLUB HOUSE,Piso mars-R Plata Zonas humedas,0.0,0.0,0,,m2,0,SI,SI,NO,NO,SI,NO,
337,PDA LOCATIVAS,10 OBRAS EJECUCION DE GARANTIAS,ADPRO,En ejecucion,SI,SIN PROPIETARIO,337,PDA LOCATIVAS,25.0,PDA GENERALES NO ASIGNADOS,5032010,PDA GG NO ASIGNADOS,NO,Principal,GRUPOS,3370142,"RESTAURACION FACHADAS EN LADRILLO CASAS: 28 BARU, 18 ESTORAQUES, 40 FARALLONES, 2 Y 53 GALERAS",Actas de Obra Quincenales,2016-09-05,RENE ALEJANDRO MELO JIMENEZ,02/09/2016,31/12/2016,198.2,198.2,10426.1863,73.81371,2081100.0,11365585.6766,11446050.0,5,10500.0,10500.0,Abierto,B3,Civil Todo Costo,FV ASEO SAS,900268221,JACQUELINE PINILLA LOPEZ,francielevaliente@gmail.com,DG 182 20 91 of. 216 C,4761515,A,15,BOGOTÁ D.C.,8121.0,Limpieza general interior de edificios.,Activo,,,,,,J,Restauracion Muros de Fachada,311.0,Actividades Obra,C,Subcontratos,m2,metro cuadrado,ACTIVO,NO,3.0,NO,NO,0.0,0.0,9310.34,19.0,11079.3046,7111.0,16012,PDA LOCATIVAS IGUAQUE,Restauración de Fachadas y Arreglo Ventaneria,0.0,0.0,0,,m2,0,SI,SI,NO,NO,SI,NO,
337,PDA LOCATIVAS,10 OBRAS EJECUCION DE GARANTIAS,ADPRO,En ejecucion,SI,SIN PROPIETARIO,337,PDA LOCATIVAS,25.0,PDA GENERALES NO ASIGNADOS,5032010,PDA GG NO ASIGNADOS,NO,Principal,GRUPOS,3370142,"RESTAURACION FACHADAS EN LADRILLO CASAS: 28 BARU, 18 ESTORAQUES, 40 FARALLONES, 2 Y 53 GALERAS",Actas de Obra Quincenales,2016-09-05,RENE ALEJANDRO MELO JIMENEZ,02/09/2016,31/12/2016,396.4,396.4,10426.1863,73.81371,4162200.0,11365585.6766,11446050.0,4,10500.0,10500.0,Abierto,B3,Civil Todo Costo,FV ASEO SAS,900268221,JACQUELINE PINILLA LOPEZ,francielevaliente@gmail.com,DG 182 20 91 of. 216 C,4761515,A,15,BOGOTÁ D.C.,8121.0,Limpieza general interior de edificios.,Activo,,,,,,J,Restauracion Muros de Fachada,311.0,Actividades Obra,C,Subcontratos,m2,metro cuadrado,ACTIVO,NO,3.0,NO,NO,0.0,0.0,9310.34,19.0,11079.3046,7111.0,16011,PDA LOCATIVAS GALERAS,Restauración de Fachadas y Arreglo Ventaneria,0.0,0.0,0,,m2,0,SI,SI,NO,NO,SI,NO,
419,PDA CLUB HOUSE,08 EDIFICACIONES Y DOTACION COMUN,ADPRO,En ejecucion,SI,SIN PROPIETARIO,419,PDA CLUB HOUSE,40.0,PDA EDIFICIOS Y DOTACION COMUNAL,5031015,PDA URBANISMO,NO,Principal,GRUPOS,4190014,FABRICACION SUMINISTRO E INSTALACION CARPINTERIA EN MADERA CLUB HOUSE,ACTAS QUINCENALES,2016-04-25,NATHALIA CAROLINA MORENO ORDOÑEZ,02/05/2016,08/08/2017,1.0,1.0,1025836.0,194908.84,1220744.84,9829073.7287,11696597.73713,5,1220744.84,1220744.84,Abierto,C1,Suministro Instalacion,MADERFORMAS S A S,830126784,OLGA LUCIA PALACIOS CASAS,administracion@maderformas.net,CR 116 14 B 90,7447028,A,0,BOGOTÁ D.C.,1630.0,"Fabricación de partes y piezas de madera, de carpintería y ebanistería para la construcción.",Activo,,,,,,J,"Puerta Solida y Marco en Melaminico, Sin Cabezal",315.0,Carpinteria Madera,C,Subcontratos,Un,unidad,ACTIVO,NO,3.0,NO,NO,0.0,0.0,582198.28,19.0,692815.9532,6197.0,16007,PDA CLUB HOUSE, Puertas Club House,0.0,0.0,0,,Un,0,SI,SI,NO,NO,SI,NO,
419,PDA CLUB HOUSE,08 EDIFICACIONES Y DOTACION COMUN,ADPRO,En ejecucion,SI,SIN PROPIETARIO,419,PDA CLUB HOUSE,40.0,PDA EDIFICIOS Y DOTACION COMUNAL,5031015,PDA URBANISMO,NO,Principal,GRUPOS,4190014,FABRICACION SUMINISTRO E INSTALACION CARPINTERIA EN MADERA CLUB HOUSE,ACTAS QUINCENALES,2016-04-25,NATHALIA CAROLINA MORENO ORDOÑEZ,02/05/2016,08/08/2017,1.0,1.0,583467.8966,110858.90035,694326.79695,9829073.7287,11696597.73713,6,694326.796954,694326.796954,Abierto,C1,Suministro Instalacion,MADERFORMAS S A S,830126784,OLGA LUCIA PALACIOS CASAS,administracion@maderformas.net,CR 116 14 B 90,7447028,A,0,BOGOTÁ D.C.,1630.0,"Fabricación de partes y piezas de madera, de carpintería y ebanistería para la construcción.",Activo,,,,,,J,Puerta Melaminica Solida Marco en Madera (Cocina),315.0,Carpinteria Madera,C,Subcontratos,Un,unidad,ACTIVO,NO,0.0,NO,NO,0.0,0.0,907473.28,19.0,1079893.2032,2328.0,16007,PDA CLUB HOUSE, Puertas Club House,0.0,0.0,0,,Un,0,SI,SI,NO,NO,SI,NO,
419,PDA CLUB HOUSE,08 EDIFICACIONES Y DOTACION COMUN,ADPRO,En ejecucion,SI,SIN PROPIETARIO,419,PDA CLUB HOUSE,40.0,PDA EDIFICIOS Y DOTACION COMUNAL,5031015,PDA URBANISMO,NO,Principal,GRUPOS,4190027,"FBRICACION SUMINISTRO E INSTALACION MUEBLES COCINA, ESCALERAS Y CIELORASO EN MADERA",Anticipo 30% Saldo en actas de Obra,2016-11-02,RENE ALEJANDRO MELO JIMENEZ,01/11/2016,30/12/2016,1.0,1.0,4154145.1983,789287.58768,4943432.786,32167553.4813,38279388.6428,5,4943432.786,4943432.786,Abierto,C2,Fabricacion Suministro Instalacion,MADERFORMAS S A S,830126784,OLGA LUCIA PALACIOS CASAS,administracion@maderformas.net,CR 116 14 B 90,7447028,A,0,BOGOTÁ D.C.,1630.0,"Fabricación de partes y piezas de madera, de carpintería y ebanistería para la construcción.",Activo,,,,,,J,Escalera Madera,315.0,Carpinteria Madera,C,Subcontratos,Un,unidad,ACTIVO,NO,3.0,NO,NO,0.0,0.0,732758.62,19.0,871982.7578,6290.0,20024,PDA CLUB HOUSE,Escalera en Madera,0.0,0.0,0,,Un,0,SI,SI,NO,NO,SI,NO,
419,PDA CLUB HOUSE,08 EDIFICACIONES Y DOTACION COMUN,ADPRO,En ejecucion,SI,SIN PROPIETARIO,419,PDA CLUB HOUSE,40.0,PDA EDIFICIOS Y DOTACION COMUNAL,5031015,PDA URBANISMO,NO,Principal,GRUPOS,4190027,"FBRICACION SUMINISTRO E INSTALACION MUEBLES COCINA, ESCALERAS Y CIELORASO EN MADERA",Anticipo 30% Saldo en actas de Obra,2016-11-02,RENE ALEJANDRO MELO JIMENEZ,01/11/2016,30/12/2016,1.0,1.0,5901087.3017,1121206.58732,7022293.889,32167553.4813,38279388.6428,6,7022293.889,7022293.889,Abierto,C2,Fabricacion Suministro Instalacion,MADERFORMAS S A S,830126784,OLGA LUCIA PALACIOS CASAS,administracion@maderformas.net,CR 116 14 B 90,7447028,A,0,BOGOTÁ D.C.,1630.0,"Fabricación de partes y piezas de madera, de carpintería y ebanistería para la construcción.",Activo,,,,,,J,Escalera Madera,315.0,Carpinteria Madera,C,Subcontratos,Un,unidad,ACTIVO,NO,3.0,NO,NO,0.0,0.0,732758.62,19.0,871982.7578,6290.0,20024,PDA CLUB HOUSE,Escalera en Madera,0.0,0.0,0,,Un,0,SI,SI,NO,NO,SI,NO,
250,PDA EDIFICIOS Y DOTACION COMUNAL ETAPA 5,08 EDIFICACIONES Y DOTACION COMUN,ADPRO,En ejecucion,SI,SIN PROPIETARIO,250,PDA EDIFICIOS Y DOTACION COMUNAL ETAPA 5,40.0,PDA EDIFICIOS Y DOTACION COMUNAL,5031015,PDA URBANISMO,NO,Principal,GRUPOS,2500024,FABRICACION SUMINISTRO E INSTALACION CARPINTERIA DE MADERA PORTERIA KATIOS,Actas de Obra Quincenales,2016-10-19,RENE ALEJANDRO MELO JIMENEZ,19/10/2016,08/03/2017,1.0,1.0,1128014.6552,214322.78449,1342337.4397,9652901.7071,11486953.0315,5,1342337.4397,1342337.4397,Abierto,C2,Fabricacion Suministro Instalacion,MADERFORMAS S A S,830126784,OLGA LUCIA PALACIOS CASAS,administracion@maderformas.net,CR 116 14 B 90,7447028,A,0,BOGOTÁ D.C.,1630.0,"Fabricación de partes y piezas de madera, de carpintería y ebanistería para la construcción.",Activo,,,,,,J,Mueble Cocina Melaminico,315.0,Carpinteria Madera,C,Subcontratos,Un,unidad,ACTIVO,NO,3.0,NO,NO,0.0,0.0,708600.0,19.0,843234.0,7775.0,15014,SALON COMUNAL,Mueble cocineta,0.0,0.0,0,,Un,0,SI,SI,NO,NO,SI,NO,
250,PDA EDIFICIOS Y DOTACION COMUNAL ETAPA 5,08 EDIFICACIONES Y DOTACION COMUN,ADPRO,En ejecucion,SI,SIN PROPIETARIO,250,PDA EDIFICIOS Y DOTACION COMUNAL ETAPA 5,40.0,PDA EDIFICIOS Y DOTACION COMUNAL,5031015,PDA URBANISMO,NO,Principal,GRUPOS,2500024,FABRICACION SUMINISTRO E INSTALACION CARPINTERIA DE MADERA PORTERIA KATIOS,Actas de Obra Quincenales,2016-10-19,RENE ALEJANDRO MELO JIMENEZ,19/10/2016,08/03/2017,1.0,1.0,2865115.5172,544371.94827,3409487.4655,9652901.7071,11486953.0315,3,3409487.4655,3409487.4655,Abierto,C2,Fabricacion Suministro Instalacion,MADERFORMAS S A S,830126784,OLGA LUCIA PALACIOS CASAS,administracion@maderformas.net,CR 116 14 B 90,7447028,A,0,BOGOTÁ D.C.,1630.0,"Fabricación de partes y piezas de madera, de carpintería y ebanistería para la construcción.",Activo,,,,,,J,Mueble MDF Sobreponer Ref Superior,315.0,Carpinteria Madera,C,Subcontratos,m,metro,ACTIVO,NO,0.0,NO,NO,0.0,0.0,732758.6207,19.0,871982.7586,2052.0,15012,PORTERIA,"Mueble en ""L""",0.0,0.0,0,,Un,0,SI,SI,NO,NO,SI,NO,
419,PDA CLUB HOUSE,08 EDIFICACIONES Y DOTACION COMUN,ADPRO,En ejecucion,SI,SIN PROPIETARIO,419,PDA CLUB HOUSE,40.0,PDA EDIFICIOS Y DOTACION COMUNAL,5031015,PDA URBANISMO,NO,Principal,GRUPOS,4190014,FABRICACION SUMINISTRO E INSTALACION CARPINTERIA EN MADERA CLUB HOUSE,ACTAS QUINCENALES,2016-04-25,NATHALIA CAROLINA MORENO ORDOÑEZ,02/05/2016,08/08/2017,1.0,1.0,1025836.0,194908.84,1220744.84,9829073.7287,11696597.73713,7,1220744.84,1220744.84,Abierto,C1,Suministro Instalacion,MADERFORMAS S A S,830126784,OLGA LUCIA PALACIOS CASAS,administracion@maderformas.net,CR 116 14 B 90,7447028,A,0,BOGOTÁ D.C.,1630.0,"Fabricación de partes y piezas de madera, de carpintería y ebanistería para la construcción.",Activo,,,,,,J,Puerta Melaminica Solida Marco en Madera (Baños),315.0,Carpinteria Madera,C,Subcontratos,Un,unidad,ACTIVO,NO,0.0,NO,NO,0.0,0.0,291212.07,19.0,346542.3633,2324.0,16007,PDA CLUB HOUSE, Puertas Club House,0.0,0.0,0,,Un,0,SI,SI,NO,NO,SI,NO,
250,PDA EDIFICIOS Y DOTACION COMUNAL ETAPA 5,08 EDIFICACIONES Y DOTACION COMUN,ADPRO,En ejecucion,SI,SIN PROPIETARIO,250,PDA EDIFICIOS Y DOTACION COMUNAL ETAPA 5,40.0,PDA EDIFICIOS Y DOTACION COMUNAL,5031015,PDA URBANISMO,NO,Principal,GRUPOS,2500024,FABRICACION SUMINISTRO E INSTALACION CARPINTERIA DE MADERA PORTERIA KATIOS,Actas de Obra Quincenales,2016-10-19,RENE ALEJANDRO MELO JIMENEZ,19/10/2016,08/03/2017,1.0,1.0,2891760.3448,549434.46551,3441194.8103,9652901.7071,11486953.0315,4,3441194.8103,3441194.8103,Abierto,C2,Fabricacion Suministro Instalacion,MADERFORMAS S A S,830126784,OLGA LUCIA PALACIOS CASAS,administracion@maderformas.net,CR 116 14 B 90,7447028,A,0,BOGOTÁ D.C.,1630.0,"Fabricación de partes y piezas de madera, de carpintería y ebanistería para la construcción.",Activo,,,,,,J,Mueble Casillero Porteria,315.0,Carpinteria Madera,C,Subcontratos,m,metro,ACTIVO,NO,0.0,NO,NO,0.0,0.0,1479956.9,19.0,1761148.711,3806.0,15013,PORTERIA,Casillero,0.0,0.0,0,,Un,0,SI,SI,NO,NO,SI,NO,
419,PDA CLUB HOUSE,08 EDIFICACIONES Y DOTACION COMUN,ADPRO,En ejecucion,SI,SIN PROPIETARIO,419,PDA CLUB HOUSE,40.0,PDA EDIFICIOS Y DOTACION COMUNAL,5031015,PDA URBANISMO,NO,Principal,GRUPOS,4190027,"FBRICACION SUMINISTRO E INSTALACION MUEBLES COCINA, ESCALERAS Y CIELORASO EN MADERA",Anticipo 30% Saldo en actas de Obra,2016-11-02,RENE ALEJANDRO MELO JIMENEZ,01/11/2016,30/12/2016,1.0,1.0,345338.6975,65614.35253,410953.05,32167553.4813,38279388.6428,9,410953.05,410953.05,Abierto,C2,Fabricacion Suministro Instalacion,MADERFORMAS S A S,830126784,OLGA LUCIA PALACIOS CASAS,administracion@maderformas.net,CR 116 14 B 90,7447028,A,0,BOGOTÁ D.C.,1630.0,"Fabricación de partes y piezas de madera, de carpintería y ebanistería para la construcción.",Activo,,,,,,J,Mueble Bajo Cocina,315.0,Carpinteria Madera,C,Subcontratos,m,metro,ACTIVO,NO,0.0,NO,NO,0.0,0.0,232758.62,19.0,276982.7578,4696.0,18008,PDA CLUB HOUSE,Muebles Cocina,0.0,0.0,0,,Un,0,SI,SI,NO,NO,SI,NO,
419,PDA CLUB HOUSE,08 EDIFICACIONES Y DOTACION COMUN,ADPRO,En ejecucion,SI,SIN PROPIETARIO,419,PDA CLUB HOUSE,40.0,PDA EDIFICIOS Y DOTACION COMUNAL,5031015,PDA URBANISMO,NO,Principal,GRUPOS,4190027,"FBRICACION SUMINISTRO E INSTALACION MUEBLES COCINA, ESCALERAS Y CIELORASO EN MADERA",Anticipo 30% Saldo en actas de Obra,2016-11-02,RENE ALEJANDRO MELO JIMENEZ,01/11/2016,30/12/2016,1.0,1.0,1249231.6034,237354.00465,1486585.608,32167553.4813,38279388.6428,3,1486585.608,1486585.608,Abierto,C2,Fabricacion Suministro Instalacion,MADERFORMAS S A S,830126784,OLGA LUCIA PALACIOS CASAS,administracion@maderformas.net,CR 116 14 B 90,7447028,A,0,BOGOTÁ D.C.,1630.0,"Fabricación de partes y piezas de madera, de carpintería y ebanistería para la construcción.",Activo,,,,,,J,Mueble Bajo Cocina,315.0,Carpinteria Madera,C,Subcontratos,m,metro,ACTIVO,NO,0.0,NO,NO,0.0,0.0,232758.62,19.0,276982.7578,4696.0,18008,PDA CLUB HOUSE,Muebles Cocina,0.0,0.0,0,,Un,0,SI,SI,NO,NO,SI,NO,
419,PDA CLUB HOUSE,08 EDIFICACIONES Y DOTACION COMUN,ADPRO,En ejecucion,SI,SIN PROPIETARIO,419,PDA CLUB HOUSE,40.0,PDA EDIFICIOS Y DOTACION COMUNAL,5031015,PDA URBANISMO,NO,Principal,GRUPOS,4190027,"FBRICACION SUMINISTRO E INSTALACION MUEBLES COCINA, ESCALERAS Y CIELORASO EN MADERA",Anticipo 30% Saldo en actas de Obra,2016-11-02,RENE ALEJANDRO MELO JIMENEZ,01/11/2016,30/12/2016,1.0,1.0,1600512.1008,304097.29915,1904609.4,32167553.4813,38279388.6428,8,1904609.4,1904609.4,Abierto,C2,Fabricacion Suministro Instalacion,MADERFORMAS S A S,830126784,OLGA LUCIA PALACIOS CASAS,administracion@maderformas.net,CR 116 14 B 90,7447028,A,0,BOGOTÁ D.C.,1630.0,"Fabricación de partes y piezas de madera, de carpintería y ebanistería para la construcción.",Activo,,,,,,J,Mueble Bajo Cocina,315.0,Carpinteria Madera,C,Subcontratos,m,metro,ACTIVO,NO,0.0,NO,NO,0.0,0.0,232758.62,19.0,276982.7578,4696.0,18008,PDA CLUB HOUSE,Muebles Cocina,0.0,0.0,0,,Un,0,SI,SI,NO,NO,SI,NO,
419,PDA CLUB HOUSE,08 EDIFICACIONES Y DOTACION COMUN,ADPRO,En ejecucion,SI,SIN PROPIETARIO,419,PDA CLUB HOUSE,40.0,PDA EDIFICIOS Y DOTACION COMUNAL,5031015,PDA URBANISMO,NO,Principal,GRUPOS,4190027,"FBRICACION SUMINISTRO E INSTALACION MUEBLES COCINA, ESCALERAS Y CIELORASO EN MADERA",Anticipo 30% Saldo en actas de Obra,2016-11-02,RENE ALEJANDRO MELO JIMENEZ,01/11/2016,30/12/2016,1.0,1.0,934864.1983,177624.19768,1112488.396,32167553.4813,38279388.6428,4,1112488.396,1112488.396,Abierto,C2,Fabricacion Suministro Instalacion,MADERFORMAS S A S,830126784,OLGA LUCIA PALACIOS CASAS,administracion@maderformas.net,CR 116 14 B 90,7447028,A,0,BOGOTÁ D.C.,1630.0,"Fabricación de partes y piezas de madera, de carpintería y ebanistería para la construcción.",Activo,,,,,,J,Mueble Bajo Cocina,315.0,Carpinteria Madera,C,Subcontratos,m,metro,ACTIVO,NO,0.0,NO,NO,0.0,0.0,232758.62,19.0,276982.7578,4696.0,18008,PDA CLUB HOUSE,Muebles Cocina,0.0,0.0,0,,Un,0,SI,SI,NO,NO,SI,NO,
419,PDA CLUB HOUSE,08 EDIFICACIONES Y DOTACION COMUN,ADPRO,En ejecucion,SI,SIN PROPIETARIO,419,PDA CLUB HOUSE,40.0,PDA EDIFICIOS Y DOTACION COMUNAL,5031015,PDA URBANISMO,NO,Principal,GRUPOS,4190027,"FBRICACION SUMINISTRO E INSTALACION MUEBLES COCINA, ESCALERAS Y CIELORASO EN MADERA",Anticipo 30% Saldo en actas de Obra,2016-11-02,RENE ALEJANDRO MELO JIMENEZ,01/11/2016,30/12/2016,1.0,1.0,278748.8966,52962.29035,331711.187,32167553.4813,38279388.6428,2,331711.187,331711.187,Abierto,C2,Fabricacion Suministro Instalacion,MADERFORMAS S A S,830126784,OLGA LUCIA PALACIOS CASAS,administracion@maderformas.net,CR 116 14 B 90,7447028,A,0,BOGOTÁ D.C.,1630.0,"Fabricación de partes y piezas de madera, de carpintería y ebanistería para la construcción.",Activo,,,,,,J,Entrepaño Melaminico Flotado,315.0,Carpinteria Madera,C,Subcontratos,Un,unidad,ACTIVO,NO,3.0,NO,NO,0.0,0.0,136697.0,19.0,162669.43,7553.0,18008,PDA CLUB HOUSE,Muebles Cocina,0.0,0.0,0,,Un,0,SI,SI,NO,NO,SI,NO,
419,PDA CLUB HOUSE,08 EDIFICACIONES Y DOTACION COMUN,ADPRO,En ejecucion,SI,SIN PROPIETARIO,419,PDA CLUB HOUSE,40.0,PDA EDIFICIOS Y DOTACION COMUNAL,5031015,PDA URBANISMO,NO,Principal,GRUPOS,4190027,"FBRICACION SUMINISTRO E INSTALACION MUEBLES COCINA, ESCALERAS Y CIELORASO EN MADERA",Anticipo 30% Saldo en actas de Obra,2016-11-02,RENE ALEJANDRO MELO JIMENEZ,01/11/2016,30/12/2016,1.0,1.0,247071.3966,46943.56535,294014.962,32167553.4813,38279388.6428,1,294014.962,294014.962,Abierto,C2,Fabricacion Suministro Instalacion,MADERFORMAS S A S,830126784,OLGA LUCIA PALACIOS CASAS,administracion@maderformas.net,CR 116 14 B 90,7447028,A,0,BOGOTÁ D.C.,1630.0,"Fabricación de partes y piezas de madera, de carpintería y ebanistería para la construcción.",Activo,,,,,,J,Entrepaño Melaminico Flotado,315.0,Carpinteria Madera,C,Subcontratos,Un,unidad,ACTIVO,NO,3.0,NO,NO,0.0,0.0,136697.0,19.0,162669.43,7553.0,18008,PDA CLUB HOUSE,Muebles Cocina,0.0,0.0,0,,Un,0,SI,SI,NO,NO,SI,NO,
174,PDA PRELIMINARES,05 OBRAS PRELIMINARES,ADPRO,En ejecucion,SI,SIN PROPIETARIO,174,PDA PRELIMINARES,25.0,PDA GENERALES NO ASIGNADOS,5032010,PDA GG NO ASIGNADOS,NO,Principal,GRUPOS,1740265,FABRICACION Y SUMINISTRO FORMALETA METALICA PARA ESCALERA IZQUIERDA Y DERECHA,Actas de Obra Quincenales,2016-05-02,RENE ALEJANDRO MELO JIMENEZ,02/05/2016,27/06/2016,2.0,2.0,5750000.0,920000.0,13340000.0,11500000.0,13340000.0,1,6670000.0,6670000.0,Abierto,C,Suministro,DFM DISEÑO FABRICACION Y MONTAJES SAS,900029001,CASALLAS ROJAS GUILLERMO,dfmeu@hotmail.com,CR 1  19  54,3118489760,A,0,MOSQUERA,2511.0,Fabricación de productos metálicos para uso estructural.,Activo,,,,,,J,Formaleta,328.0,Maquinaria Equipos,E,Equipos,Un,unidad,ACTIVO,NO,3.0,NO,NO,0.0,0.0,10000.0,0.0,10000.0,4008.0,11001,PRELIMINARES,Equipo Inicial,0.721,56838465.383,0,,Sg,0,SI,SI,NO,NO,SI,NO,
